simulation_id,mean_amplitude,std_amplitude,delta_power,theta_power,alpha_power,beta_power,gamma_power,entropy,line_length,mean_correlation,correlation_std,amplitude_ratio,frequency_change
1,11.580181063146695,4.2173816945739615,0.37277618019180847,0.23191935100838232,1.8908122250318202,1.0580293569088273,0.9914230059125271,0.6243057505774928,17.662102528163548,0.4964783258857276,0.2639956837083195,5.9311936989200404,1.1235142208340558
2,31.53172309728095,11.461750882759054,2.0177470049318575,1.3442718597785468,0.5908067068291247,2.389161778747254,2.8247031603167256,0.1363465924569207,40.4026626316681,0.7573325364407704,0.06985834911156338,7.275620819526429,0.9413615881051447
3,46.98267912566662,6.218981031297755,0.6533862567347731,0.8615985329767176,1.7759694136135866,1.0209450304757928,0.9893478355053111,0.722313719616513,56.24530277336444,0.34613876579326686,0.25412030254745094,5.9311936989200404,1.1235142208340558
4,30.692952618238472,7.8397886906001295,0.3226058290233674,0.7777168698686888,1.2550604204028097,0.8230135791910668,0.5215224485646243,0.5472311500790797,25.57683116640125,0.34214688720464054,0.11134828706482211,5.9311936989200404,1.1235142208340558
5,17.01327437719995,3.7120717629518847,0.7665402291428446,0.4691257453080135,1.5560908859224014,0.5588793706517062,0.29693575216768997,0.5920262875801271,21.702569710157608,0.5915450720326813,0.13327409206947757,5.9311936989200404,1.1235142208340558
6,47.16046027719466,14.975943580690087,0.15637431843450245,0.5139599856442242,1.0959302993145732,1.3672194153404384,0.7828290196924406,0.5911780785595179,59.4726741306619,0.4417406016705313,0.20284398910112808,5.9311936989200404,1.1235142208340558
7,48.83386267596318,17.328610592760427,0.6372153380121299,0.6184413011860959,1.1389715105911995,1.1920583909741216,1.0369617144172831,0.5913834800891472,42.72420762767028,0.583638798000201,0.27069067100702865,5.9311936989200404,1.1235142208340558
8,51.25267778861736,4.657189789790014,0.7015113340368409,0.19376163640460664,1.5204472819432,1.2366512603031072,0.9017457420791348,0.7663229086185714,38.885704739451626,0.540107137127113,0.12385957857813203,5.9311936989200404,1.1235142208340558
9,14.67507284224011,4.490005653937716,0.21511373068375544,0.3623901822244274,1.4569473657737961,1.3242218957771934,0.422846088449958,0.6414140859494312,22.770607976856727,0.3728189446424155,0.10542725424697971,5.9311936989200404,1.1235142208340558
10,25.762049343942977,3.1311565415669054,0.42838261717962695,0.3502141847454005,1.5006205787281575,0.8553756065853344,0.4424823652897501,0.6190982798800978,30.073730746164948,0.3770014271305144,0.130359187756496,5.9311936989200404,1.1235142208340558
11,57.110394782573294,23.049200769011463,0.7812863672992092,3.0040440489293436,0.5402135289559603,3.8314772991659862,7.208194015860468,0.36547876784944705,116.44929199071848,0.7900325437670556,0.11041880264895919,6.001586177945639,2.1164442850687246
12,46.86781766357512,6.772130653514657,0.5875940127577259,0.8201724809817524,1.1967860077982693,1.212061359318437,0.7431256330053876,0.5593162910811158,51.06715596033319,0.6212326110885547,0.17486530468618325,5.9311936989200404,1.1235142208340558
13,7.325392669369697,1.265292185290121,0.5000974263619697,0.4030902943267428,0.8998210394939117,1.5059694460286284,0.8604850741425308,0.9577144881430838,7.114102600918182,0.42458390515422634,0.2706376656136396,5.9311936989200404,1.1235142208340558
14,6.870667588688286,1.6196595114286751,0.5695604151997535,0.38072166369711385,0.8372742300639404,0.830774148154596,0.40934552530800383,0.7640475731514874,5.030712056274914,0.35487526011285614,0.11260095537182098,5.9311936989200404,1.1235142208340558
15,28.682943390388846,7.061775155029576,0.26090291381896485,0.6215251885494545,1.1197478803044787,1.4974996291725868,1.017223030195826,0.8546441153483536,20.367989911071444,0.3023751410068253,0.1434987229585825,5.9311936989200404,1.1235142208340558
16,58.172773023776195,31.031298103884303,1.192890536620572,3.1648545262074776,0.5516589058886041,1.9463153211595672,5.29205099807878,0.14815553306873117,134.85723477294079,0.92744588796092,0.19945586903641838,8.745913835229432,1.294947559632615
17,24.33252884776699,9.140025266678641,0.14320004563896963,0.36153104139133024,0.9218976664699206,1.1546122165000006,0.8948475412117973,0.7346919143851236,22.969904625265755,0.32569662170940217,0.21295003814499133,5.9311936989200404,1.1235142208340558
18,29.067720157763862,5.907293754397945,0.3359615039793208,0.2669441567559306,1.6537941456198688,1.3661687318617142,0.6791231522353912,0.781147721282067,16.834807776392363,0.4037290319717036,0.24086047506548267,5.9311936989200404,1.1235142208340558
19,11.09626374115128,1.1831507107953647,0.5333900807441031,0.47458183265201176,0.8549572857429926,0.9311968494558638,0.6091721791894348,0.5464556934570655,11.950099482718647,0.4646756317980441,0.12667109779335017,5.9311936989200404,1.1235142208340558
20,29.17202471659693,12.822981147019872,0.7350849051062333,0.7989057337780774,1.6468392907052574,1.555817488442624,0.9296700180402383,0.7838554583714765,40.90345286566003,0.36381028705544605,0.271790597497546,5.9311936989200404,1.1235142208340558
21,65.62673131079164,47.91521392962617,1.4041567775926815,2.1435181212774066,0.39051738744575415,2.1421929577251255,4.341085443484403,0.39093558037043813,122.13321333676745,0.7295092111041981,0.1023515604462131,4.127590785908219,0.3729465405511039
22,21.80983427136244,4.72606860265515,0.3879040940549144,0.779207517405381,1.9604677407503042,0.5402929063088052,0.9462968961637701,0.840946841371667,17.82858009685171,0.595055613844213,0.23945164366671093,5.9311936989200404,1.1235142208340558
23,52.8551501465063,45.10908167144075,1.8569192616431716,2.9641513688911902,0.5206335738360512,3.7523823339449907,6.0827995092775735,0.2070530012282647,92.54321929258553,0.8990553531439452,0.10678962589549362,2.1137042327639612,0.5949134975106783
24,61.65939431293561,10.17123579277936,0.5428052963390267,0.802928145021405,1.1223437433728405,1.0260392174290107,0.7728435830013991,0.7296252392520606,27.55391384988377,0.6295602846491422,0.15177198587978347,5.9311936989200404,1.1235142208340558
25,17.50809089144054,1.6369596159583235,0.728121522334345,0.6635742504429215,1.2946388079231357,0.979988981531819,0.6548529842800815,0.4951103129186518,16.18375347431269,0.4585342206145004,0.269238876806954,5.9311936989200404,1.1235142208340558
26,46.65922434285343,17.9274468603126,2.5329996156243997,1.5295453391079945,0.34932375221031664,2.510077829917747,2.818664251499923,0.2064515774012748,93.78440102469253,0.9168559805302318,0.1066470985167664,3.0834103205898518,1.1387110201302277
27,19.61548883750603,6.92821079152329,0.27422850276316335,0.24696911500787486,1.6112868952553874,0.6357129646312824,0.3312514876314338,0.6372819155527502,24.524530114146035,0.38159986210988034,0.1947396126506495,5.9311936989200404,1.1235142208340558
28,50.74587019472653,11.935663725303078,0.13234587049239013,1.0528813904948324,0.9546297397255245,0.9635134240836071,0.4450871207255354,0.8095221723682096,50.25934231837697,0.5214742919508882,0.21141512477023439,5.9311936989200404,1.1235142208340558
29,27.45165762469869,10.083667891351283,0.6295374130019665,0.5215293308144683,1.9231028583593053,1.3573580751657108,0.42295558236730657,0.7446089074863789,36.2905689233106,0.34391297430156614,0.1535692681795644,5.9311936989200404,1.1235142208340558
30,38.55275547858308,9.250172018401718,0.17694670329659642,0.300249259007284,1.344299906666628,0.5084963787404156,0.44844074381515847,0.5976443378488309,29.68148521124042,0.3010368828736853,0.2371954306293369,5.9311936989200404,1.1235142208340558
31,33.905990400387786,6.192702290554495,0.3406501222713697,0.7435477348601588,1.26661334323122,0.7844723312396196,0.5251881494474874,0.749665000091423,45.20232572868947,0.67929085724447,0.17147212999767905,5.9311936989200404,1.1235142208340558
32,23.709225507321023,4.911798985162423,0.4665447367014551,0.44593806415357284,1.7481373799670505,0.5343641814479169,0.5420730228007438,0.8521890700020641,20.45895087325666,0.4983900955057469,0.2859085183549121,5.9311936989200404,1.1235142208340558
33,42.8011287892702,15.280569891029565,0.5181304182217145,0.6816066721158086,1.160315753831925,1.0133992670521919,0.5721068399988372,0.5137621191012004,37.09508302400999,0.6957164672461968,0.1473680917249999,5.9311936989200404,1.1235142208340558
34,23.442959367176037,3.79025646095654,0.5152024015905099,0.6677621894031686,1.9396990448691918,1.1983242969677452,0.39276055203175475,0.928722825557454,36.55112923598817,0.45102943679732066,0.10024352602627916,5.9311936989200404,1.1235142208340558
35,11.031314501720892,2.29889316830948,0.21664462978792473,0.5958391706505991,1.3594804504851685,1.4382296058618749,0.31358020076213183,0.7496245561809525,12.047014594852882,0.4415449458995415,0.15249891869488988,5.9311936989200404,1.1235142208340558
36,37.55210008102304,6.616687663653022,0.38643149512714176,0.8380864915945212,1.8092894319391095,1.4088943499327797,0.7934444223742139,0.8586311078604048,49.08172689103267,0.45016661148614,0.12970905064930108,5.9311936989200404,1.1235142208340558
37,37.81601056809629,9.252819721645443,0.5381370927101186,0.40849592840465626,0.9361704955260726,1.1566650681020476,0.6254399059923612,0.7258152887024824,25.846552150970975,0.6074447018404645,0.20416679717388217,5.9311936989200404,1.1235142208340558
38,19.476330711212988,7.71320165746178,0.8370470248285942,0.5763886644764273,1.8676941603959816,0.735972638865755,0.5670316622202375,0.6348483882802156,12.614812665674663,0.5426673603629696,0.13506468836891591,5.9311936989200404,1.1235142208340558
39,73.84676856570621,27.4280401143088,1.8057255846743472,1.3020363745174126,0.32745114495134464,2.805985334042772,4.745560685360076,0.29783217604999634,136.5347447128498,0.7741307790122828,0.20482207071358835,4.480096657666551,0.8767748717369857
40,46.39656316743558,11.020936409734647,0.69738035069312,0.7513636635203065,1.105964198327768,1.3532838410474277,0.864596062955892,0.6849592820722198,46.34108166956393,0.31345363780742325,0.14421397718176554,5.9311936989200404,1.1235142208340558
41,24.463553208795684,17.99817255375633,2.3382003361377235,2.645184191301327,0.555703764250166,4.09572613589379,5.1901687615598435,0.08535663116333377,45.01610788694186,0.8679940174163454,0.08439009796041909,4.549083831297438,0.8357573541050224
42,58.106425252835486,19.30965540692442,0.5464671649630946,0.5293833388229453,1.1954027218277035,1.272400217936297,0.7843484298555474,0.5347179967073962,53.668066278678786,0.4531310275601202,0.2321784379115107,5.9311936989200404,1.1235142208340558
43,10.315415072784287,1.6726934021707915,0.24498371244734451,0.7037617785749213,1.9288488795201524,1.4778716502574816,0.9854629261371924,0.5526267133325952,7.890970195696526,0.39355310718322856,0.30956855831107816,5.9311936989200404,1.1235142208340558
44,14.801536785683892,2.9482584591598777,0.5591533718157152,0.30931162812656543,1.103316007364547,1.2373156449704137,0.7932868773382473,0.7644681360892364,16.496473346489775,0.48648442167774064,0.29238112945122713,5.9311936989200404,1.1235142208340558
45,15.094293759215446,4.268850788769772,0.5443778012169154,0.9526059574427891,1.4204616745015037,0.8923049975155962,0.6268962947987269,0.7570413486011298,8.061779894703843,0.5051792689777655,0.265988110501769,5.9311936989200404,1.1235142208340558
46,44.455051271158155,13.465134206758771,0.5496263668055035,0.5447138979045842,0.821183899105081,1.279055968302166,0.7113368678124818,0.7720331183313984,44.755414879656406,0.3515555366749158,0.28909204594579313,5.9311936989200404,1.1235142208340558
47,30.30956692467929,7.967885729456047,0.43863789213384846,0.7826430739633166,1.3472523076321066,0.5653051478671983,0.3877466024202721,0.5584969790884511,35.52491895989541,0.3807158698416365,0.1947894528521746,5.9311936989200404,1.1235142208340558
48,10.027175121032425,2.1664675924248806,0.42869313549581745,0.22275454610127218,1.4553550988406823,0.86848648794896,0.6639591238435798,0.7257613658274488,15.889845918072298,0.45135300025005093,0.25445868256664134,5.9311936989200404,1.1235142208340558
49,36.27360346248646,19.64268422534023,2.3435999066836644,3.1771385485973838,0.5323278044638361,3.891936115649194,6.385858572302666,0.43564783066722973,83.93103506637159,0.5730400351545096,0.12525368565755648,9.023987873681024,1.1867715648001393
50,23.414642930334054,6.235057504383927,0.43814895417348226,0.6496269689062789,1.5727292114406424,0.7168716201859273,0.6653849117617987,0.6535191091529536,20.362291444165585,0.4283968624264315,0.1001220698810057,5.9311936989200404,1.1235142208340558
51,9.437445799339002,1.4156092506991687,0.23950684517684143,0.8963778096392668,1.793779873523002,0.5242700193211521,0.8717441046242763,0.9144961160496059,9.02403627348172,0.34538929758944675,0.20115007709250565,5.9311936989200404,1.1235142208340558
52,77.48916417177676,33.90708432975178,2.0259505023312583,3.449462747063554,0.23373012426010178,2.9613768127107942,3.851410300234511,0.23493079946690917,135.5688598197168,0.909262349639213,0.1707260617007427,6.451822853551276,1.2108551343327412
53,44.23403867100475,7.415220721876509,0.2419312390218984,0.9099685500400194,0.8548823771497003,1.118748361559685,0.9611768542467752,0.5294188924882073,28.044017343176357,0.6870382265942687,0.23604299693322348,5.9311936989200404,1.1235142208340558
54,30.316180514383625,5.148848693094136,0.14932095355007463,0.5541505023508431,1.1585580693898792,1.357581024042225,0.680868332361855,0.8921334185114125,13.853424245387686,0.6121256121118483,0.19214128840140102,5.9311936989200404,1.1235142208340558
55,57.06869471032592,14.816065339024059,0.3913166861393174,0.5921548622700915,1.4160254037018438,1.4703134164706737,0.3421422949426877,0.6712175948373877,50.49975698022036,0.5275540380239443,0.2280465503430903,5.9311936989200404,1.1235142208340558
56,42.26126811432601,19.947391618615683,0.6416512360076597,2.3358134053294872,0.38318477622704206,3.037333051853736,4.654211040586734,0.44299189739878003,89.45236783372455,0.8517334439109633,0.20362824061306775,4.53212141900661,1.446366820827263
57,62.483212400792155,35.97473344692247,2.3317426548365927,2.281875950957342,0.30377167608511857,2.9543879224243916,6.345999661075704,0.26831930111279845,140.95487180242984,0.8903159504788368,0.083146943515717,5.525747609970067,0.8509570198621035
58,34.355212489717275,4.109201942211452,0.2938324795985587,0.3560975758908266,0.9922676517655544,1.521501471479123,0.34042008234362753,0.8023980314168522,53.70708199061524,0.3220339633355352,0.22094932230188302,5.9311936989200404,1.1235142208340558
59,33.04257919531103,4.246567657578511,0.5171637041134896,0.9533901588645832,1.0558631509505907,0.6720518125656467,0.8988967097298446,0.575777304197421,39.21500958454151,0.3257740322381325,0.2831144909201205,5.9311936989200404,1.1235142208340558
60,16.573771508058364,10.424240713404235,2.874927608384084,2.939455060570739,0.3986547839446771,3.0420329363292344,4.493287456274337,0.4429854730407164,26.51185214910966,0.7526441332726429,0.1572347498508684,2.5049130760093794,1.5847800862722832
61,53.6811914906759,9.063115887902887,0.7809025538642207,0.9947429353403139,1.8871853784657946,1.3422966446912328,0.8445479867620149,0.5291925474034276,33.078229761375034,0.5708221637217378,0.18374945388024105,5.9311936989200404,1.1235142208340558
62,26.378896813881987,3.2213650888602,0.7833348629389738,0.6329572302133097,1.8187558732426745,0.586379775825277,0.4975800925481323,0.569271184240344,29.259991445437638,0.6928729292941637,0.20104162820762822,5.9311936989200404,1.1235142208340558
63,14.152516673074947,3.3811090413029543,0.46051902014359886,0.7361196799162472,1.7156836633339385,1.4520000652595126,0.4348419319857368,0.5519010433773762,17.168651906415292,0.6563846937269442,0.16500502816496757,5.9311936989200404,1.1235142208340558
64,5.692212124087999,1.5943933758809417,0.3147462750418307,0.8527323382289499,1.2983310032300794,1.2909287306216342,0.8795454260662285,0.573261117570881,2.9632561974255034,0.4803501473408328,0.1843667047851647,5.9311936989200404,1.1235142208340558
65,32.65559089287823,9.467490342467451,0.628454346161537,0.30078615358758815,1.4628005572033131,0.5405011864489894,0.5320189676930499,0.5482298559514386,37.50949157376524,0.33845554366738917,0.23154257046365567,5.9311936989200404,1.1235142208340558
66,30.277083752809137,5.549354755254189,0.13504984087313052,0.6858498404744535,1.3441375048227522,0.5680407690067691,0.6718569406688293,0.7474569542932527,26.450574700382784,0.35356628162080256,0.2138445286970787,5.9311936989200404,1.1235142208340558
67,32.52868884439524,3.88781271641148,0.4255302478829128,0.21108288552082993,1.2470362720396448,0.5654237483790934,0.6933070945704126,0.5111462509488398,40.18328695194052,0.32900690000077687,0.2394758665634251,5.9311936989200404,1.1235142208340558
68,38.141977822908586,16.687251695826543,0.34472860371319825,0.5903918310084125,1.4792100895256084,0.8473187907366658,0.6833765128190966,0.7286827758109032,68.91628209902387,0.3612974327557606,0.18135258818019703,5.9311936989200404,1.1235142208340558
69,10.660096520357525,4.080089917831946,2.2589721899325914,1.4959810879953352,0.34072493926183417,3.3699469734718197,6.438974802081575,0.3587992991997391,20.027448483098777,0.8328327199375787,0.10979225260903448,9.180352856880852,1.1389613466283988
70,36.13808028253721,10.275461714921391,0.1064022265449225,0.32328676528632666,0.8950080612804185,0.962141495125022,0.739177826758074,0.8011625158204588,49.779687019579434,0.36354434351681636,0.20693804912079772,5.9311936989200404,1.1235142208340558
71,12.661351152601135,4.290043033620224,0.5097929892789843,0.5121777535367915,1.8745571988850425,0.691308641144769,0.5768461233347701,0.8743931885115092,11.094300632378086,0.33640136791264025,0.13692334783566204,5.9311936989200404,1.1235142208340558
72,38.284526577924886,12.62294970694557,0.6065686009473403,0.49084375863922725,1.7712780288751053,1.331655973158924,0.8814266902610408,0.5870280297076987,45.12649300247099,0.5049037586309278,0.14712330595823303,5.9311936989200404,1.1235142208340558
73,34.02337659778249,7.841031121686863,0.4494686846600926,0.6569890483484891,1.3611485546798108,0.8899310973669157,0.4310048531934517,0.6892620850564085,49.037483001011324,0.4439106708408326,0.10439977947615738,5.9311936989200404,1.1235142208340558
74,24.783286156688085,5.66557027747213,0.1578697373007123,0.25545770271254525,1.2889877843178825,0.5639202783792083,0.6666703464365606,0.5199249216623599,22.975310384958888,0.49047047094152413,0.11573777366512575,5.9311936989200404,1.1235142208340558
75,41.37509978064847,10.216388963503807,0.7824260409847067,0.6075836389569859,1.2511741454764151,0.8454134074988909,0.8897179286484673,0.9087595642127809,40.83401525415688,0.5034121141839376,0.14666970635509669,5.9311936989200404,1.1235142208340558
76,30.983026533869772,20.375007373483704,1.912058943109828,1.1192948849942168,0.27183894196114705,2.5096485471778465,5.880262114742376,0.33645937610218685,44.13984205331531,0.8606613749423498,0.11205640536275226,9.96068127930551,0.43955236891180216
77,44.77704536891455,16.393549334584172,1.2482911485750603,1.5827751771851726,0.5317157404087945,2.204267004037177,3.0545559640098814,0.36031377043665236,54.12580338802043,0.758179893172548,0.0781204451332037,9.850026959673121,1.2603046169805767
78,42.590379111443895,5.818153247274964,0.27382139339963907,0.7492236588979088,1.726553552453897,0.7467183237653875,0.7405256048541234,0.6202156438808323,36.05407938282385,0.3255693711127738,0.24100645819163188,5.9311936989200404,1.1235142208340558
79,18.742162938516408,3.7491889625219152,0.4539515095630372,0.6837244999381387,1.4767299116979133,0.6744867197749081,0.8248321162608548,0.5250931774945179,34.41616749105177,0.3487521861336381,0.10643433795593532,5.9311936989200404,1.1235142208340558
80,26.69965828318831,8.2998891017365,0.3888949957901181,0.7738592922920166,1.064657754534495,1.2723770829329897,0.9936559924234091,0.6596151002955803,28.85880619713917,0.6252558529456322,0.1871088319958233,5.9311936989200404,1.1235142208340558
81,46.74590579728419,11.857591173449347,2.2031482358365286,2.1938922104851994,0.25911886599107026,3.6186355280532316,5.451751716998048,0.14419689707487568,90.14299774311321,0.6836473772095045,0.14662266841158247,9.074110032262293,1.1699357601877356
82,62.35045360979167,21.192357545434263,0.929677003027068,2.7669633530073776,0.2653099204261548,2.651680349967657,4.3238468297824575,0.4018314657098881,91.01840471654262,0.7264004185305621,0.12066830432292702,3.53982335578261,1.9419000976352168
83,20.316056750815083,3.2082047659894783,0.6588153263634084,0.606781806369055,1.3517891421966381,0.9510595280103229,0.6335652952520533,0.6233994443918832,12.231133293985154,0.38954305505399694,0.1562395262763056,5.9311936989200404,1.1235142208340558
84,14.609514344580855,3.332719180623283,0.27150307749461594,0.5878457325485379,1.8219608863067294,1.1282652013319712,0.7488948246885881,0.5751101512412422,19.392637251152646,0.6306754170889708,0.2924922686248009,5.9311936989200404,1.1235142208340558
85,48.702733752911904,31.741926414611076,1.2192988160567675,1.7041301887752396,0.5059445294847973,2.031248403689411,3.0168893162756394,0.15224893346370988,122.01109280673646,0.8258445030547592,0.06893025528053721,2.4106333551540247,1.1856781282223114
86,42.388551048671616,12.860679722888163,0.46849134613101295,0.2225444260100713,0.9340305739448789,0.8583964481060861,0.33420196718294537,0.533389798909809,54.0192991864098,0.515803701554379,0.11213716355559487,5.9311936989200404,1.1235142208340558
87,9.986627100927487,2.1315170851360157,0.6110565462129988,0.719403474619916,1.3603217630548292,1.557154829428671,0.5226489746694427,0.8208543887950908,12.802194459655578,0.3333327396488981,0.311345706342939,5.9311936989200404,1.1235142208340558
88,13.270993547262265,1.6497995224639428,0.14892356178629693,0.6723756670721723,2.0387200261501373,1.1125174230654733,1.0380641599367424,0.5169617696875022,11.521491528911495,0.688328596040587,0.28493221469031516,5.9311936989200404,1.1235142208340558
89,13.101909127747119,2.8814288354061897,0.5183971250979797,0.46532677816005147,1.0567676147306013,0.9747179814615196,0.7526275493495322,0.7964692047545984,11.76383537404753,0.6038563889653866,0.17261442680406536,5.9311936989200404,1.1235142208340558
90,29.0695341650383,14.739874592630521,0.6857445355386841,1.0621471048878104,0.5732869466343944,2.4633398100765516,4.696072682720943,0.29841482475964576,83.67277383747597,0.5917025009591308,0.11628255443069586,6.3063993655896535,2.2055310976989446
91,33.31367483133268,25.320462285213207,2.207061483236719,2.076852326908475,0.5204584908065806,2.4807949737891177,4.231076813025172,0.4205291521901682,66.24111119765593,0.9358163078068401,0.17199972700143012,9.008247496600957,1.5201960971413224
92,38.45357045647833,14.754834227177593,0.13594488265993349,0.9694977600512026,0.9018135451756821,1.3381315232227486,0.5459716155508579,0.7802921374667963,45.38418322410383,0.6207637552875409,0.13538091655227166,5.9311936989200404,1.1235142208340558
93,34.35312715269542,7.386392253066705,0.6879527467841701,0.742384410695663,1.3565816529170733,0.5382121158554914,0.4332760508134076,0.6726707522422257,47.27000916447072,0.3288072704573876,0.143181487563737,5.9311936989200404,1.1235142208340558
94,33.27643418801782,11.570823834420622,0.18229303640062855,0.29572458247217903,1.6563825136091639,0.834703651645214,0.36936957707431517,0.6619979642937912,27.62106690218803,0.36527118951248333,0.19718165408123048,5.9311936989200404,1.1235142208340558
95,19.967403376620812,3.3079211042472374,0.1325783056143576,0.47790506369419034,1.4815436275116558,1.0137810203016435,0.8504670389705848,0.7890670385420929,28.62065610228095,0.550600064823114,0.25227545808880797,5.9311936989200404,1.1235142208340558
96,37.566855301016524,12.91509603620339,0.38752169988411234,0.6508449709786746,1.8057459487479322,0.826102156614098,1.1150336025781789,0.677659797557697,60.14679349177953,0.38101509811458384,0.0985203578687525,5.9311936989200404,1.1235142208340558
97,23.962299188189075,10.897256756832041,0.679565514503377,0.8879744084173955,1.183712003324049,1.201276777018742,0.4103833644040533,0.6568996522280931,32.179672632838745,0.5867280113948694,0.26582060190882356,5.9311936989200404,1.1235142208340558
98,43.125692629885194,6.647812808822269,0.2799158580331568,0.2353545011283119,0.9587176666492258,1.4214719514127754,0.3408054718630715,0.7112434033400229,35.86257915045902,0.5012167454337255,0.10627688938537742,5.9311936989200404,1.1235142208340558
99,38.976809471087385,3.4247823807136184,0.41811961776093565,0.3629081748979494,1.9618927134937079,1.1809294976060354,0.5113700580427536,0.7704196831643993,28.436728598007548,0.31735382009822954,0.1919457959333102,5.9311936989200404,1.1235142208340558
100,11.014338845737324,2.330410452240231,0.1234836691475503,0.8895755993515292,1.2976926964272448,1.3661001324662843,0.6474688233150627,0.5184173294127337,5.536675885928271,0.5630567195710819,0.21387355912804917,5.9311936989200404,1.1235142208340558
101,28.523842469994594,4.658669520904383,0.4092897549519953,0.20352746073281539,1.5217172601636888,0.7418003397079039,0.459039003696863,0.6745224249643449,45.81669899324621,0.6443173583297048,0.2273768954019517,5.9311936989200404,1.1235142208340558
102,23.32938132124108,6.269832315566936,0.49535206181204466,0.3543655549488269,1.7518270076824607,1.3854422896547585,0.4712097808379277,0.49648193338014396,26.143626035365248,0.3546990030615413,0.10875412356876857,5.9311936989200404,1.1235142208340558
103,41.752691050476976,13.31928103826675,0.5392903547437375,0.9961919979811066,1.2389516542479861,1.3106093103660017,0.4443789202929799,0.5875809642847115,40.95392191704818,0.5429105895182427,0.16664238456409006,5.9311936989200404,1.1235142208340558
104,12.56691791098487,7.268724812773537,1.168215324333734,3.3502618081222484,0.1751804375028496,2.8666677506102154,6.802215724405826,0.1886827694299713,19.895522237253317,0.5972674130107385,0.09868252853541745,3.162361945851457,1.3451515088520665
105,15.51945838696854,2.3330936398831614,0.30589329692941664,0.46467691391038035,1.0036491932485165,1.4616642078394344,0.846750282444,0.8730043812379096,7.125413901053184,0.4609069918313138,0.10534904876796976,5.9311936989200404,1.1235142208340558
106,36.804322598901564,11.320242599639931,0.17810696857707092,0.27116122673080745,1.1384237104418913,0.6095779090571567,0.7685290272198294,0.8786275171157204,50.01238131577485,0.4249731207156021,0.12592383961070472,5.9311936989200404,1.1235142208340558
107,22.008260188811292,16.109954439474077,2.5902018577953325,2.4526955679122353,0.24040132508654738,2.669658597887418,6.2097723820278246,0.283099152389892,50.371281539804556,0.6449189536301767,0.1755606437381786,2.086935427330676,1.1366804361530947
108,79.11921507964709,49.490702008254594,0.6759991930643958,1.0326175323030908,0.44649008978150145,2.4595286591304863,3.261217896810142,0.21019956150475538,127.59253427828158,0.7111995771948854,0.183666556027384,8.961061614267921,1.1550132892872897
109,19.242179028916684,5.166248094529773,0.6800990628429715,0.8132859099963334,1.117732826629203,0.7351344111033493,0.9185314429735302,0.7463321502069329,23.20349426516842,0.6919923590103559,0.12420947493829727,5.9311936989200404,1.1235142208340558
110,38.24313271587796,39.21536330716872,1.8232428470789246,3.4986111574555765,0.45904386611822623,2.3613062736411314,3.7272424380627975,0.11529020569629465,92.70322048962966,0.6295151456382736,0.1141181018748026,2.8126025889644524,2.029713038531001
111,40.00881178709334,9.275991660543607,0.7397795686019857,0.7876594132891406,1.8330059019152916,1.2199019666739481,0.42756178550372015,0.8101505407469367,46.37811987033096,0.4750073676201265,0.2636489135987456,5.9311936989200404,1.1235142208340558
112,24.992269255068926,5.013462203396989,0.7110475197486288,0.9270594670145373,1.4669326709100752,0.7524970849904837,0.6432602348790447,0.821496002356626,33.66663534492735,0.44566960385260196,0.09070165860776644,5.9311936989200404,1.1235142208340558
113,16.551669351983755,5.911433684490159,0.5102473708819699,0.5124865700140775,1.4496020190224168,0.5303588920796994,0.3501577090567162,0.8405252065435854,15.77964636917158,0.49549746283598195,0.23434378133104763,5.9311936989200404,1.1235142208340558
114,14.733877791001532,1.885241551952812,0.5969237682766596,0.3222915543667238,1.4534691406249092,0.8769091392686754,0.5770333969539385,0.5208965847357367,19.046162509303052,0.4517604142935915,0.11491538404850388,5.9311936989200404,1.1235142208340558
115,6.831323249518589,1.0403897514704554,0.2983955727955994,0.5930698797700834,1.056677386662422,1.0546710546717175,0.7260769614218805,0.5497238212474603,7.580009385417455,0.435269459976931,0.10239943482322583,5.9311936989200404,1.1235142208340558
116,19.766112602831637,7.177898349854917,0.49602865954046815,0.9152066625142702,1.3850480284326843,1.4744432430895698,0.631755455980006,0.816971511233288,16.45462344019576,0.48601585171058687,0.13540436288230376,5.9311936989200404,1.1235142208340558
117,29.144806226864528,11.007218715765172,0.43198377716702646,0.8226074321966125,1.492617752786997,1.392214672032643,0.580429040986044,0.7414458926568083,19.2791905621218,0.40848704956447307,0.1855790000972839,5.9311936989200404,1.1235142208340558
118,56.937259647960495,5.45083002205496,0.4082186266348844,0.246333900780849,2.0635367544402206,0.9824039021366874,0.7133289250361586,1.0081150428020644,38.84850359525304,0.4048557375754176,0.25468621538389846,5.9311936989200404,1.1235142208340558
119,37.06445987512165,7.983447128993914,0.6369220013919751,0.7239604892444551,1.8983636938225932,1.2299185131051278,1.0289201444714522,0.539920974960477,46.73113392379886,0.4864181107631114,0.15838689720531093,5.9311936989200404,1.1235142208340558
120,33.19850652384768,6.814304295995204,0.29058570738972894,0.711922979876635,1.7817429149890696,0.9255490099128262,0.4289056027556159,0.6987504440241408,32.22291054896252,0.6311381692323959,0.21943324076998033,5.9311936989200404,1.1235142208340558
121,47.79039699663654,7.33910562402193,0.3613603214468832,0.9587706077915377,1.954319018794121,1.2920679958918182,0.765977015854037,0.6778593345439482,28.652806818820697,0.3411299091293743,0.19236658827037037,5.9311936989200404,1.1235142208340558
122,61.46369346205765,28.521434677028523,1.7340209138556193,1.409343115461757,0.4836981774529125,2.2578759095927623,4.3150422247417755,0.20527399603194027,119.05783031643679,0.9177052395532108,0.18948867676545392,5.404818418194472,1.8502829741983766
123,22.486234392134698,17.95877113119553,2.1411533914153464,1.1123628314237444,0.211174119696305,3.8908082024815602,5.205009028924854,0.31263746910242013,45.40489415915386,0.83171352238064,0.19330029323515963,7.2745617948006105,0.4498129897715809
124,56.4714527083899,32.67360817076747,2.7694353192694066,3.3965439306704757,0.4289207833048133,3.6233351821497264,6.534278688596854,0.19340233110424646,128.9947651103758,0.8389152533649409,0.13760303635554516,4.005936998394262,1.687799169144714
125,35.795041253357866,11.858513495229117,0.7514350100527823,0.547514315792054,1.3523206794489324,0.5042831983797358,0.39329355920007886,0.5484018689445341,34.48374997225213,0.5849642202135309,0.2976270167338366,5.9311936989200404,1.1235142208340558
126,46.15712882193606,28.141062171361533,1.8733034021828667,2.8257264974751197,0.18143839419450547,3.510907523954171,5.716613548830775,0.3888235716121743,82.04233919387683,0.6894813568138094,0.07387891221892755,2.6999937091399775,0.5406275524414874
127,7.57073764089598,2.8472768588472555,0.4585880756691417,0.275520027449694,1.365931447487739,1.2486049789902731,0.42641973485979745,0.7876888947675774,7.018803679676331,0.6894891633027992,0.1574949333997217,5.9311936989200404,1.1235142208340558
128,22.647218974025368,3.0163822690345334,0.2732845489382188,0.4356897390206029,1.4906654903072931,0.9072308030661114,0.7123785296394557,0.6804770400926516,23.202610078273505,0.5272475569591315,0.2555222067141975,5.9311936989200404,1.1235142208340558
129,24.91741964763781,9.5691052551967,0.3085454641115703,0.45962801600531655,1.5973838606882762,0.9707534406704782,0.7703923114676813,0.873261579224982,23.649566233295957,0.7558147709297267,0.13710696286205398,5.9311936989200404,1.1235142208340558
130,40.76394943460661,15.404784155679257,0.7134114869961036,0.9560075329434411,2.099522991866587,1.390442867332098,0.42410400553193844,0.6030322077320397,58.85238328489362,0.4018234782456009,0.2563535385613555,5.9311936989200404,1.1235142208340558
131,29.689955242035143,9.68727302718983,0.563216835833297,0.4371874743469093,1.1268766694857943,1.3207405297879289,0.7631669416616936,0.5950599969160165,37.40070971358937,0.4206196774596901,0.29253660408921944,5.9311936989200404,1.1235142208340558
132,22.773174075983082,8.21856694700446,0.4643862408630963,0.5220333313757877,1.6325036563207358,0.8106868211745957,0.4449061951458654,0.8520207169794438,15.87702483433805,0.5462147193604702,0.09699765018285737,5.9311936989200404,1.1235142208340558
133,62.83008015165514,41.93721095684496,2.234126843619027,2.6081787469571154,0.5580989487213198,3.7137857808845762,4.123286272948132,0.2321526645451819,207.0138560129939,0.7549267694464341,0.1813301180964592,8.069374521906425,0.8192538117007078
134,9.09369722736748,2.4447551986620635,0.10258957479514505,0.32173903936196735,1.1270366424422105,1.126960297645939,0.6061099430938754,0.506963197519637,6.920935286556902,0.5978957041320175,0.2507612075988072,5.9311936989200404,1.1235142208340558
135,25.86841356136252,4.139655918919546,0.7429783414770489,0.6542397095932269,1.7227796537059876,1.1357971752602984,0.7877422126745838,0.8799496353976421,36.91971697724148,0.40599992320990697,0.23075260847501775,5.9311936989200404,1.1235142208340558
136,9.81001556920281,7.646792500728791,0.7187606620874867,1.2586644511833656,0.1907135932211317,1.8782635147621811,3.954087807662272,0.1998587016855651,19.042877677604473,0.8644818836774746,0.06221383259284761,6.906975399403664,0.7716341797339543
137,44.68016865973936,12.677128234246231,0.48445712281894976,0.9021749595202653,1.6911963895345887,0.8249275631653268,0.9510832804308643,0.48443252740689274,39.998039677488705,0.3703475109219729,0.2621270656374474,5.9311936989200404,1.1235142208340558
138,47.31420074651173,15.11227021670271,0.15012955794251287,0.7060798945114294,1.2188547832591057,1.3523214360848823,0.30510014305171046,0.6185210273164475,55.61742751958297,0.33461301087513207,0.21894769628892602,5.9311936989200404,1.1235142208340558
139,17.678126626063186,4.607887121648804,0.5945965643111228,0.7097983580803194,1.5327288401008512,1.0861213185465906,0.9723467313400709,0.602383799672324,22.034419674791724,0.7347521574997764,0.13492533768001075,5.9311936989200404,1.1235142208340558
140,45.044373252137184,5.168181655909066,0.7832516259247233,0.30790978695016274,1.6398526867252543,1.4436158878432066,0.34059545539182096,0.8485246420768896,54.85856352878685,0.6720069865107742,0.1033687012084681,5.9311936989200404,1.1235142208340558
141,20.425320028413086,3.8991068862301588,0.5002228997428544,0.9729837368542,1.2946570827554307,1.2595086446948367,1.0221503921083182,0.7818485290343619,21.259017016265222,0.7354042692964958,0.2580976317567409,5.9311936989200404,1.1235142208340558
142,43.682270313580986,17.17171111119156,0.18943580973382262,0.32171120662915653,1.1115982394244683,1.5419687860649967,0.5036214385075789,0.8863644384724039,70.64453325535248,0.6201049025640767,0.1114305630910829,5.9311936989200404,1.1235142208340558
143,43.4212290924859,10.912364304828408,0.510257677013324,0.8492672696560838,1.988439195282408,0.7813500090582023,0.5465258311281197,0.7584005485454608,40.82385824113385,0.5528412076514315,0.13628753953825637,5.9311936989200404,1.1235142208340558
144,46.46049530221731,10.679123595427228,0.5971945774884151,0.4157069192726367,1.5847053869855092,1.2632430647686095,0.36338214741415525,0.6583073330571226,46.44846976513224,0.5320888404670057,0.2105521438228096,5.9311936989200404,1.1235142208340558
145,5.408061990239431,1.034442639507575,0.3830817602988292,0.9081104160648069,1.6542380964550292,0.4840876637243971,0.3573778367048462,0.7199467788322849,7.419491698557349,0.359029594120405,0.20713393326775156,5.9311936989200404,1.1235142208340558
146,56.6956594244375,9.430631772535067,0.7245448477352681,0.7453279450056224,1.3225517994563565,1.0943023233112148,0.7542913535981964,0.9536657634525133,59.31399530681065,0.35378343355893016,0.23691687782958465,5.9311936989200404,1.1235142208340558
147,44.7490719829356,13.892819860193878,0.551628901716264,0.8695841742733632,1.1893302042652194,1.0066902404135416,0.9901926595198378,0.8338317429766566,45.75920488240309,0.44582152061166636,0.18694908989891496,5.9311936989200404,1.1235142208340558
148,28.657821114367803,12.986357570407588,1.3314160030101772,2.184606942094925,0.589622170934137,3.1515771404559088,2.839947226741102,0.20439788843500997,61.85703967862493,0.6964068552968959,0.08661530107436334,10.778290856720043,1.5493416947525636
149,45.6993838790675,15.545029944027341,0.5776438691143405,0.611997522395297,1.2689983516439447,1.3210303379744304,0.7997722529456304,0.8553074866122917,36.52419807014646,0.36518539417736073,0.2872384905799176,5.9311936989200404,1.1235142208340558
150,19.521241923448407,4.2751902693992445,0.18141058307938218,0.6658467285537357,1.5428297334184131,1.2747567452015112,0.835365653305325,0.5283258589745657,11.374186905565615,0.660328400931324,0.1678917364766036,5.9311936989200404,1.1235142208340558
151,52.350051115790954,12.3347069217962,0.31792665239853535,0.9054840668274091,1.467268671190745,0.5482150440443578,0.47001317680909227,0.8014261946659387,45.43159797980185,0.5100684607304027,0.23970661020606207,5.9311936989200404,1.1235142208340558
152,11.015603403444478,1.667565670813893,0.2451381683652813,0.2698088846047032,1.2248776041044223,1.0413821079913155,0.33447785845065864,0.8003384021885046,9.879793699282654,0.6721007873633505,0.2612333926502981,5.9311936989200404,1.1235142208340558
153,40.68986404716556,11.57928098768916,0.7194370549583988,0.9486329048253748,0.9662467301063183,0.8485528024776106,0.33116298038755326,0.9318639260468152,54.47871687457845,0.3336624182637997,0.2443084319072286,5.9311936989200404,1.1235142208340558
154,29.890455601200724,6.446390218825013,0.6400099485342611,0.9323421909392091,1.3273480029380031,0.9373389293814286,0.5729916789551425,0.5148134388344741,32.52961386743656,0.37610777647260274,0.23459991008033976,5.9311936989200404,1.1235142208340558
155,17.813721876185014,4.362289375478948,0.9333062959606825,1.293101381293436,0.6219257936237468,2.669189326083043,4.15589911031513,0.43910977887756664,20.656717347688353,0.7174452949957353,0.08865249866770464,4.832176398336955,1.7690215019898283
156,20.87765165489311,9.050740800530209,0.8230747947954598,1.2654458447454213,0.24204061473697322,3.1871094135756284,4.092993784479222,0.36231654774667,47.98514632313958,0.7188415136862631,0.08202618374177838,2.3902381632825156,0.65577295088598
157,4.819031343131373,2.082242192570107,0.22585072351629015,0.5558635823579378,1.7902582768178967,1.6147919206521884,0.41765889047011306,0.6363312992820239,7.930393816309451,0.410056096022107,0.20973112682265896,5.9311936989200404,1.1235142208340558
158,42.74451317820807,18.352842424777815,2.3659552304018496,2.5124823695857574,0.3379225000874166,2.3680147880867075,2.644798377949438,0.35509680659520476,54.42606541152146,0.6233301020644114,0.1399788878375769,8.327258214596785,0.3841864791375618
159,21.855160760085845,5.805671328272664,0.408314672754773,0.42568438968565125,1.4592653565289921,1.1607078550132743,0.9177079453959262,0.6200482585644869,21.020659346995835,0.3325086949114754,0.2806012656535325,5.9311936989200404,1.1235142208340558
160,26.136644048570687,6.3809453073530396,0.26735907164925143,0.6188617663575555,1.2573156634869238,1.1747027703246327,0.41161056782557154,0.6940490466455368,24.871634013574617,0.3861428916680959,0.10390342761409149,5.9311936989200404,1.1235142208340558
161,21.715568460470468,4.2410357064484385,0.5125707706586861,0.7832750608805185,1.7310435786121148,0.7606516925396257,0.6448352142674465,0.6769461877607094,18.694561414631227,0.5650890372303675,0.11443122171415623,5.9311936989200404,1.1235142208340558
162,16.266577681937367,1.9087349067116806,0.11930128289104028,0.47292203345810047,1.4398277436368758,0.7946483088612332,0.7051596804868938,0.7341385963157123,22.09786253903954,0.46338319634067554,0.11219232643679329,5.9311936989200404,1.1235142208340558
163,61.601566819621986,27.378374060384367,1.4789388845000933,1.5162188943049117,0.3987583616182801,2.4638398201906995,4.05858789767585,0.37439027371267014,114.8026929755034,0.8823845177653328,0.1385898447679883,6.564692460408909,0.7585722649845065
164,8.120601617016295,1.7787295940362733,0.4098450438770501,0.7877318616299289,1.2617607027863547,1.2395275057492923,0.38384429045347684,0.6861171558733073,9.745838899969863,0.35404784462763456,0.13141654767566632,5.9311936989200404,1.1235142208340558
165,40.81950063352377,5.052933190948844,0.20470526489135035,0.8311554565717645,1.863087756424322,0.8354634162631984,0.48985373330203225,0.6228437623617212,63.83507230392273,0.6172357439826889,0.23226312105347063,5.9311936989200404,1.1235142208340558
166,72.28378762144546,47.394258382269776,1.5843254995926246,1.974891109681789,0.3542646816484663,2.051512355302432,5.059233523410728,0.26723246132946493,143.89438664739055,0.7597967359225152,0.09401751795329465,3.7830547202033995,1.2820883810882029
167,38.767393188988336,13.714898219239599,0.2800673240470309,0.8448179770282606,1.8348354910592948,0.5238621196286847,0.6066436239823433,0.5255700314823986,39.63771750660999,0.31414254930574,0.1826035896378882,5.9311936989200404,1.1235142208340558
168,34.256674076884586,4.330094638269665,0.1881695251651602,0.5964105884097565,1.033819869228763,0.6931385848014395,0.4250340223387652,0.5214563928749172,45.2766034147117,0.43814348606891657,0.1429849104034668,5.9311936989200404,1.1235142208340558
169,37.51795048242156,14.56342665658271,0.254106146715154,0.4330488455286814,1.0666105341951944,0.9200953409667872,0.6693359732372877,0.751101716555109,58.053572763594616,0.30346614754784346,0.27649512618335204,5.9311936989200404,1.1235142208340558
170,21.156593931895397,9.387157151294764,0.8259308774079337,1.51917909403134,0.2717738305888589,3.0875187776357924,4.317558984802814,0.2108498287376297,45.921753395105426,0.6661111391622438,0.18227121992414394,8.40965886109882,0.899338268982378
171,13.190886492870542,8.132449932283462,0.8802673396559664,1.209742238413526,0.5389775406821927,2.4245938601074566,4.297218007027445,0.3877901466705662,18.491125681842593,0.7922591609947143,0.2044331206561396,3.369723324565168,0.8137602099037983
172,17.13253471456771,2.9961542562506382,0.49654935379761844,0.9194304848836987,1.7693745970281993,1.1468664914124627,0.6444820481647061,0.563620199442774,11.615214519648706,0.7015152213721509,0.19973724473176616,5.9311936989200404,1.1235142208340558
173,42.27705468704133,5.737243619473679,0.11783955649978757,0.4911148514845582,0.8598459253128726,1.545664631703573,0.5690270420391312,0.8582488950225687,19.46516321342883,0.3603133900245544,0.1355261960038874,5.9311936989200404,1.1235142208340558
174,5.795660525218612,0.9193463503026972,0.1289620956593161,0.8291724943439126,0.8965702210302495,1.1802362217237996,0.8499186366795997,0.6498015228634502,4.560677974782114,0.4976718002414595,0.1260667886785732,5.9311936989200404,1.1235142208340558
175,48.79041051196138,17.699165897932865,2.3412279227281982,2.0040991451170673,0.5248076004034326,2.199724538707981,4.842524637309225,0.46920093174621347,115.98792591609306,0.877438459828044,0.0988752665858164,3.7988789431759225,0.6009030599153042
176,52.7484598190592,7.597848931580656,0.6605613421741231,0.583903034730699,1.0237344028026782,1.0477151831525382,0.745177532077908,0.8119765511801722,60.16823477648652,0.4717120574558653,0.20915821053818665,5.9311936989200404,1.1235142208340558
177,52.07086553455435,13.769310588288267,0.7222595080756761,0.9743868633722809,1.0120928688703201,1.0657092465008406,0.8071692621036242,0.622630948161938,44.0096064026532,0.498157864011414,0.1136926330162368,5.9311936989200404,1.1235142208340558
178,43.02439907063755,26.40748187788523,2.465546967810798,1.522525984499304,0.45592358261854676,3.1119824419321107,5.37754550138695,0.3211883164352693,86.39513300104674,0.7331837852466438,0.05734556521294522,2.929433671720945,1.0788585024027062
179,8.421883721340656,2.6042658984426375,0.5053096914042828,0.39130307767654066,1.6070651718579525,1.1094721559071663,0.49876862942257355,0.7173232325327034,10.206644595880865,0.6011059366031193,0.17666546687191456,5.9311936989200404,1.1235142208340558
180,44.27196887847484,12.965746433306853,0.705730363903173,0.5906495530890765,0.7947001906148102,0.5087992246365591,0.6104835350592738,0.4924593426873346,50.17745359445415,0.5497597835849742,0.14717034256243613,5.9311936989200404,1.1235142208340558
181,36.94903182991075,4.162979127252718,0.37549511346988645,0.37720054780075296,1.3041795113094758,1.2639901332664052,0.3642363881864423,0.5404494959975189,44.87214980010372,0.6135802335821584,0.13653216899208284,5.9311936989200404,1.1235142208340558
182,11.711513616382728,5.566148295982481,2.1314889011411986,1.5749967233342546,0.2477631223086036,2.7267855303828687,6.305186174651108,0.19238981312186257,40.89147133160649,0.6179986828616225,0.1406606708258885,5.255390702348106,0.7668109835102742
183,9.675745046435516,1.7725206419968487,0.19501517089273535,0.7754892828110478,0.9136863048681944,1.27709079596551,0.39240567753003947,0.7784162813972193,8.994591397558493,0.6782375499772911,0.11625839940609407,5.9311936989200404,1.1235142208340558
184,57.26680700536508,7.961015547025769,0.7313009640538071,0.8441085049547261,1.6133232697480222,1.0557101249637415,0.4024098249341161,0.6940802438125667,36.28837805313548,0.6439740409896837,0.15066518750948787,5.9311936989200404,1.1235142208340558
185,29.036826386144337,8.594448387867939,0.6260931232656395,0.384708611595107,1.5577176781701436,1.1534906426415468,0.6701109337016994,0.5111401223755472,25.938689815559336,0.6103777157590691,0.15773593645025283,5.9311936989200404,1.1235142208340558
186,51.79029573816825,10.602647816405051,0.7790355786850295,0.9361193117375776,1.5558173840036271,1.4538025150819092,0.8923323476405446,0.8043395354194286,31.568344038652402,0.6223707898041757,0.13429096461339507,5.9311936989200404,1.1235142208340558
187,46.308270653323866,9.60137769530209,0.5518153495730738,0.6851310355877562,1.8323550635811925,0.6017395889340489,0.47504550595771494,0.6518881303807273,39.55040505512291,0.6458588116279629,0.20493016317138674,5.9311936989200404,1.1235142208340558
188,26.292651870851966,6.468638987167475,0.3331687126420637,0.46680030791843463,0.8762147969309517,1.2314249813062834,0.8883106388003844,0.7470478074478485,44.41424197147465,0.5383355537855542,0.10288678820897262,5.9311936989200404,1.1235142208340558
189,42.40793378003035,30.530711579108278,2.3720253032262275,1.5398096477452476,0.41024075749322336,2.5080787144633065,5.147898974656928,0.17298719172235483,97.73013019245693,0.6542858816329286,0.16777761835272528,5.554520472145691,1.4522238808871464
190,28.409158149789057,8.090820603246677,0.29564308622074453,0.6662835462253874,1.8647935494820946,1.1208847975756675,0.9976041742990969,0.6905187559860443,17.413550122844914,0.5554485415543463,0.31130298307550364,5.9311936989200404,1.1235142208340558
191,15.679470111896412,3.5034437326012604,0.34812181366024925,0.6357719406402625,1.955868887549328,1.1425931033019707,0.9604415959732343,0.9829791250948121,12.880598814819825,0.6315453315212318,0.17663321569552762,5.9311936989200404,1.1235142208340558
192,24.67610318727376,8.923963596047756,0.5967519595280312,0.6146047405496391,0.7885061540274783,0.6779154370230897,0.5315825061774097,0.4991341791193081,31.163207970505876,0.7537710542428714,0.17057688540697954,5.9311936989200404,1.1235142208340558
193,40.11896713666587,16.155387438687658,0.6691068727659918,0.6224038496088954,1.948549680865891,0.7195009039564687,0.34061595387225074,0.6519540718735457,33.131637302976564,0.5192997934186458,0.19566534795840052,5.9311936989200404,1.1235142208340558
194,49.23022925202191,25.04250168742626,2.11075264383179,3.4697818122342863,0.2559007080425232,3.929110580573003,4.520663307271075,0.40951815256712465,100.36609596568611,0.6607255000468336,0.1601120341179149,5.778947744105964,0.4615341227771407
195,37.35047218304057,9.991606831676206,0.250505732286214,0.809157474770704,1.5709814769909352,0.5544947351414046,0.6626185166339025,0.5972960052900901,32.731031056968476,0.5445343769230688,0.2532126997136477,5.9311936989200404,1.1235142208340558
196,27.844056378949947,5.931599101569659,0.6220618662950425,0.6037125332239447,0.9629804730668332,0.7662048553950426,0.9591669312979645,0.6819478721633915,21.18763436932737,0.7066639606506223,0.13509755181138258,5.9311936989200404,1.1235142208340558
197,40.21623202023062,12.838449810623308,0.5625298195578033,0.2866350199278327,1.733305433658912,1.3557985447359209,1.0119054776292973,0.8601337163980083,20.256806593938837,0.3481041505411586,0.2746352790746327,5.9311936989200404,1.1235142208340558
198,42.24737194885589,11.50533034546805,0.1412099159363099,0.8183528750656157,1.8233460106144659,0.7658356322274119,0.6318961358037912,0.9228377884426445,31.395515255895763,0.4044603784072945,0.251267283145958,5.9311936989200404,1.1235142208340558
199,33.61144537651736,4.012718408928861,0.3446037161461995,0.9331573820440423,1.5851769750332851,0.9989669184983424,0.5452472207371957,0.5737104854478938,19.532948820464263,0.5042405087761842,0.2410283477692077,5.9311936989200404,1.1235142208340558
200,32.0525372813259,7.155673308719717,0.26639958510603173,0.9245460937908062,1.5627816545943019,1.5070689500802985,0.4288074603015589,0.722307487735453,53.616747344717865,0.3774202459733018,0.11187440963287329,5.9311936989200404,1.1235142208340558
201,25.657956859946545,20.24787980235514,2.1865044671410403,2.413811677473939,0.2762489618355682,2.738240784313622,3.2344065743888493,0.28765594315481796,53.462633391751204,0.9786780192796042,0.061525749951622785,7.351325302246974,1.345832089266135
202,35.305422367493875,14.101662207369147,1.0205168930325417,1.983968240961551,0.30679898854878823,2.5592322323518437,5.636444997400381,0.38768156697713735,112.0146370871763,0.828159001926982,0.10659720082799998,8.711979638797587,0.8349388560651795
203,8.435712149773101,1.5811379347398105,0.5760526703617656,0.6622361336423149,1.4270014261822153,1.1630394441920797,0.7269838748164906,0.6793775945251146,8.857771240321158,0.662192936550427,0.27475812774524594,5.9311936989200404,1.1235142208340558
204,41.73194118030417,9.43269843060476,2.244151977095356,1.9788058036866982,0.44466055753337497,2.2762785639950622,4.784463426671092,0.47887849898354073,74.46769829007714,0.9303491378866154,0.07194533282376636,3.2421034837490166,1.279612361791397
205,25.679106034158725,7.786503411284562,0.7270936747916107,0.9201408104972897,1.9257361253767868,1.4831002328618281,0.6047188423118289,0.6302302014085601,16.319152072166347,0.49254273344388183,0.14746418114054125,5.9311936989200404,1.1235142208340558
206,40.36590824856138,12.538301736487004,0.36929555728141483,0.3054672526672298,0.938474552465767,1.5121219620372885,0.9355554137716047,0.6971228724633207,38.73214375548205,0.5881873889765115,0.12079820224894533,5.9311936989200404,1.1235142208340558
207,52.57546737398827,16.05755478136825,0.7227196066269508,0.3691203568541647,1.5301508395227832,1.244752954225813,0.7131895778254679,0.8242844353914743,45.78497298271819,0.7109486631292651,0.23685688948687483,5.9311936989200404,1.1235142208340558
208,31.718532481273257,10.306870072894014,0.3946336383323497,0.5098640470465141,1.5870759865176973,0.7141235654735296,0.9365925773490148,0.777242066911667,32.84868251347333,0.7300033140574161,0.2392841658741082,5.9311936989200404,1.1235142208340558
209,34.57294986972902,8.356560830373276,0.7303181072091158,0.49879442371510296,1.7810974201478078,0.459904955924939,0.41284788703125613,0.5628009957686539,48.732815584562495,0.47607086040474045,0.1337615485478294,5.9311936989200404,1.1235142208340558
210,30.837921252057885,7.9156094719135375,0.2535551587109076,0.8657907409696312,1.352161589390738,0.8367055419585739,0.8490979184542887,0.52137699405248,35.330014273861494,0.6847949713645213,0.09977621008444137,5.9311936989200404,1.1235142208340558
211,33.00502647524565,4.490762005465817,0.6993652012745205,0.522798640930137,1.8333128853021432,0.6806335807131546,0.7772456057376994,0.871958701055506,41.36922486033403,0.32358389137691307,0.17435162979038188,5.9311936989200404,1.1235142208340558
212,8.156305421576006,2.291533726480076,0.2402391068606791,0.3442249719451576,1.9859607553455785,1.1737821051911654,0.4183015175632994,0.7637406884651353,4.852303862728125,0.6131765247890273,0.22228758953566002,5.9311936989200404,1.1235142208340558
213,15.654296554036419,2.4205141302505537,0.33761544333838617,0.426681335541161,0.8687583720091955,1.1842131878599067,0.43200405587033036,0.8599301038252494,15.442552222422297,0.5052045866448381,0.24481087879695845,5.9311936989200404,1.1235142208340558
214,27.44661007227746,25.672427839074768,1.236939030396119,1.8933889428084154,0.44451123032742623,3.1269999970700244,6.326845532774541,0.42568900694400336,56.21428342344319,0.8178277403454741,0.09689862446991572,2.380949955983508,0.955616055048742
215,26.022777230074457,4.3173224285578575,0.3622709299557147,0.3344282154181387,0.8666547503186274,1.4195084496401722,0.322951124148315,0.6739763465119385,30.764699583276332,0.5325775824747081,0.22077670843717753,5.9311936989200404,1.1235142208340558
216,5.8968430793981845,1.0011151393926276,0.5897770170019988,0.6492775387180932,1.228783919149534,0.6731058852801871,0.597240036404819,0.6902054814479367,6.245915662585906,0.3692133474121111,0.11262740890854864,5.9311936989200404,1.1235142208340558
217,10.162195899509932,1.8173213988090884,0.4139144787108266,0.6702581594851519,1.4681312629963836,0.9486636415933112,0.4885833893655273,0.8785602613775322,6.679812513987912,0.6608705624565564,0.23811579329201754,5.9311936989200404,1.1235142208340558
218,18.297944554938304,1.7289968170286942,0.5587075764257069,0.839876045514327,1.91101840495677,1.1875764767317276,0.7178392244004466,0.5375193096023387,23.400445838782854,0.44643976781409517,0.2918463524804305,5.9311936989200404,1.1235142208340558
219,82.7340120709352,49.548231154442725,2.2060147695399523,2.045082913464402,0.2933373989731499,2.9489285469112074,2.909236638526413,0.18515492216979532,195.09601924612744,0.6221567752610292,0.1853004145680733,2.1784911053303686,1.2859103235113225
220,18.110462056148076,6.673195830922811,0.13765388368462134,1.0177610150986847,0.9089852746808078,0.9864812320005727,0.5639252880662898,0.6533502369518358,16.52763359094948,0.3614292508318995,0.2823875875231524,5.9311936989200404,1.1235142208340558
221,29.970196339943872,6.268983902908128,0.31690161170369086,0.9683908148041659,0.9734278235959083,0.5260613188250174,0.6122893549880888,0.8068385644136143,13.400512782781014,0.3963753081894898,0.15278810718853572,5.9311936989200404,1.1235142208340558
222,23.43491367413049,10.989811935830106,1.8915206455831064,2.82146524561666,0.23906569771164213,3.957495887138347,3.459182414542006,0.445238085855387,39.44352957727837,0.8510217006308958,0.170680355806821,2.8855344425339,2.334484490539148
223,33.68833202255119,3.7172382125567687,0.20941813064167775,0.2666316535694173,1.3817809014501206,1.1285171636452915,0.8390459976061028,0.860807171340118,49.323393531434114,0.6284025719053384,0.278837114232774,5.9311936989200404,1.1235142208340558
224,20.57292456235751,1.9540309278064456,0.3222857295967698,0.41436795328832365,1.123241277600942,1.351145250462081,0.9605897825151509,0.8656533885195566,17.66113188656389,0.6670083784022848,0.2460265623383521,5.9311936989200404,1.1235142208340558
225,14.545568785242013,2.204561832955865,0.34953218786880774,0.8920029835758851,1.7485514596936476,0.9071077753060703,0.608562219037365,0.47163337811034706,22.28207721623234,0.4410062529224068,0.16406193494102778,5.9311936989200404,1.1235142208340558
226,38.263929533975215,23.662161013014405,2.3777927228095916,2.72273325707957,0.36789837392181085,3.476087446685909,5.2034515768787974,0.25025339899764354,130.59403657526556,0.7463835987974522,0.12016010798797079,7.245202585504172,1.7572892562383051
227,5.1429154812766535,0.8850668040440718,0.5227201502713871,0.8523274995628555,1.3175026652463553,1.0902966986900946,0.6120827326081067,0.5840800916342418,5.506350226325642,0.5063093766761975,0.19470066328183638,5.9311936989200404,1.1235142208340558
228,5.2905991458863575,1.0571259475041521,0.6993833397188935,0.2929042389511822,1.892670826054428,1.5180060248872518,0.8245830210476827,0.6730526330310942,7.097955893938404,0.48387978474875276,0.1349242999473643,5.9311936989200404,1.1235142208340558
229,16.386994088414102,1.904069448645474,0.19140154353311914,0.9672732314933378,1.2680367265832182,0.7959622633068927,0.3786432153502676,0.8773708142015558,14.642620084379223,0.36815750036168904,0.12241032790157909,5.9311936989200404,1.1235142208340558
230,6.296235214484482,1.035117577255663,0.4853847640934235,0.5397894606995829,1.6097716932608126,1.0296136448743805,0.47431636858559956,0.9039834700515408,3.984679198330653,0.6536192685153045,0.22984881496683265,5.9311936989200404,1.1235142208340558
231,11.432342053638715,2.7023273098533767,0.5758218792815163,0.215593621152846,1.2966474037829414,1.3414691358985826,0.33723228020969664,0.5645600620073585,11.867264883016706,0.45603682338752205,0.17617069715906947,5.9311936989200404,1.1235142208340558
232,18.36357122922708,6.681905475760022,0.395712302972136,0.5409080856981279,0.9920863371700727,1.0688340967226377,0.6437527727555935,0.7727468883049463,23.942041180294687,0.37876325472639477,0.12786378967983972,5.9311936989200404,1.1235142208340558
233,34.125440614127854,6.8797038142365485,0.6022314221219601,0.2498348832717194,2.0755586449801076,0.5778803209395063,0.8869197327022169,0.9125845611306127,49.248148153651016,0.46334774670058665,0.24971504522255347,5.9311936989200404,1.1235142208340558
234,48.08307390330137,34.24281638388644,2.561645516658059,1.3118780314681033,0.47625548503556875,2.7546959789710046,3.2894456516002646,0.43776977389789423,70.19028688856265,0.6204338531700806,0.16453229638472647,7.6475658838951945,1.4961391554672945
235,34.83910336910914,26.02038708688652,0.7351956009875457,1.9121687170538326,0.2029777665187787,4.025990597689108,4.787163106602503,0.4518905825222206,95.65546165000417,0.6315915388209081,0.08858320638494468,8.933314359260104,1.2031523078694197
236,16.171576177461368,3.16841020844307,0.10729754457672934,0.587965745398363,1.3165979221237247,1.012620609883394,0.8867634966366429,0.6787674780552666,21.472285839868793,0.48044466817598463,0.1490575140693999,5.9311936989200404,1.1235142208340558
237,63.41522944815321,55.04099576381714,0.9453664183878492,2.4742340548730226,0.4368024614164455,3.858084063752455,6.1197080968469235,0.3786933178227819,116.78192483004104,0.6746703200595927,0.07106499258939737,3.9308219484409284,1.4142423717981667
238,24.76452200366922,8.363926654973948,0.5552055194606552,0.8724914208680655,0.9691108035016788,1.4711242997786014,0.7470222767635619,0.7429666371308465,20.56305593381488,0.32840064867524116,0.09753663590580085,5.9311936989200404,1.1235142208340558
239,11.935273788830084,2.480180356325755,0.14200272393798666,0.7554830494513488,1.3538353563619234,0.9064516576612879,0.9766028913227447,0.6513301277707677,12.398461501551749,0.6585821271304003,0.16513238660601992,5.9311936989200404,1.1235142208340558
240,29.345827221940244,9.27758493750715,0.3832465798910088,0.5355461929318263,1.5833903050470437,0.8004468475829372,1.0342729546435758,0.5335836694718441,47.70350870615883,0.6947737918987861,0.18691878418365507,5.9311936989200404,1.1235142208340558
241,17.64657471040247,10.750455128938421,2.102523644257488,3.029439408123938,0.46415635817992923,3.354876828524983,3.359741878479928,0.36482583368060656,31.376635296178975,0.8015075368336171,0.08699788035273727,4.037350697489187,1.4499104867785377
242,36.67988079145277,8.927332832601747,1.6586524710233148,1.3389539929197425,0.43768138826126207,2.781378638042944,2.852949818393589,0.40128948979023754,73.92198809427447,0.7544188003331732,0.17434596501286379,5.5416403202284785,0.6768067677648664
243,31.366418148752587,7.485976759326238,0.44650511137381094,0.2759131219970157,1.7133127406752655,0.6996057622332941,0.3913060057218742,0.6933194325651366,23.406968893779617,0.5166700825980156,0.10450855011225933,5.9311936989200404,1.1235142208340558
244,67.67896289076693,54.65849185267216,1.4135404142280836,2.7201714613354775,0.3453774225923414,2.5416326724641225,5.702684275780452,0.23918222671605674,98.99982635802077,0.6708807603721769,0.1720700965588156,2.45997457832955,1.9502150716010034
245,28.22023824120231,8.941792485350572,0.6018412980381034,0.4301172251205713,1.348988514490128,0.6396512166157554,0.8507877472218248,0.5533370347713751,26.083321032004235,0.6803175582423674,0.21963054877692725,5.9311936989200404,1.1235142208340558
246,68.14949277685622,31.03651466356811,2.3546680249017973,2.2556340364406675,0.48541483153959963,3.8303131590685298,3.035407749190011,0.12092179437245401,96.96199732505663,0.7530967548065678,0.09919517756337004,6.873759355187684,0.8539096925189312
247,67.21161216097026,22.343068749909378,1.2243005638868498,1.3738253943013525,0.26140770004715314,2.5042913492303276,2.9104615503081077,0.09740376976041874,140.98438117594128,0.5843451845934287,0.13682735235813395,9.262118773011835,0.6892739294230028
248,8.662230822028954,2.483992717638075,0.7332755576642915,0.857952648905047,1.226066585507643,0.9300606962945899,0.4214415781920431,0.6048925693106649,14.826300845222217,0.317430594322773,0.1379484383291939,5.9311936989200404,1.1235142208340558
249,30.870286865026756,15.213713760245279,1.6806183493541749,2.501839706280352,0.6174896359962564,3.4482298643380602,3.2767618823011513,0.2809465863088907,56.14216564945207,0.613709028919783,0.17666511577095453,4.617200550013644,0.7784268230771227
250,24.307345257563618,6.340437859405229,0.43757118630045433,0.8213788878890562,1.066956795176033,1.2650794153147373,0.5462145647242689,0.6249658164886951,35.22304618265898,0.5289714427975057,0.13555554920294016,5.9311936989200404,1.1235142208340558
251,26.82208784553414,6.213342915629466,0.37420442657231767,0.8981741257646757,0.8210463257769609,0.9708470325446897,0.8248128847902005,0.5279242483903945,15.789303798865365,0.6556744207404949,0.2880966076398869,5.9311936989200404,1.1235142208340558
252,23.526434312706797,3.144987741957938,0.80948437351187,0.9461697023964855,1.526124797485862,1.171159579626241,0.5922526695847798,0.7285588537289112,25.50745738930527,0.42813596163733086,0.10189970173429601,5.9311936989200404,1.1235142208340558
253,38.903580116193794,11.817025091262158,0.590647031617572,0.4231995992316024,1.1258500410065002,1.4632274898927131,0.5597595690903683,0.5707301588332018,38.43114585099429,0.46013192387261775,0.12283728374482525,5.9311936989200404,1.1235142208340558
254,47.69350054133968,41.01667837299408,1.6170610992906465,1.0075349146746229,0.4149694103284966,2.926974658243691,4.752665638360418,0.3988266478570379,94.36123621902495,0.7314833394241899,0.10274128756693625,8.626794386684407,0.8404897077939038
255,35.756884437271765,6.816106917375228,0.7321973038892942,0.4502341995844991,1.7813211057226885,0.7423997505346215,0.4621801900408528,0.8158542428976447,36.7941961887805,0.33643538765487235,0.16511941976099823,5.9311936989200404,1.1235142208340558
256,19.140446855808797,2.7765206013913963,0.43985163444639624,0.67638483276462,1.1622907995914222,1.3649284004169642,0.46832723840685586,0.9028418682585657,22.970945041524615,0.4397627531364236,0.11273346110602266,5.9311936989200404,1.1235142208340558
257,79.0909835376212,35.75841337449987,2.0811520838597546,2.090024938887261,0.31053776018503604,2.5859665276018617,3.241150969476314,0.22322496965042768,138.2763529575389,0.699423807523473,0.0585092066117314,6.091689883911697,1.2582058311432238
258,84.77713197342284,35.39772899890348,1.446668502758626,2.312588039260716,0.7026912812503563,2.693803926277968,4.810585973803721,0.5036092348346256,96.70744353618578,0.6820713778373683,0.1852410520380795,2.980891671235912,0.708392104193977
259,35.35224269821096,8.89279553336334,0.3818780504981686,0.7573441663216528,1.8461514774514687,1.3802812250390464,0.33477106212363916,0.836357491446398,51.97811660771219,0.34952319346879157,0.1901171572953081,5.9311936989200404,1.1235142208340558
260,6.830434592342472,3.9709095493726343,1.627808554912369,1.6676878877912629,0.4705016847423757,2.3388806699675264,6.633529454740201,0.09709921675431804,18.88742725681212,0.6881329036252369,0.12017240143259385,7.173822191572352,0.4414209485771281
261,30.557445445258605,5.13841896795915,0.24328170143360503,0.40749393671558143,1.3000111542573738,0.7929426558573196,0.8318214029715142,0.7546153029075754,43.729150927990524,0.4877516728945899,0.13073173163227858,5.9311936989200404,1.1235142208340558
262,12.148487673031148,6.084315798708579,2.0137408146956166,2.6682726878058367,0.2638827646205687,2.7845890955820165,4.0363182417992745,0.47499970705527006,23.861987986136604,0.6898211349044995,0.18184123408066666,4.382273085906094,0.4553213245217495
263,16.070561218475284,3.8301817412887407,0.45380640432591574,0.6616375836641288,1.5706964408856434,1.0833642566321098,0.7181582878773684,0.7293363486705203,20.16708298513153,0.3775836458160948,0.2678691771808814,5.9311936989200404,1.1235142208340558
264,7.8199127013199305,0.8266441265730827,0.13164164974262443,0.2121934202273207,1.4480074412681743,1.0024397163304504,0.8449394591967138,0.6992793690719391,7.010825744384178,0.3603527537342243,0.2848155280615567,5.9311936989200404,1.1235142208340558
265,25.88698442469751,11.373586873635558,0.7828063992863377,0.8661019514969812,1.7700794685079315,1.3128830145264732,0.7013851810226677,0.8021853538883328,46.53749188489265,0.6623592655837156,0.18194350658876204,5.9311936989200404,1.1235142208340558
266,29.664806616845038,3.9626223994142045,0.48346624918872527,0.2653630904114953,0.8255304717683741,1.5110192195516166,0.9649930096015364,0.6189255102567869,24.098544242020857,0.636543294229106,0.25120037249766597,5.9311936989200404,1.1235142208340558
267,9.947581346568834,2.4475572242692314,0.2792693797766901,0.35152864399756534,1.1613836288320003,1.197287289179869,0.3084224194668108,0.5463539520071204,7.90038067016769,0.3437004876380615,0.11402072885295284,5.9311936989200404,1.1235142208340558
268,21.721112616026012,5.636009596294763,0.41418187715129673,0.50077642670031,1.2332283719511872,0.681392469507847,0.7161685611559414,0.750865218176211,22.777366973591704,0.6845394431745485,0.22762923192921466,5.9311936989200404,1.1235142208340558
269,27.139221040991647,7.681321574193529,0.6988026393009911,0.5643724924991047,0.9700687030772756,1.445208008035341,0.999080800989373,0.5769693313584447,21.415447124328487,0.5373527783704363,0.304585227569654,5.9311936989200404,1.1235142208340558
270,28.364035911218284,18.666633518367203,2.4405228109582886,2.288137021535603,0.4731760714048366,3.2850007882382672,3.000869489561197,0.18684963917005268,53.41408802045945,0.7807631119756585,0.10330485812150704,2.6372571304553736,1.3437442993573787
271,10.804880772226976,1.8846983981728553,0.23589964343458558,0.49372170068775106,1.1557699198742453,0.6326537509239111,0.4197807346963499,0.5203067516522658,9.97166040861164,0.4988159649118247,0.18867029396152174,5.9311936989200404,1.1235142208340558
272,25.486748377378202,2.3881487013744334,0.19644368560359712,0.9721473330293037,1.4354386616877002,0.6440329626506072,0.5070888739839854,0.7338012199291858,32.09050077322481,0.6173882775548372,0.13910022906804276,5.9311936989200404,1.1235142208340558
273,47.98781554562741,11.841390473404429,0.2968277075140556,0.6558065073644829,1.583237688666016,0.9338215818841216,0.41348994345193335,0.5486057549125669,38.138189495066555,0.3183056509066202,0.21977052470292838,5.9311936989200404,1.1235142208340558
274,6.71058380998818,2.092508040733808,0.6566151584175476,0.2075229967422243,1.2219377816859154,0.6313156196909085,0.7065280663616715,0.8110769650976106,7.157913079849434,0.43326497617396836,0.22867728556760553,5.9311936989200404,1.1235142208340558
275,13.75433162211905,9.568951977291263,1.6617669099877241,2.182771497090889,0.4159495199333734,3.5467079475130223,3.4113916949747605,0.1762037728975043,27.76156968769031,0.8146189429983084,0.1735952004893543,6.766705767384529,1.3890485627963696
276,29.7405595532936,18.312884205543437,1.8477417385632027,2.7661749699079046,0.49471173686588643,3.23037964963146,4.479484349792649,0.16469470214636941,59.14870556176186,0.88014818190745,0.09659825378925731,8.507852403072052,0.7436130271313703
277,42.10315084315561,16.096329496494164,0.2148056571809456,0.4246762533692727,1.097053647610631,0.7988128072718574,0.6613600579160135,0.6626959401667506,46.29148536756526,0.7176632590642955,0.20092253114531483,5.9311936989200404,1.1235142208340558
278,43.071565149103236,8.019438228038878,0.34051208147187834,0.26078962420946755,1.555413195301446,1.133127271262645,0.7428766768801207,0.8008113968706205,43.69653702887138,0.5014281002759238,0.21143490372120521,5.9311936989200404,1.1235142208340558
279,61.855465854485175,32.8586769691556,1.0975622008751234,3.2232588713138752,0.30536915120468017,3.117101818262188,6.3124291707475715,0.3651583750493914,88.69480221812056,0.6205017442635531,0.1732186590204185,4.62942776461099,0.29244013825408227
280,20.635971628574193,7.3479054103681145,0.3680806009313057,0.6187467761956404,0.8726134354213182,1.2404907430174832,0.8618337759408627,0.8594101829980738,16.850274602798784,0.4713446337163964,0.1379120482676217,5.9311936989200404,1.1235142208340558
281,53.88663570389027,20.766630955884295,1.050458459301332,3.128992128432158,0.28532190108000793,3.0307697803942597,5.1744139029866165,0.40491135830639785,96.88776754030806,0.9674223154735146,0.08608440247476297,5.338305077559419,0.5944082285622325
282,5.664217832589699,0.8275224933123535,0.4258571389131995,0.23721443363893788,1.9459998981256073,0.6945989819262572,0.35680188027482274,0.8323120558633635,4.326240064445031,0.7137053973199332,0.22929310503999792,5.9311936989200404,1.1235142208340558
283,47.637391938286555,23.68719925914981,1.1381954911128802,3.1506338110977423,0.5278510460452683,4.1819744763442355,3.8603494382637193,0.32716550824153195,126.32870636722615,0.66609153403144,0.15708807025050847,8.45925118904634,1.9498901427714197
284,35.16879380691624,17.50050806480803,0.7041579128074289,0.6823097216907505,0.8751738506558349,0.5413294309647674,0.4520527919211308,0.6621014657533972,59.736059799919616,0.5325854071069854,0.2926203129635099,5.9311936989200404,1.1235142208340558
285,28.12819455553835,8.174702347031404,0.44785883476186134,0.37088947147445633,1.8720785026083706,1.500058696822807,0.6834036593131999,0.6912665737150699,26.38273395087277,0.5903939994622298,0.16795909054088018,5.9311936989200404,1.1235142208340558
286,54.83560924879799,29.113079269800938,1.9763439306830637,2.694016411768711,0.5062044767331271,2.2503620319204733,6.013341291326668,0.334633373263727,150.81089702987174,0.8519828243090077,0.1838782839810498,9.058478966354858,1.077526453994787
287,32.43609000214042,8.728188906492399,0.7907763546430588,0.6019706282825076,1.5751612088737703,1.3225226471109066,0.9394725181869575,0.7782743978826075,43.86301912254734,0.5980787846448045,0.2472094472066053,5.9311936989200404,1.1235142208340558
288,9.243977025962788,3.8197061801556815,0.13946902089026125,0.4134746744575778,1.8581758939778612,0.8581557524897144,0.5760943427170983,0.8327327329099053,8.315401168359898,0.3993218984826205,0.18069308775271217,5.9311936989200404,1.1235142208340558
289,35.84309837679691,16.0747397636339,0.16902630783642497,0.9328827060433408,1.3278254032185315,0.8860170201800109,0.5156147619067487,0.7783451653580497,57.82819801159897,0.6323507919226558,0.11455049711130859,5.9311936989200404,1.1235142208340558
290,6.609916323585785,1.3863169182424353,0.613542987021211,0.8007945423165262,1.0782511719170207,1.241630276776015,0.45814857261812775,0.8148148002559715,8.727881456857466,0.6235346994398769,0.15258846204505322,5.9311936989200404,1.1235142208340558
291,30.206758088429844,3.428919252870872,0.30118954008432014,0.7677278172697546,1.2868344449181461,0.967734785139065,0.7103406762428344,0.6071620013576002,26.99606544449909,0.6127475777994065,0.29623885530923344,5.9311936989200404,1.1235142208340558
292,8.34501575758984,4.304390078567891,0.2273547934339322,0.27765850499977646,1.3703119916311797,0.8624028986274334,0.3797508127068966,0.8210158960599465,15.68578849503508,0.7165995264949732,0.15538435640165682,5.9311936989200404,1.1235142208340558
293,5.802396648630674,1.2138762943712966,0.12179786560691679,0.2969491070901047,1.3479985360877798,1.0619074943020979,0.6799716046014832,0.8441702405651778,4.317491335767674,0.6450987586532271,0.17943627549714378,5.9311936989200404,1.1235142208340558
294,26.686332623456845,5.992117412778247,0.12543281812338392,0.6293518735751626,1.4501247717413057,1.112476659536204,0.3060420115030029,0.8011417166879053,32.39699140186071,0.601634151985269,0.137336970083785,5.9311936989200404,1.1235142208340558
295,22.495006786489583,7.820059685864544,1.5547237594907364,3.278830547194083,0.46949565311070124,3.36253449550749,4.457349905680317,0.32969608274317985,50.74251750992656,0.9298864778396634,0.09380606412897058,7.653711104314467,1.1491430486430378
296,23.234318817971058,3.1500669299616315,0.21015798748819361,0.9271349638682418,1.7705725722848586,0.5136265176197602,0.44021770521205866,0.87998362022986,27.456192087062888,0.3632385866185563,0.1535363791035749,5.9311936989200404,1.1235142208340558
297,27.301347521213767,9.969458138298096,0.4347011356779637,0.3636818844085955,1.8348803612377012,0.9831152739038761,1.030777345916682,0.8600813029662996,39.71067537268916,0.527576512572969,0.1610492058786436,5.9311936989200404,1.1235142208340558
298,5.857377036581611,0.8192372451921849,0.5083624271233899,0.5963097872440951,1.8219683242139164,0.6571736959125799,0.7759954152684029,0.5540941527911246,8.982145759841195,0.5327714951433652,0.17518645179890754,5.9311936989200404,1.1235142208340558
299,12.05390793138566,2.127692452367541,0.4109391470901779,0.4516891151826445,1.8356311248107104,1.0236733308999417,0.5459511788766291,0.7472386553505191,10.984376737017007,0.4443036259334466,0.20141755606220832,5.9311936989200404,1.1235142208340558
300,32.79554467475242,9.940946081885983,0.12364986146454236,0.802596376269046,0.8806184413669528,0.6972291105101456,0.35048723998173276,0.6892068749129252,39.28882997595839,0.6502994069527545,0.1823588761262553,5.9311936989200404,1.1235142208340558
301,17.32765031347108,5.0542031552231705,0.7041595345674233,0.30186489985482745,1.1841722837273485,0.9286985189261668,0.6494744366140474,0.8450388752770257,18.927759442747536,0.588453883606646,0.2110851252490649,5.9311936989200404,1.1235142208340558
302,45.410380772359474,13.91045988615973,0.10029692492991485,0.4640474747587976,1.3294311971001642,0.6873672972875016,0.4341661283264762,0.6557069761744333,40.65890658886572,0.5618262938471448,0.2683111763040935,5.9311936989200404,1.1235142208340558
303,29.175241043663014,9.61681331492345,0.628889567456905,0.45029197096234364,1.8469172602096136,1.030081204510917,0.6990830037209638,0.644734413870269,18.130271450000304,0.7270472421767804,0.2701450729510735,5.9311936989200404,1.1235142208340558
304,42.062298456577544,9.227709647316816,0.775258564523961,0.8050563181567236,1.493330825021825,0.6485333448938758,0.8627567196064426,0.6624175949127156,27.04376170513821,0.38645444525428563,0.25948483094957825,5.9311936989200404,1.1235142208340558
305,39.58040246289416,5.953279664171351,0.4180305347064045,0.2358209579368354,1.5973539921370696,0.4778250217352161,0.7504353052450697,0.7435761005694481,49.25171257195609,0.5841985524811757,0.11762813358690113,5.9311936989200404,1.1235142208340558
306,27.868020209520253,4.896744530082001,0.48641972432576236,0.970197037626653,0.913257539547075,0.5430993433019077,0.7240630255245508,0.5276187850630275,13.90183599463078,0.5110276886789327,0.2768311512180151,5.9311936989200404,1.1235142208340558
307,36.9332426699354,7.5014805690964526,0.4659633050406871,0.8959131296386293,1.0901315916248886,1.4388246568660759,0.6785332524224333,0.7520256935790736,24.736925764915185,0.43300050193615247,0.1281083303739208,5.9311936989200404,1.1235142208340558
308,20.392719776444103,1.9800128506035124,0.36909512387241744,0.47213933455821944,1.6838034227425271,0.6387721402028664,1.0182552541532326,0.8640505953440748,22.89653076598946,0.37654128706489004,0.12381488266822957,5.9311936989200404,1.1235142208340558
309,15.806478022957899,4.485542165131312,0.6347243782456001,0.8737161385279453,0.9656749632804182,1.1494251180588353,0.9168341240264453,0.8968477699328982,8.9365898981522,0.6071140386873377,0.30396991207663265,5.9311936989200404,1.1235142208340558
310,58.90385295275039,28.305402897830724,2.2993875443832996,3.3233894519561358,0.4223231183959972,3.0405304378108267,5.603957637856485,0.16776578489196647,123.99108873120831,0.6751817959024018,0.1881906379887803,3.7917945485029247,0.47059916501712973
311,18.55926243426885,7.463616414353915,0.3687755632454481,0.9689663193816112,1.1479444131492962,0.6379172920258672,0.5077036936316547,0.9271350898321863,26.126535540905945,0.6056499839957775,0.2143344178911049,5.9311936989200404,1.1235142208340558
312,47.026338129663515,11.665510908579654,0.5384666312636139,0.6084274856809923,1.1707776593975785,1.1204345291214792,0.6211643751991838,0.7827379559199819,45.30635340693922,0.5122303988028173,0.29632549048074325,5.9311936989200404,1.1235142208340558
313,44.82322741585867,13.250893613204349,0.7172932087626228,0.4349529691810724,1.537293966751497,0.9957598851835663,0.4439561588469614,0.5638574203783562,51.57874575042208,0.34934239052020544,0.29076595034354313,5.9311936989200404,1.1235142208340558
314,46.20391869428455,4.179202849381946,0.8250344673701446,0.523725507773559,1.2375059966866455,1.5069059084374894,0.7470431558517836,0.5275120745079243,47.492928294796165,0.4596807803792904,0.21213672902969596,5.9311936989200404,1.1235142208340558
315,46.32768017314033,7.069882051349781,0.47554566426208544,0.24503216796908303,1.4984897680240925,1.4445188936652447,0.6580343328947522,0.594491859299403,48.246497576986044,0.4539823758470301,0.21876275107506496,5.9311936989200404,1.1235142208340558
316,26.20240695218955,7.388796513501709,0.42004239231447615,1.0334888109933276,1.004571637812162,1.379615376309766,0.35082193160056224,0.7670466849761992,31.39629147765639,0.6845464345672483,0.2514028028604228,5.9311936989200404,1.1235142208340558
317,28.42324594891434,12.5954365554542,2.2865351643882947,2.7262026298081468,0.5479747211103058,3.1987887699410447,4.642215683452075,0.12363906514487488,56.018765248060554,0.6428678138223928,0.18025917499013241,8.691127002329313,1.3311934055791537
318,33.49473701840035,3.3146724113574986,0.7319844378230308,0.693454876673167,1.2287602803860178,0.9458572132536702,0.6461781083806999,0.6540593364415757,35.10062004885387,0.7122317135615784,0.13088368934559944,5.9311936989200404,1.1235142208340558
319,27.427091262931206,15.957166972675395,1.6115727469983299,2.9825431071403194,0.48353173402822924,4.13916871898661,3.099868378829937,0.37483003810445154,60.47506455776192,0.8645891059959082,0.07061633806559203,2.990471376430911,1.2433968710293621
320,24.338809166858393,10.489041813250653,0.5042383304624226,0.9800740053385314,1.7014031303690962,1.3528229896972457,0.6850390837547676,0.7511186027030209,29.049365790252168,0.6979143193249707,0.17828309939914036,5.9311936989200404,1.1235142208340558
321,32.86189603635587,9.746798094603694,0.3141510486830882,0.3539525220481476,1.105050414256182,1.0625358966034704,0.7768128534983193,0.863801317652204,29.378374381918324,0.4932039913354895,0.12998267226805021,5.9311936989200404,1.1235142208340558
322,32.50438365952675,4.52925329673563,0.28720339785017823,0.5989591586002058,1.6952410090671803,1.230715557079792,0.5562969650631497,0.7542198004705725,19.896124600441254,0.7144632726855775,0.15895359552918842,5.9311936989200404,1.1235142208340558
323,24.532473343782215,6.757981284253663,0.3829842889042353,0.5105737051164876,1.5452183481412909,0.7564455524638282,0.6629361426550254,0.5105308547090303,24.28699800678722,0.47042995660005893,0.16074873675777038,5.9311936989200404,1.1235142208340558
324,10.87826915563277,3.307554723945315,0.8567338368881183,0.7479800241377648,1.2474223735860066,0.4747211400678025,0.5581348546682817,0.7896489181160201,6.793031297914864,0.33735079468357615,0.31090468561527157,5.9311936989200404,1.1235142208340558
325,31.31934686817725,8.001149977331558,0.15595440219887607,0.2509300972292645,0.9496481187326568,1.5188160255421546,0.7191737546251633,0.5938985245594853,22.86602065448944,0.39246973204174096,0.22698352861536766,5.9311936989200404,1.1235142208340558
326,10.58464723774713,3.67140965085995,0.4829965471829075,0.34661633180627843,2.0942951093844786,0.7721084849450988,0.324681410128014,0.7352370746543796,15.979863541624292,0.7001809507646206,0.20226779675185164,5.9311936989200404,1.1235142208340558
327,70.266729437627,47.490904509412395,0.7207944538893968,3.4399998675981447,0.22861664085528668,2.7661943746939928,6.155437438808772,0.25042899121390877,116.16445330781599,0.8043296602319564,0.06847763813435612,7.016376352401345,0.6360381845126164
328,33.088399045173475,8.241268480918173,2.554315187637181,2.135395306522866,0.5468725181474069,2.9181948771906043,3.6041380861391183,0.23435824406509687,45.311173339783686,0.6708202931797548,0.17421967290623486,2.4078969021241914,0.48913324795871066
329,12.605042465577172,1.7553913817797775,0.4073984621145263,0.39462498394174633,1.195522150380406,1.4475893258751145,0.5043052640788968,0.8933202338378123,15.58029043807491,0.33644592305286375,0.2124969804772458,5.9311936989200404,1.1235142208340558
330,6.349884148499304,1.6886025135009333,0.4506885332375087,0.6763871088156067,1.7435038673402978,0.5803451954511001,0.9685477484597006,0.655193675677572,5.2823795361348225,0.4053575442668489,0.28322115526813085,5.9311936989200404,1.1235142208340558
331,36.538690297444525,8.966147710877097,0.29874137491719854,0.38247737719173625,1.5428036930380817,1.2934842076599316,0.4166146051854395,0.5000180350199976,44.064021726559446,0.3244016952335067,0.19182815149716165,5.9311936989200404,1.1235142208340558
332,38.26606735133087,10.500218316268237,0.30266436110381867,0.9013941782718399,1.6724609230787713,0.630965453850067,0.5303315424480534,0.8415588108903218,34.819236567139306,0.6644507920058758,0.15654883732054178,5.9311936989200404,1.1235142208340558
333,19.03918639945612,3.201183623134953,0.15033961275496283,0.940919812483044,1.3815534500273445,1.4017238078787553,0.666118323372096,0.7421346679200406,13.772006179516474,0.5486161603141569,0.14304315133675982,5.9311936989200404,1.1235142208340558
334,8.833559159476973,1.2614191949338467,0.33599973482140816,0.5948243563664117,1.6128159598091236,1.2831691949065698,0.8644920577264686,0.8712883648706494,11.89749564589979,0.7093344493377886,0.22789288902202295,5.9311936989200404,1.1235142208340558
335,26.24981464874199,8.585228781164188,0.7520066716981789,0.4761858018122408,1.2931142560613065,0.6533049332459188,0.5732934775486608,0.7075125716048599,16.504632060853915,0.5754719507458926,0.20771402672498027,5.9311936989200404,1.1235142208340558
336,19.629276685722555,6.216001797655019,0.7688103358669823,0.3835852289498647,1.0241192910160277,1.1659181907375906,0.81483680755445,0.8911860888933458,29.120495009872158,0.6541823649690407,0.25145753589878334,5.9311936989200404,1.1235142208340558
337,58.35211244130905,27.56335149100408,1.8847612061077779,1.4348260384928104,0.5779849843669291,2.550217272177294,3.614419177469519,0.3109790788583286,101.81535819496341,0.8693321559862288,0.1580328115989018,7.682389127470796,0.8260090935737874
338,33.34047332079711,11.395658011420824,0.4799306995124118,0.427990436208341,2.088938395924315,0.7287930404647331,0.5001105856710755,0.5720776305168374,24.39769597695429,0.5768566288542071,0.09484275099067511,5.9311936989200404,1.1235142208340558
339,33.191808458853394,11.004672489176128,1.3268056312535885,2.064878704814834,0.35374686294219276,2.50142855456372,5.1911774135618645,0.22760893482040873,62.455424211496826,0.6565570643235639,0.1369839459133355,4.257248991014425,1.9900856016227426
340,12.089943781995823,4.6046170668501345,0.11020712560893174,0.610690595548016,1.4739321873294948,0.8845994501837535,0.5853957250263783,0.5112973385014411,7.196732688514669,0.4935517906209296,0.22062473091813092,5.9311936989200404,1.1235142208340558
341,44.36181846815553,18.024472718414117,0.6900750523231783,0.9199780431242582,1.6890763719739672,0.9095811637351289,0.9049545368009441,0.7775805654441164,55.26801208257573,0.6596541453651075,0.13910185367116593,5.9311936989200404,1.1235142208340558
342,24.767357011955195,7.471422960597604,0.7632595368316076,0.5228196481349464,1.463052484007589,0.6545088885752867,0.31179453954162767,0.6707970991863272,29.87509234124682,0.5643578899548012,0.2563379790059535,5.9311936989200404,1.1235142208340558
343,40.445678381372026,10.459126979201496,0.16280681342451717,0.7201020736353378,1.7717141598594253,0.9293261488243959,0.5237967954932049,0.5890123537814489,44.91457377162678,0.6094069990570696,0.20162874812869594,5.9311936989200404,1.1235142208340558
344,12.204507060707163,1.5014188879080506,0.21638549796293458,0.5788340974147353,1.6825572716080774,1.4448370256956005,0.8070618820920403,0.5211703379922077,8.480986464706875,0.5775901970199564,0.20909366924794032,5.9311936989200404,1.1235142208340558
345,31.50215906697023,7.302128293236362,0.7872852847916529,0.5938533154031231,0.8787633383435945,0.8528116001091366,0.699071905328811,0.829188817280823,24.61487682880713,0.37619376266361876,0.15442637336629442,5.9311936989200404,1.1235142208340558
346,5.51924862275455,1.9693655108495935,0.5063109002400737,0.464465240114245,2.016565334682671,1.4993592280033552,0.6466479269016854,0.8225482054312119,6.843377375239462,0.5257810027502844,0.22896149293801005,5.9311936989200404,1.1235142208340558
347,27.694690613683854,5.163010540773636,0.10982300054166916,0.5280312819931198,1.6212147704732203,1.5939664860441434,0.6967883769643386,0.6882237939030031,25.356649228517743,0.3926432501107184,0.2673611189789736,5.9311936989200404,1.1235142208340558
348,51.14736344124809,7.358293611771526,0.2865517134205113,0.5537751706854371,1.8429086812949205,0.6785816339738585,0.445004284338999,0.6552144438200495,59.41344667869771,0.5349615288072812,0.2880824198121896,5.9311936989200404,1.1235142208340558
349,28.324297527377894,4.802817779775459,0.4298613661700589,0.7440544830274878,1.601893948815817,0.6993916496907556,0.6076334652525822,0.5213799094411483,24.59904001295587,0.6136535717078493,0.28272407523261883,5.9311936989200404,1.1235142208340558
350,5.239391682697554,1.118668191658015,0.6065589951666278,0.9309867594126915,1.800069266998288,1.450928798527155,0.6556167556678328,0.7800619658367874,4.112669583545109,0.6306356791160433,0.21433179982942072,5.9311936989200404,1.1235142208340558
351,7.15323281767043,1.0312286709928813,0.6576615562014175,0.4866254466913834,1.0395257726298288,0.9677894467797564,0.9716990923338991,0.4942046701242318,9.047452920684602,0.30690959747406865,0.131510183018103,5.9311936989200404,1.1235142208340558
352,24.363086157743762,4.717939757780505,0.7962935252165144,0.23078708423876232,1.2091311836167769,0.5426538059483379,0.47897531309232844,0.7720850475246513,28.88948970647283,0.3488358835966853,0.24354008482049266,5.9311936989200404,1.1235142208340558
353,11.753568582355841,4.62592256204721,0.2927342425792606,0.5575064279351759,1.6884447763962414,0.7710867090534397,0.9505640717108081,0.754164489606664,14.263143204764438,0.34971092280664895,0.2814874410431732,5.9311936989200404,1.1235142208340558
354,7.6538742177424375,6.556030438918873,2.6829558946559358,2.6715464603973524,0.3786226009971169,4.026585505491169,4.270833717345161,0.19759727513252415,25.405031660216586,0.9600551067335154,0.14098388886445876,6.0782310593579165,1.4557820255575176
355,38.625479830937465,5.632248307268658,0.4884924955475607,0.3391651308580054,0.9253343618733293,1.2799029753397526,0.31589717063916195,0.7075655069533195,28.910039730069762,0.5986784254006818,0.1579071920128811,5.9311936989200404,1.1235142208340558
356,38.36108710492334,12.6826905907677,2.020956272206449,3.6055345027692263,0.27612908557805843,2.3156035229876957,3.744674242709176,0.23804662089058246,107.75353158253127,0.7999925426580953,0.18742131939497764,4.557326230264545,1.3098403559560778
357,20.767491617148046,5.590562140210213,0.24338667938510253,1.0200927809418479,1.713013864475605,0.6251712060403007,0.3200343353868806,0.796307852633849,13.856412066790412,0.5283012493420637,0.25867968921328494,5.9311936989200404,1.1235142208340558
358,41.420511045718925,9.655040966506327,0.7847132186347567,0.8976900217226216,1.064614619109296,1.3191014198236237,1.0140885231647674,0.8452672111557757,33.29197452453456,0.660247544472851,0.1817628399310223,5.9311936989200404,1.1235142208340558
359,9.64980026213947,3.2212484163090105,0.6640265315721436,0.35756177079103063,1.840710140266134,1.2742097309967173,0.9569847254581992,0.6713661708501623,13.319473014830711,0.454104736073933,0.10705397378765169,5.9311936989200404,1.1235142208340558
360,47.68811157778755,14.509769690586214,0.45607507961129967,0.9372586750617531,1.5752987581584637,1.0521036654763012,0.5209559093844714,0.6001604684145037,51.57006633364776,0.33537963303484025,0.2706092265285961,5.9311936989200404,1.1235142208340558
361,22.341043014952177,6.071272187092324,0.5624557067726387,0.7391495747561134,1.2269500106707245,1.1939170151973804,0.4630338219082325,0.7802329551871239,20.98827946549432,0.3325822546161049,0.21177969858081166,5.9311936989200404,1.1235142208340558
362,69.74896026596934,34.65221077135196,1.5362366638048692,1.8402236719357354,0.26425473333104915,3.352396862208204,3.1554275471191167,0.47071847744218365,94.0563304279542,0.8431515462709546,0.10297258308579386,3.380302654306092,1.4603845534012827
363,34.35691757945854,9.612816814755275,0.4603525438253129,0.6496772650896483,1.3041078617209063,1.2420463534932455,0.5696349584406535,0.5418870056825676,49.94594915821678,0.5827928030591916,0.16435663140785517,5.9311936989200404,1.1235142208340558
364,46.24917757436705,7.914148360979101,0.5810009277318642,0.8154654213401535,1.0999625928888452,0.8813922561239975,0.6358449664086376,0.5064256198682282,30.99172513545344,0.5089897635608728,0.15964462541782407,5.9311936989200404,1.1235142208340558
365,54.647538155712425,18.82466043590772,0.4457410532645451,0.5539549385704576,1.0793309339273827,0.7353003113165946,0.5155826589726853,0.7791336049710892,58.514271198355814,0.4650934667908836,0.17931531844924337,5.9311936989200404,1.1235142208340558
366,24.837500327926033,7.84594989166571,1.8600903891566412,2.108364434529855,0.5179864008590767,2.6687450094361735,3.1933810289907405,0.26821725453061346,49.234785529978396,0.6733676569368248,0.16687382834115252,6.531290200713223,0.541710791315046
367,50.9406605312069,10.130203448960415,0.48726617646914505,0.6013387676131949,1.459061672979961,0.9250786058896537,0.43200985017114324,0.847371721551921,63.969777421471655,0.6405175567027472,0.209113221619026,5.9311936989200404,1.1235142208340558
368,29.305269825501245,3.907960317268081,0.3638616134057736,0.7258192259587161,1.8776407896752134,1.3804769361359825,0.8537834734269062,0.6640570234621526,34.74346412911818,0.33155834158544045,0.2530577372185131,5.9311936989200404,1.1235142208340558
369,20.408727835872785,3.3222795544527277,0.6634059043381505,0.33910523775229007,1.7722344864863284,0.8453975004970343,0.933667748246623,0.4847009796718046,25.838296453096817,0.615589506062977,0.24483557979267986,5.9311936989200404,1.1235142208340558
370,24.97688654705097,20.534022561932684,1.0534092451812984,3.078230497681018,0.19551085513245817,3.722063453385335,6.487925619993912,0.38482382897583606,40.00281432354092,0.9525526921969291,0.1026155230710087,8.459551673790918,1.559349202066353
371,35.94899001798826,25.2896665587642,1.184216325654221,2.997558881967198,0.2229187177308749,2.8469707255490184,3.1765710093986494,0.33540652363825685,102.3371738145277,0.8462282478913448,0.07140975715472918,9.77942286837321,1.3561275384212006
372,9.664107721555606,3.1925954490707835,0.34604217176258656,0.7160087216129941,1.0140435675912791,0.7947529339831042,0.45469366388704613,0.7734140401151732,9.945957638310547,0.6112271790336194,0.2578454714354457,5.9311936989200404,1.1235142208340558
373,39.71652697225211,26.287146459873377,0.8081425649644344,3.372877954092629,0.3139033707320196,3.6934006929265633,4.81629249820996,0.3489411301785166,84.40052503197417,0.8307990335236372,0.1800132900011792,3.607540373229826,0.6176498119330093
374,45.60979994759204,23.113291714398947,1.6944524079835739,3.748274263939318,0.47672888648539435,3.1271495749518947,4.134714191262937,0.2413194487325068,95.556005248385,0.8953316369516787,0.1065644134618293,7.752316097187974,1.4318897405978983
375,37.17406660189978,12.854703771567403,0.4435714991685179,0.2996965110537852,0.9602797173528189,1.4407444171959392,0.6425412677694275,0.466282293380264,29.13786130641558,0.6026743528707261,0.21446424323787946,5.9311936989200404,1.1235142208340558
376,50.838914371579186,13.710865819787273,0.6730079651964984,0.259904990612545,1.1162415228627687,0.8883790515150584,0.710923749034845,0.7848889092585217,56.756363121596664,0.5132616086037108,0.23477500860808198,5.9311936989200404,1.1235142208340558
377,25.918943421682048,7.62173408351433,0.5206618791627527,0.6172021827558813,1.8458132383210786,1.1541308664672922,0.9895589492489366,0.787702056179571,21.465102223416327,0.5818440461469779,0.13972330074085942,5.9311936989200404,1.1235142208340558
378,23.442728631117642,18.81553099393801,2.903239531707505,3.3450580319443337,0.2397978032671124,3.369256178123048,6.149414178769896,0.3374425402723227,60.0985830430394,0.7795765068941105,0.1809228837768159,7.013658057324224,0.635615511303644
379,15.566378652910714,2.0939483832863948,0.6328155379991102,0.6504676201525975,1.8787547755079468,0.7426908373349946,0.8600636061183742,0.920092987254833,25.400162938915933,0.3910990966111645,0.22508492670588962,5.9311936989200404,1.1235142208340558
380,18.85133634132728,14.880752942941927,1.688831300098327,3.503691777887425,0.33320177513011406,3.6375251776138504,6.788517920528114,0.09111848219919863,57.28785792427153,0.8709116233308205,0.1771294195608566,4.904060222084513,0.8507912477917713
381,6.580104756000893,1.4929344859857998,0.2786993995387751,0.5790707697665078,0.8273790287025373,0.8730983452697233,0.36128900671165265,0.8512169176376819,10.533788771096198,0.5886533512202868,0.13546564594084473,5.9311936989200404,1.1235142208340558
382,32.58074056552322,21.50043526640413,0.7052787985493021,1.9157421347159576,0.28375155139974684,2.771058742148897,4.108920539884537,0.3594337448657483,60.039075740758314,0.7153679008349877,0.10561866121667213,2.0732185109127923,1.463807485099741
383,18.729072142897493,2.0099679294914434,0.28356980776286117,0.9927287478265374,1.571787859742719,1.1543075744145688,0.8488906882047339,0.46225606321438195,11.746796582953921,0.6730856418482759,0.10868262215019432,5.9311936989200404,1.1235142208340558
384,39.078443621194964,9.073790840825705,0.10381843819952814,0.6214694931206385,1.2789332085404501,1.2419942432420972,0.5909217256665061,0.8253940286629486,51.41734921179749,0.5165613560215054,0.2151989368690028,5.9311936989200404,1.1235142208340558
385,51.26423111957703,19.048090406989687,2.341426101444196,1.9959054732552295,0.2824701917408685,3.8216804478817243,4.221292804732881,0.4113068703455668,106.18622837811388,0.7217693735476152,0.1403867235049588,7.933573570437935,1.3451060438785523
386,34.38335119374138,17.814239346388693,1.8019746083400936,2.401143792361276,0.3922487190670031,2.393390259569069,3.481802709843286,0.3926568690563483,47.83618658406332,0.8239716628369037,0.08514879300646423,8.948333951293113,1.4516540250949224
387,44.657015470036576,23.823713504042825,2.466886725064099,2.3772690325306787,0.5883678379219233,2.2054430032554664,5.808997109829411,0.400965031121216,61.853100821890486,0.8598550279994782,0.1867726583482689,7.165636790344917,0.49885484921609446
388,9.418545170675236,2.830036836552286,0.8146807911603372,0.9837536944107271,1.1499177013611837,1.404012652089871,0.47794263975948753,0.6046416494665482,10.796461972522902,0.4770550035497908,0.09911630916694905,5.9311936989200404,1.1235142208340558
389,29.6750848041522,2.5222832222101133,0.449589138327603,0.3948994861024111,1.3166972454088177,1.6121503225020042,0.7496459550531271,0.7136284588838915,33.568447417941655,0.44649628714494594,0.19869976836988196,5.9311936989200404,1.1235142208340558
390,34.08083823996036,9.689095548595171,0.6744980762625418,0.5576143251144458,1.3569904508568456,0.8830776725952534,0.4077232496733928,0.8400783874080704,24.586004946192805,0.4750848769260095,0.14855389792269225,5.9311936989200404,1.1235142208340558
391,26.027752924994555,5.29443639502149,0.19334890758333198,0.6885440997403647,1.8293748905664018,0.5069040311185884,0.36344239710145426,0.5767076077607218,34.708818512630614,0.6543434707409931,0.24405983426634623,5.9311936989200404,1.1235142208340558
392,18.83993613011144,8.183265238691774,0.5518649269812581,0.2242827808554305,1.8809384968718224,0.6206616451605312,0.5362576635584808,0.830719632901868,26.428181815922567,0.633778069417756,0.1084955038843369,5.9311936989200404,1.1235142208340558
393,40.99698360822009,19.110316580020463,0.7040196067596116,0.8824430803110691,1.0539075323387004,1.1832957378653786,0.49169421306062383,0.6349057877778412,67.7644975276197,0.3388047207861745,0.268784318683386,5.9311936989200404,1.1235142208340558
394,47.694313073448974,8.908035623868034,0.5162149312656358,0.6703865559056903,1.6015260157663624,1.2275012644866474,1.0104542985199079,0.820234784767077,54.25622546095778,0.49002113905313827,0.2579236770450547,5.9311936989200404,1.1235142208340558
395,45.756358815448884,35.64692825948193,2.6845681420337413,3.8340169155424464,0.48536020962316473,2.415992822874089,6.069379593554247,0.2768051889883383,94.41022627601771,0.6327502002336929,0.057181943185060646,5.4140309757384815,1.5014115587335763
396,33.80971874009029,11.884348872486333,0.3760863189818569,0.26993530833876683,0.7938604910221501,0.8372635147062409,0.37332155359523606,0.5890801429300193,42.644589676279914,0.5338053346620234,0.1242579082408969,5.9311936989200404,1.1235142208340558
397,31.37932298841272,11.020005460171152,0.18902556785580812,0.34345425467595025,0.8320368807485268,1.2389668251802854,0.7522222897991838,0.6662283384891071,29.067490178831154,0.6068144421525711,0.23165804316328992,5.9311936989200404,1.1235142208340558
398,12.191520929566318,5.175490799305925,0.43086475911621064,0.9237090757139287,1.378564564312462,1.1103127447011398,0.614864507822992,0.8560414652370906,16.53445691176988,0.5997687566518115,0.10494064618416903,5.9311936989200404,1.1235142208340558
399,24.77132005363207,3.885902345289798,0.369825813772991,0.7311220104089539,1.3635557372810552,0.8847028193963669,0.30389296029681173,0.6667096339372524,14.37452975895761,0.43241105547289727,0.267799471171555,5.9311936989200404,1.1235142208340558
400,6.845232079188977,1.7394987363186316,0.6351260158583897,0.3975330891831545,0.8784587161856803,1.0544691259982892,0.29707052696498504,0.8443856699509356,10.326503973633942,0.4190246654492996,0.23120523967800102,5.9311936989200404,1.1235142208340558
401,33.48292281728252,18.607116805358697,1.001656520156018,3.000805127531961,0.35814702124878417,2.373391111261644,5.691088364327254,0.0896404987164516,92.15537266990111,0.9435656344543528,0.160567533158081,6.035751820222836,1.12721940066072
402,51.90396603592166,13.277114751288318,1.477499658615156,2.7697721124842016,0.6937098400852478,2.5511429107347885,4.190704175286628,0.27235005838707915,98.02044448629881,0.8562317308124999,0.09708175622394033,3.6437919761355206,1.0709342950968492
403,22.23519469706951,10.342044122553316,1.044121173078456,1.4309886755179102,0.4714704164627473,2.1053797286040163,4.2118034758819825,0.1139600949693237,39.111726091510505,1.0110777177074557,0.1905864376696278,8.377304895099357,1.8992071286770134
404,88.55970925839117,34.0871806977018,1.1387115615679468,2.5735476700153583,0.4976448971739674,1.7760310650354312,2.890982935807697,0.5013353048213914,107.92475564765833,0.758509168734469,0.16255806757469607,8.091861146179644,1.389026114519221
405,51.132556942273325,15.35563271697945,0.33549854975792676,0.4851623942366366,1.0570639626415945,1.3798615751124674,0.44722344456463814,0.878683540178268,59.50169156916959,0.6233669672068695,0.15813306915279562,5.9311936989200404,1.1235142208340558
406,36.27243118813783,12.853420599980582,0.7234674602601818,0.35861036146898156,1.3245060740581995,1.0192916017279743,0.5422925280793998,0.6032500591411344,42.36504403249509,0.3999677532788063,0.312991062746925,5.9311936989200404,1.1235142208340558
407,32.81999009562262,10.255863419709398,0.8057510912877082,0.7773726077310223,1.0207135990322893,0.7272437448193958,0.7222286162750977,0.8267958178952012,23.709857968218977,0.35015839612156785,0.2754282214388154,5.9311936989200404,1.1235142208340558
408,51.76202914297323,17.3809407843466,0.39591868124167695,0.9361298870641929,1.4679998274080928,1.0188176428848497,0.9065235954791944,0.6435990418769683,41.27283663444874,0.3973687284919922,0.25619213255449264,5.9311936989200404,1.1235142208340558
409,11.295814081516848,1.8479220878279994,0.30377183965760707,0.3474486455132661,1.0574439116163112,1.018633068273058,0.4247714202334773,0.6376677358558963,6.767629784730544,0.567541186383136,0.2970253626885277,5.9311936989200404,1.1235142208340558
410,49.811830991739825,4.486222949607902,0.4791366839863698,0.6854471021447228,1.4811121437777044,0.9128704068115443,0.9258031648097328,0.5757152331425667,41.20772842406331,0.4314233561539408,0.18128471125973153,5.9311936989200404,1.1235142208340558
411,9.632914964014608,2.3014514197765212,0.6033688586663456,0.5478627204074685,1.017795965517299,0.6278380128026266,0.3753586581021349,0.7584580265284273,7.972731557869789,0.5030346550491925,0.26189290029910034,5.9311936989200404,1.1235142208340558
412,34.850556672606324,5.63450614121009,0.28301611220372547,0.489918297213288,1.657891803540548,0.8576866600695846,0.4662119374538704,0.7619219289434916,32.878636716907174,0.3236067035728497,0.16073172248083173,5.9311936989200404,1.1235142208340558
413,15.999172454881153,1.8014583810832008,0.5962302868552339,0.41905663245130653,1.6671035970755506,0.5671913624872418,0.30002050477343567,0.8413191984334218,10.595169449515174,0.5231273784582413,0.24690327344659804,5.9311936989200404,1.1235142208340558
414,42.35171756889591,9.358668419322795,0.1286706926493095,0.8575492959935569,0.9226958340818117,0.6398921538607799,0.4164792589267966,0.6043036870678237,30.667468038766472,0.44403375649776994,0.2571831420461374,5.9311936989200404,1.1235142208340558
415,45.62581555596952,15.893523842585093,0.13930459082551258,0.6063295019189435,1.3442002639665884,0.9066650103060785,1.0032991072844633,0.7938851716492034,28.04372578424554,0.5201424960578203,0.10454270680864533,5.9311936989200404,1.1235142208340558
416,12.98661284203383,3.0456251883183025,0.4059395198368086,0.6506179767828318,0.8142999242076978,0.7590365961466585,0.6144513329559493,0.8138364345138677,16.435890430379686,0.4925080115146249,0.17215670868810676,5.9311936989200404,1.1235142208340558
417,20.808396446865085,4.983130011071126,0.36361362739834663,0.45081937720923554,1.6154644113848429,1.3938208968633323,0.3398620716893102,0.5544785899404143,25.806754487750123,0.3939449794184585,0.10923867635092495,5.9311936989200404,1.1235142208340558
418,73.4871516203688,21.766191504304743,0.7643949666262896,3.3085189441427736,0.3791413234275095,2.179328567241527,5.041371699102896,0.3151969162743935,173.5536511549158,0.8987716649921929,0.18897848460213632,3.2309784280102525,0.5355129781104989
419,23.00895931204609,4.0255862696645055,0.4596088920258291,0.26353994587843904,1.4524052427661123,1.1206426417685618,0.9141282080420404,0.6491822390564755,24.940871319249773,0.36195932076647447,0.12204859070210562,5.9311936989200404,1.1235142208340558
420,46.57167856786196,4.707461812022997,0.3110168643795774,0.7692014882481393,1.397429877125379,1.021158635433608,0.8786400311462599,0.5866400753485778,48.837896966795704,0.550379035432507,0.21399328022414027,5.9311936989200404,1.1235142208340558
421,51.69472055632628,15.60922213919982,0.8373667947416916,3.1758292034879805,0.4498272352811667,2.272564861212081,6.130328612964856,0.5187009569393636,94.61112099170961,0.8700154633112112,0.12417580952650362,10.34368827036447,1.8521680635734308
422,24.280407199958535,6.140870690764106,0.2994473503179361,0.7361165869084338,1.508323193426,0.7866776634763223,0.4793253681103309,0.7310834798612493,13.853275509171153,0.513164116165236,0.1401145063863793,5.9311936989200404,1.1235142208340558
423,14.603761710581429,5.039920009678031,0.7776528982205929,0.5364545274634781,1.4410900586273816,1.4755997882926468,0.8344833790624442,0.5430874703055334,13.843196583230736,0.6160209783830454,0.19064564706103826,5.9311936989200404,1.1235142208340558
424,11.448878414413691,1.6244177008844283,0.40863597906581234,0.5238890553752856,1.3112501465019277,1.061745558543461,0.7692310405891338,0.7709745884600903,23.45543891351338,0.34798908951623614,0.21520739736371308,5.9311936989200404,1.1235142208340558
425,48.855844501223075,13.282438698739165,0.4279984638686756,0.5471545184566354,1.9840835798753302,1.3285901620258642,0.9068504022833372,0.8727240676662377,35.302900250544575,0.46742864368553577,0.12962518925985916,5.9311936989200404,1.1235142208340558
426,37.10361872880817,24.45629137139813,1.3400489197709382,1.3134890165026545,0.3270852083694931,3.6521690844633277,5.434990567326984,0.4175367288645404,63.78905420203906,0.7299168513411436,0.13904981345166492,4.256879031147285,0.4300783898282813
427,39.7183208678791,13.867737054348021,1.1118936014561103,3.3586680538860665,0.23610843670761622,2.4217937836424164,4.227753141676645,0.3747490516318834,72.02108641567115,0.7820153698321556,0.12491197266839893,9.443702108496602,0.4361541114481239
428,32.79062358589263,7.034828357327792,0.2592155990252691,0.4215694763095208,1.937012515169833,1.1551017875287897,0.8945675818463416,0.49007912645519197,13.358760231443895,0.4894966923013132,0.14437025974969,5.9311936989200404,1.1235142208340558
429,32.957703854257616,11.165703544976989,0.5810073144158402,0.7264072711169662,1.4523936172510707,0.5498690719119426,0.514250422050119,0.8759758038163222,49.6556739485176,0.49096483273462993,0.21068459493549965,5.9311936989200404,1.1235142208340558
430,51.861773924152175,12.527318089015237,0.6247341289846597,0.7715996521764427,1.770891004627421,0.9562790941607487,0.5253816455013653,0.567205953572796,32.72330263271539,0.5629523064543663,0.17010898252355666,5.9311936989200404,1.1235142208340558
431,47.136667547805686,13.593906122559066,0.5187427423300961,0.4412018933207549,1.80454695959433,0.6889839656969893,0.3657607914492572,0.746860013374227,70.32637791846464,0.653690429339028,0.2794027864766953,5.9311936989200404,1.1235142208340558
432,24.22513168750645,9.088673314633828,0.16034767558862204,0.5857278786132266,1.0395896255865924,1.1501588976637351,0.9258972112290912,0.9020734121842165,38.55699591980702,0.33583764856056064,0.24186341731179858,5.9311936989200404,1.1235142208340558
433,43.81278600387233,13.84116746773357,0.5603195792163711,0.355298518494722,1.6960081685840733,1.5657781373966604,0.529753629155369,0.7621519286491089,45.64164602967173,0.46312731448721217,0.19839198711398068,5.9311936989200404,1.1235142208340558
434,43.535017028219585,9.1341768695053,0.14280232172036567,0.3193508615856318,1.2492051999805447,0.9712503166904775,0.6423427190477708,0.7988626332888853,22.940478372779808,0.4899565493108306,0.17605923832510278,5.9311936989200404,1.1235142208340558
435,24.229140502744475,9.98391811868486,0.49729785197385507,0.22125390442106724,1.185153968170424,1.259281697007592,0.5319959874056764,0.6412274651379334,17.853514816611337,0.4786743607150421,0.15812301192371037,5.9311936989200404,1.1235142208340558
436,36.19789040582209,11.06292891672216,0.6184502873301372,0.9345288375533413,1.185320515361326,0.9871207392815199,0.9081820929166119,0.5133690812651963,46.93269062082316,0.5469067273419979,0.1493518018700973,5.9311936989200404,1.1235142208340558
437,12.498044879572724,2.3162998738558307,0.24371264687774177,0.38931259886432235,1.5792396063986172,1.0227280159191292,0.552360494346803,0.7902104422055347,12.14284406392211,0.4761093551482979,0.19490720322969302,5.9311936989200404,1.1235142208340558
438,10.872299117102372,2.7993992527818508,0.6383376614725891,0.3676826009017296,1.1859869049178344,1.409316878533192,0.7872968704985824,0.4735728451738503,11.744536003633744,0.32293459016892184,0.23207306594808938,5.9311936989200404,1.1235142208340558
439,72.48812034497831,34.97354117345327,2.916374774499599,1.4271557282567728,0.4686396539554856,2.7677741227191492,3.2360335832374543,0.35889467508094836,138.71854592144138,0.7947749704393167,0.06923578660963207,5.123135867427612,0.8881586795663534
440,25.08395075065996,9.573708742249595,0.6548430310000238,0.2972398663416867,1.4377635908150386,1.225882177812811,0.6080144614204639,0.48990524508958727,38.892869867542146,0.6967919394273285,0.1425182611176133,5.9311936989200404,1.1235142208340558
441,52.047768338437656,8.93451674667423,0.41938674361443207,0.6942426465376482,0.8910199446221087,0.8437716113172826,0.517224327945607,0.8512052609155675,43.21105642234465,0.4885119695479484,0.19203109759252274,5.9311936989200404,1.1235142208340558
442,84.80722512064372,37.34486430237415,1.7512738971222717,0.8056432557366953,0.32937017183049083,2.623298513863439,3.8782558062036747,0.31048244401455377,83.11973934645212,0.6406753654053424,0.09110442939088978,3.5925922173122196,2.4390737222254835
443,8.628726656271404,1.3100978370353247,0.18846598749316829,0.32344202077648826,1.0159516971496299,0.719726242825075,0.923788246221942,0.6656290987838867,11.454901873505683,0.3629797275174661,0.2647732697853302,5.9311936989200404,1.1235142208340558
444,42.74305370240317,17.846554239389697,0.763872925440034,0.6765795171525871,1.2592580116675507,0.9760046588857648,0.749446643662259,0.6944292370847079,28.794314061443206,0.40203431202462664,0.21384290841111211,5.9311936989200404,1.1235142208340558
445,28.349428944918127,9.90328231460809,0.1446913860239406,0.4866333812000573,1.2686161312454358,0.9171704384788384,0.4634687719004876,0.6715752771716313,18.635529405568764,0.38888348541866097,0.20464577796829297,5.9311936989200404,1.1235142208340558
446,22.777208622226745,7.8838580975652555,0.24806847212531566,0.73541402467551,0.8665014408164701,1.3344356270237991,0.9400581967628979,0.5945159309165668,15.874616697454814,0.48469060736720637,0.15620905798557588,5.9311936989200404,1.1235142208340558
447,38.86569731483819,11.428249068115923,0.34309372312401143,0.6445136221996353,2.0201192358819124,1.501101956748152,0.5765825241571503,0.7210963869870659,21.350862825762093,0.6583575592704676,0.3028390500075649,5.9311936989200404,1.1235142208340558
448,54.25769548100092,14.26021174478584,0.5533513992575224,0.37395664908206205,1.6738637267416185,0.9117008929243864,0.721096229609722,0.6665667263728796,48.151833054827044,0.49076034218209014,0.1253912623611487,5.9311936989200404,1.1235142208340558
449,6.346022519507592,1.6996628607721391,0.5167382645530666,0.7489619320503845,1.1464764606967872,0.5233866555857579,0.8933879840404193,0.701685923775416,5.227185490536682,0.3977485097509363,0.28619909918500414,5.9311936989200404,1.1235142208340558
450,35.10367457844865,17.079782435278517,2.3329068438952385,2.5566915475024414,0.4980753627825666,4.476711053214039,4.494249491129431,0.41809278708571856,80.88223104388103,0.7693162988113736,0.1882380492776818,4.70814740274119,0.6665368173014947
451,37.08918864478241,8.613284432544589,0.31451997648410573,0.6466630651004516,1.3115286284782532,0.7100607725223784,0.8089978148182806,0.7287077989515117,54.19108758199128,0.47054010132578666,0.26336035791318807,5.9311936989200404,1.1235142208340558
452,41.636774467721025,11.200066141282178,0.2876461448677452,0.5448007300795668,1.5368821115566607,1.1331694949302686,0.6672157901532031,0.563986726168038,26.13177475334428,0.543637707870253,0.26439648750247025,5.9311936989200404,1.1235142208340558
453,51.13250036061818,31.008233269836563,2.156182436239807,1.9501026717636352,0.5144130470150861,3.8359360987894036,2.391022656085737,0.29994812350302985,68.8963150082314,0.8657633678430158,0.15399503684351662,5.598094827816905,1.735303513424096
454,11.123622667861051,2.3349862031461694,0.4012014857777299,0.6816288875333263,1.012962088008978,0.9099082033401665,0.40330855376234387,0.748351218106683,6.976649557911156,0.43269709834401743,0.26359664649440806,5.9311936989200404,1.1235142208340558
455,22.4490486603354,15.314341898000778,2.605778445582042,3.5993752448715326,0.5959657936735723,3.946735236230047,4.736269900154211,0.19989307214513136,49.66443220204799,0.8640206722475391,0.14176410022804212,2.5447103131284883,0.5899442317022697
456,27.410574861033563,3.349385711053583,0.26731491709075317,1.025789680612999,1.1072317304361623,0.6461044404294268,0.8475243185324366,0.6895717806706055,21.7562931129868,0.41542226147078753,0.09995791353658727,5.9311936989200404,1.1235142208340558
457,48.47479973055421,29.735203749876437,2.1646809640614513,2.6911210029030097,0.40256876429006994,2.681822211720477,3.7661534965905155,0.13910492826671084,159.28880599762894,0.6764926316385175,0.07480792973876281,6.457796303758946,1.5279639637417624
458,17.885825518457068,5.563917145434891,0.38677690645121926,0.5001914545223847,1.7570101515709278,0.782951536209817,0.37410615389440677,0.5002973242457129,16.038381607177033,0.3059470973846965,0.2290616658670094,5.9311936989200404,1.1235142208340558
459,17.28932426344109,10.483859704306052,1.6481740839077728,1.1887479485253596,0.5814732647975491,2.0111327001343353,4.493614015122462,0.33559313294537524,39.431739074590666,0.7289337746959349,0.11005629381061167,7.222299642779768,1.3815959159135252
460,60.13636741928678,34.188611431900526,1.8107169724350674,1.9442500207472437,0.2779520645485586,3.4045832178093614,4.548015235818346,0.3476475684188085,181.7960317435322,0.805953185903288,0.12179401558351692,7.64912690281835,1.6009368257716239
461,5.571830191680281,1.061126795899871,0.6380916710266195,0.6252507185294987,1.69738272953863,0.7208253647868842,0.8980770889389015,0.5801077970019427,3.672162953032328,0.4750654346055666,0.2528585902880339,5.9311936989200404,1.1235142208340558
462,53.65319159844262,7.227763108557426,0.25964396487185537,0.5130900856888005,0.7652688015928971,0.5585983436128535,0.47451413692559147,0.8404357647547657,38.24982178621811,0.6276807304081365,0.22175841099764437,5.9311936989200404,1.1235142208340558
463,31.720114075323643,10.359981707342747,0.15559743492572592,0.9328088969903305,1.6727530843195761,1.0952509093991867,0.5567652129742081,0.6556705666240559,39.50480516183265,0.5733465142108712,0.2535311409882918,5.9311936989200404,1.1235142208340558
464,45.59189917919554,12.777794111820953,0.302919619703201,0.48073338893872825,1.454376495560243,0.8211752186561879,0.8667664567843018,0.5421434861739834,23.324384574417106,0.582117564573363,0.21945509365536156,5.9311936989200404,1.1235142208340558
465,21.707761104900204,2.7881313745871084,0.2914258546648156,0.4790605282440616,1.7198719564543543,1.220884986976183,0.7612193622491024,0.8332454297295505,17.988427761640924,0.6525186584307578,0.15587282719791698,5.9311936989200404,1.1235142208340558
466,4.383157937646221,1.7811718355054433,0.47064448235691375,0.5099312996047846,1.9882760445889607,0.5449847056322488,0.7355967062627033,0.7785690956812356,5.807044620128656,0.40388957627252997,0.2600146742745057,5.9311936989200404,1.1235142208340558
467,49.12224480108673,9.310461154668458,0.6498673308585835,0.9494109198639566,1.9070926887747905,0.6288216519232696,0.6392494913010496,0.8589269455355734,36.3081527466598,0.695737682060024,0.09842940636186824,5.9311936989200404,1.1235142208340558
468,42.98170467196711,11.893639003714991,0.7454943626031546,0.7208443416144553,1.8881343406443,1.219640435355759,0.8300843597836699,0.794642297398873,22.90533937659256,0.45554898642412717,0.17900863427885888,5.9311936989200404,1.1235142208340558
469,46.385078226891004,13.132150641534762,0.624871181747199,0.7328815619834732,1.4508102573549573,0.7085829585139766,0.5246845612214445,0.7923578069352417,56.41812528315789,0.42714984538144224,0.25366452862146877,5.9311936989200404,1.1235142208340558
470,13.30749754358639,1.735936260140514,0.3624653034128329,0.47375549329819716,1.117648799607302,1.3716092901304369,0.6680646659785359,0.8511514339347246,9.93151758923828,0.4548014611825497,0.20035552384079933,5.9311936989200404,1.1235142208340558
471,38.528791319022,3.785613036933525,0.5757835287540529,0.8783543537183784,1.4397532188666868,0.5399635508364687,0.3872765000672472,0.4957303485608154,52.009984040594674,0.3482628680883076,0.09683167324112564,5.9311936989200404,1.1235142208340558
472,43.953489764868536,14.121431541445451,0.29497835736346595,0.22520159499517953,1.473472273725106,0.691953215187259,0.7428530331791005,0.8341739003488948,33.91832862295367,0.6654299527629604,0.11827651303209863,5.9311936989200404,1.1235142208340558
473,42.0452813147728,10.168951091100626,0.13492382121477692,0.8878028298830689,1.9664827987870859,1.5099004209040685,0.5029027368790612,0.7748088387665515,35.33388474902273,0.3221311651858011,0.23405017853918858,5.9311936989200404,1.1235142208340558
474,39.75401049267868,12.604617645315605,0.6373519214007666,0.5848520350082808,1.071134127298083,0.9402416724760662,0.5513062198079683,0.5089715099507739,36.4348589256539,0.468422525490551,0.2775785299077884,5.9311936989200404,1.1235142208340558
475,40.40069958797717,16.134502132953486,0.11025785524698771,0.5264980453951211,1.9468235109111578,1.2637864542576704,0.6233144801360124,0.6531548433636313,36.47804808057683,0.4917478010941116,0.19178112433708186,5.9311936989200404,1.1235142208340558
476,38.2347407721472,11.517611414044648,0.4019217872817705,0.5904587239305267,1.9217685453663986,0.6997065720329078,0.3510037959200728,0.5209691652769015,17.0060570571135,0.32202956123349824,0.2108242574888457,5.9311936989200404,1.1235142208340558
477,10.362873396340078,3.449408824220372,0.34641551599435627,0.747139008746372,2.09147104743406,1.0825689231026316,0.3768842743799683,0.7547330075667783,7.892403206744663,0.3495387251062087,0.1556165629107375,5.9311936989200404,1.1235142208340558
478,44.01443677780492,25.54626491422832,1.2907471847791945,1.2685929055990008,0.49040890600940845,1.969035829136465,3.9777063230713416,0.482568067660011,76.91578307037608,0.6450814178654046,0.13169015248343463,2.29143663603156,0.5717066586208275
479,9.601227842557302,2.0229078060188366,0.6441905622629824,0.9176863712496913,1.119196638690817,0.8504191162100931,0.5886670006653126,0.8598835677163773,10.245072931597523,0.3998415250926366,0.106559824922211,5.9311936989200404,1.1235142208340558
480,22.315514262036924,4.9800075640467325,0.3300491510170748,0.5620988730929055,0.9104253597784537,1.3509349503787205,0.8569178047962295,0.5938456806047979,16.046838529221564,0.5972630777608356,0.1545162822994617,5.9311936989200404,1.1235142208340558
481,27.558248769431525,3.512608680520239,0.6546891887625976,0.47761957980020736,0.9740152407646164,1.156890452176557,0.7820482542698712,0.6843640098869116,22.859290785142587,0.4073430109199702,0.19527598319010112,5.9311936989200404,1.1235142208340558
482,13.364604917934166,8.816333529804263,1.7582963077297407,2.25163122677278,0.2789438413616978,3.5446280941489334,6.1716416325558585,0.2855668261452212,29.639982613785204,0.9468497724204876,0.06453860180336944,6.361035712015856,1.72263082036555
483,31.008896519474067,22.038277380278632,1.5757668049692954,2.2440206034976207,0.6657471570160417,3.5362801360829748,3.372428242646081,0.08903848096817912,39.59315534589146,0.8369215821894292,0.20857967444673195,2.392873780866638,1.7375989991639411
484,7.679699420030166,3.924740081910973,0.612711404281035,0.710699811194653,1.760158398159082,1.0651113805396821,0.3791467288556777,0.7999344267854763,5.943528142844179,0.6473452599961131,0.252355860983558,5.9311936989200404,1.1235142208340558
485,40.41226187267217,12.131226964006984,0.596672908560967,0.5351652757886144,1.8407848567608518,0.6669132258645059,0.8630926613234915,0.7070171780683879,52.300909734120246,0.39699673923868356,0.2881226190633817,5.9311936989200404,1.1235142208340558
486,79.64670839076119,60.6151958585711,1.8321478714484756,1.7988543365685987,0.5789106232099359,3.1545442954604663,2.9350952546589104,0.2815718501843409,131.82547741224698,0.7382039900505731,0.09339107740569669,7.931063406373047,1.3198733141677053
487,8.218935368112929,1.608026691654697,0.2539064883803779,0.5566287396917323,0.8327173167671648,0.8798252843392447,0.7068845287894705,0.826087692080127,7.9173580856167405,0.7010215640230615,0.2410668975990054,5.9311936989200404,1.1235142208340558
488,48.89416382492391,5.635533190219367,0.5921449996070631,0.9438755361053044,1.0142817834812095,0.9156368044170167,0.7691611756179622,0.5405065339609245,51.18043084763184,0.3651575813470962,0.10776162061856333,5.9311936989200404,1.1235142208340558
489,26.090917466644477,2.966003202037214,0.538050752054285,0.660589432525679,0.9083280852534534,1.1607832950273385,0.41034722562351006,0.6389131176374844,33.51069780967387,0.4998050496079327,0.2368758030319408,5.9311936989200404,1.1235142208340558
490,18.36554861732424,4.601824551366279,0.679886937339996,0.8798372373133659,1.1239741789699453,0.8956837019271531,0.6703143583738722,0.7378691126443429,27.87141971074848,0.4113015307807806,0.12072876085937001,5.9311936989200404,1.1235142208340558
491,12.823922203635977,5.32555428503783,1.255810714696585,2.4605236631671574,0.5694871549430379,2.365063590397355,5.4330204710836085,0.39207015692246205,17.778987979298734,0.8838619941098194,0.20024222174759915,2.4849404284807277,1.0240366366617035
492,43.74522321172177,15.200063445021334,1.88103408006173,1.7754488683185214,0.2177354625910132,1.9407248583324899,3.4742420166022443,0.3782403024369335,57.387823049668974,0.6748969508291395,0.06122630088978874,9.757613129487838,1.487454154308467
493,54.21856056268295,39.997890139600784,1.959910280458864,1.8419652584382087,0.3793314950640292,2.2238338994192945,3.913295275587418,0.1581427922354224,120.82988881272853,0.7615910557348902,0.05763407960089268,7.093762000697936,0.3554180424074877
494,32.232598972706064,13.658648540429766,0.28996180333554455,0.6514429663695955,1.0552459029321712,1.2850386520419768,0.6545695896579145,0.6229156691909222,22.23919719568348,0.4084352732565423,0.2773421482719345,5.9311936989200404,1.1235142208340558
495,10.806616525414666,6.0250521091879845,2.169283886575425,3.419228736011192,0.24173709707433272,3.4391969463341856,2.9139666117121763,0.34116807059785653,15.358067601967077,0.7389620595146195,0.16004048953432035,5.9550232636193465,1.2685811740283655
496,8.92319259673096,1.2413208795220103,0.340303781426251,0.2721308443932068,1.3499761591912895,1.0439289576828064,0.5431059356300489,0.8575844634509725,8.449926347230013,0.36404373364242054,0.24532781787343094,5.9311936989200404,1.1235142208340558
497,24.043922921784347,8.880857117951031,0.48786125493741556,0.2648543343620603,1.3437221438812026,0.5615054317486654,0.9257832912072473,0.6209628868413635,22.88959015809427,0.6155985242438601,0.15724179211133354,5.9311936989200404,1.1235142208340558
498,21.97481254410291,20.44943782929283,0.9117145008759986,1.162342197802615,0.3822748071807049,3.531959068973226,5.3610548296273155,0.21570374330418113,40.31851555530935,0.5837423179025103,0.049609548113289666,5.425245351965287,1.6745143195592913
499,15.542917050059483,2.628311327467617,0.4957888961025314,0.379810279807439,2.1015765053962068,0.7090261644350238,0.5658031016658356,0.5080651353863762,14.889755510449314,0.44429920264845646,0.13026462500913352,5.9311936989200404,1.1235142208340558
500,19.560188483518473,6.152955404423244,0.552373481272633,0.7468080491167604,1.0989177861297366,1.548257065060133,0.818770744656216,0.8307697554717195,27.08673157226761,0.5857086658127864,0.29406188347437157,5.9311936989200404,1.1235142208340558
501,44.99051827072215,7.615291557655399,0.4987323626025141,0.6444042581805156,1.3871882440456835,0.77870728453405,0.4610946811210098,0.8689766194487829,29.16802487655089,0.36606902983662953,0.15908508884301772,5.9311936989200404,1.1235142208340558
502,68.29835532803052,49.38848893979395,1.5028988515708335,1.1128740036098368,0.3242342465558176,1.9133338525442802,2.69811778253482,0.4505054105257754,165.22735133292622,0.7162706973467534,0.12451943102866143,2.934422267389719,0.33334648216796303
503,19.125870042232616,9.005649275910582,0.27063095426182837,0.2860508194940009,1.4863702207040186,1.1373538082736112,0.4346371751706985,0.6378472261819332,33.61136756557528,0.5334993194099553,0.3001794175958277,5.9311936989200404,1.1235142208340558
504,43.0173128098593,4.87313999513984,0.44209254337210546,0.3313565459968275,1.9567677052212795,0.8860688446394602,0.36487074021656163,0.8848733153877895,25.35562267046451,0.4523161650543004,0.08916980904595855,5.9311936989200404,1.1235142208340558
505,18.4300318614092,7.752594686650396,0.31768868228297087,0.6772792363719117,1.2520379426242634,0.9823613723977991,0.3913241180558002,0.7317612268317842,21.648892749965,0.4437089910963149,0.26469600312278907,5.9311936989200404,1.1235142208340558
506,35.47706716451068,12.410751751785606,1.3971626483727682,3.108606918886928,0.4310561412275778,3.2948912757479514,7.220447253334862,0.25933136762210107,72.2165621528293,0.8209760256214366,0.16243465643808705,4.511353534949274,1.2755389312489513
507,27.543907220781094,16.594525351776458,2.275833731606342,3.0714685448768235,0.14499233572432785,3.557684813293521,6.341166367773694,0.3899280761748794,53.95590358128233,0.8102295941765258,0.13964145136504968,9.407391065492588,0.5643873352122659
508,35.194552502137455,7.732670808035734,0.3286972511796811,0.5128514927424558,1.5237197496526356,0.6091763651968191,0.9087772098964763,0.6835678202832074,40.00234354514742,0.6450585939744325,0.23668888600302126,5.9311936989200404,1.1235142208340558
509,48.4494017666613,16.80620066872011,0.29597128374254383,0.6869049281808657,1.2637226268281592,0.8149714080008935,0.5466787442420895,0.7005923832967904,32.2981327630559,0.6979926365829487,0.2192395589173617,5.9311936989200404,1.1235142208340558
510,33.48151548001588,3.7212257209066584,0.4466579789136241,0.9388442924458851,1.1259317223819585,0.8607997070520707,0.66501831889127,0.5382549197022293,40.351805062667616,0.5867678214312295,0.1780636706687666,5.9311936989200404,1.1235142208340558
511,31.051032773950958,10.182053208477887,1.0461001839515989,1.2487767404743837,0.23209322766095564,2.3387138140138504,3.9707646942104806,0.3695785758905117,86.68220009188708,0.7349225521884543,0.07426416292632879,8.990401772266525,1.1590644606685603
512,36.678338717510165,4.207167542491151,0.726454551555429,0.9847458914353073,1.3900606714302166,1.0833085995340792,0.9914882537119413,0.8544488783641531,31.079886497051405,0.43423252389380346,0.260285987181751,5.9311936989200404,1.1235142208340558
513,20.491519469367116,8.32603602644089,0.9058071171712972,2.9342927142368818,0.4806872935306135,2.8753795119212855,3.65717876689143,0.10726629887336228,34.24526568978168,0.9147494634751586,0.2080943727927512,1.9265306509478917,1.2607275430428388
514,36.230538763820235,14.122980510303716,0.6195626920711416,0.29784547501808883,1.4987640148350128,0.8501541503359943,0.7820571214397871,0.7859476266605756,49.565619752193044,0.5260486677208779,0.17930240394108843,5.9311936989200404,1.1235142208340558
515,37.47918290826681,24.95326687687411,1.8375334179041325,2.4832873179275654,0.28885568794940897,3.4817276573562843,6.254515279738547,0.21835580033240468,110.4811223574088,0.9135269872142632,0.1478646304219873,7.571981100026501,0.9020665094405678
516,30.61266771514613,28.229137075454958,1.613824367908807,1.8398521680884143,0.23627919846270212,3.3957573592802106,4.552771686986006,0.1445662079473603,81.06409385675731,0.6890334745493872,0.12128632978738377,7.843793323921224,1.2244918013433008
517,33.47976242213591,4.0340624789901485,0.7071785521258136,0.4131559956401542,1.4008508773342563,0.8722199091279591,0.6448288093675777,0.5208272602955766,38.68497434139657,0.587873034049231,0.14024689885766706,5.9311936989200404,1.1235142208340558
518,57.506840973962596,28.99264535491829,2.133012635312303,2.1199981458597326,0.6334930885384057,2.5827381379605794,6.006840958132883,0.2794954893309871,117.14140503465674,0.7588988256078605,0.20641613775984413,6.493431642742506,0.6553919184560693
519,7.277998467752124,0.8790407952766294,0.1930180593326099,0.8436534261118491,1.414726728782427,1.2797601120595694,0.494345339639513,0.6764860402722496,12.597735616960195,0.4103478354710108,0.12585629906975174,5.9311936989200404,1.1235142208340558
520,42.29411261195974,5.946944989065474,0.506527098685322,0.2612665909271333,1.2717741473329547,1.4486420684386998,0.49708530816387425,0.7854660237244474,37.720594120115784,0.5743222205938768,0.2905610762298538,5.9311936989200404,1.1235142208340558
521,11.977795155450998,2.9775148354299845,0.6705947206210315,0.4557630850614725,1.1850894915466457,1.2077085869822135,0.5792960269266696,0.4807315811303273,18.376824496233418,0.6845709313917592,0.10615881630494407,5.9311936989200404,1.1235142208340558
522,50.68058919319155,18.363852548583463,1.770804627559648,1.5842250607979964,0.3395784381201413,3.332602499677296,6.232764363314396,0.402683142337459,129.29385128385277,0.670785533156079,0.17247299720214385,2.7252069605321174,1.0102683284912637
523,36.19718533778302,7.643260266197045,0.5557088738939602,0.659864158030154,1.9593718564235676,0.6848000374631772,0.4130560125516507,0.6691451247951571,36.8746675270218,0.45703627055430796,0.13672365841582254,5.9311936989200404,1.1235142208340558
524,35.868172005591006,5.54673826360994,0.43665734335454043,0.749969090309129,1.5053726516267198,0.5020411845511856,0.9188655109998503,0.7981596872017551,51.25485019118017,0.42999315154866163,0.13023932474653666,5.9311936989200404,1.1235142208340558
525,27.66964009478275,4.003118327841854,0.46630576690964937,0.4420658361774468,0.967066502892048,1.0386958486424513,0.7076520041394506,0.6532984524107918,21.57722767511541,0.6257594151327441,0.22779051570872233,5.9311936989200404,1.1235142208340558
526,27.45392084511908,4.150403188506942,0.12112081885950224,0.6644838933348249,1.2828766760133485,1.3234215181917766,0.9068587191805849,0.526078869193591,29.70656385286688,0.61123051559653,0.1147581081560373,5.9311936989200404,1.1235142208340558
527,10.63185612939862,4.301603587004459,0.510069886131888,0.6492843422905992,1.8726986808375308,0.5896983461063129,0.910516574554735,0.8281263850479973,14.851393462292593,0.5708099717184839,0.22221299221213553,5.9311936989200404,1.1235142208340558
528,38.58171616887914,14.414437117997828,0.1702126250653552,0.5779155743060239,0.9418955655465786,1.274369781568572,0.5212796761132589,0.7990936914006097,52.036916089899684,0.4037169063749723,0.25737289200635444,5.9311936989200404,1.1235142208340558
529,20.551660559439057,6.9347659360536795,1.9837439491233462,2.1893340270586337,0.45440008275160965,4.362286775296606,5.450388255456783,0.3772348436242551,40.408364855675735,0.7374274809287448,0.19936700296633766,3.707224156613858,0.5818925040282726
530,26.219251126396355,6.118073229316708,0.2979665847151913,0.4392249736670095,2.0140499477652747,1.2584683698304702,0.3688700485419423,0.6677596902741147,26.4891181406302,0.5553579941907345,0.27090043404781067,5.9311936989200404,1.1235142208340558
531,16.16343098425472,3.4032969717760584,0.5194409370170643,0.2681146495321382,0.8227383389023492,1.4319586293178659,0.9300427320089094,0.5576448331798964,21.598959826378984,0.6170013984822603,0.1678699115145505,5.9311936989200404,1.1235142208340558
532,12.12109830338363,3.8332355716979873,0.18998730704557862,0.30619249530352205,1.83202195118183,0.5985487720856997,0.5921324725135251,0.7883970991048296,10.201892335940508,0.40626077543334843,0.1462189002359362,5.9311936989200404,1.1235142208340558
533,40.04131959996068,6.890676822553939,0.557560956343059,0.3515860207527824,1.2441534870623834,1.3404282710263593,0.5996103227044823,0.8831978318400017,28.995686905338474,0.4361952678703241,0.13790719403249388,5.9311936989200404,1.1235142208340558
534,11.705173790859366,3.3558418728612813,1.2735261765901609,1.1141208677375312,0.5332506932159934,2.138424153403401,3.7520157830032366,0.25166902101571725,17.423589896573763,0.7947330610076504,0.07995279265580632,3.747336994169739,1.4679123654222572
535,60.04927096339324,37.19251277288525,1.4734616851061582,1.0411595489853225,0.5058698127859643,2.5150705029681237,2.674847242945455,0.4273193152885566,99.0095379509523,0.8994479124605619,0.12035720475575529,8.279107495900883,0.37589994698346935
536,15.577989335048585,2.9099680210275323,0.16379699618815297,0.7766951462063424,1.2948689066945571,1.3757714950728457,0.4605303811897688,0.8730438995098773,28.418278401577233,0.5008853162736355,0.2662213956992335,5.9311936989200404,1.1235142208340558
537,7.922353920283568,5.434270070707035,1.3243355900515354,2.017885918156222,0.23612597071623012,2.390136140000459,4.621873907347707,0.3659021061056226,15.071844904645749,0.6567991639500301,0.064599515847985,6.064437404422965,1.717432021839092
538,37.512691847533425,13.84693283616507,2.0935287119168398,2.986045763015358,0.5788789616500263,2.0745763277578564,5.420450443257978,0.16918839284748477,76.91382661261636,0.9141579887502875,0.09413066954138367,6.089476379591216,1.3471334259296797
539,10.306696486761144,6.88846122694946,0.762318299881687,2.1204230755676803,0.4404392980993608,3.0322057742010844,3.8984221611084666,0.4753596105602789,21.314952048534874,0.6626119355095574,0.05208480212413561,9.94948726029135,0.8998016049320754
540,17.482807182529893,2.0747573127095893,0.39521908307677855,0.5210784459219565,1.625203588723591,1.1951566725485094,0.5431506388877387,0.7322693875417671,15.812694488510441,0.37828599211094793,0.26233815804563726,5.9311936989200404,1.1235142208340558
541,61.748113501997366,33.77970160161214,0.9236930170521175,1.3998386271771013,0.4804655389197001,1.9095990318352474,2.610339707779343,0.24308299743458145,64.05892802730806,0.8486156538466928,0.1421293451311774,7.320509266686817,1.8082205379223382
542,6.204409669533527,2.909364503029758,0.5525823182103946,0.24152434855992375,1.2932002026618523,0.6338963573113188,0.9512807550137777,0.5805280782936927,9.197862835460768,0.5348301637302804,0.19047180817040202,5.9311936989200404,1.1235142208340558
543,44.12850185327221,5.896005299540586,0.7309519539422304,0.5777659342092213,1.1827106006527945,1.290552604234961,0.3361433082972749,0.5239685163582055,45.896992349114846,0.3279420235872941,0.26538856244141423,5.9311936989200404,1.1235142208340558
544,4.781352053574196,1.061657466254229,0.6608987187704868,1.0458435833892346,1.4279167622339017,0.9746878493414154,0.9382552157439521,0.7460103923603653,7.552956648507091,0.3743840007999117,0.12077055973316844,5.9311936989200404,1.1235142208340558
545,17.95872500722428,5.56728089062357,0.5148649379923218,0.3461211510313136,1.118162128857277,0.88119647959558,0.431191536681035,0.8032725564051952,15.95064844814702,0.6867230776339575,0.27537449675609565,5.9311936989200404,1.1235142208340558
546,38.99048488202908,5.646509034803274,0.16547354215815688,0.255964914231681,0.945389345598703,0.9180968494730868,0.7238024710343758,0.7849017802117525,47.670916717651494,0.37967770026855385,0.2885989408753531,5.9311936989200404,1.1235142208340558
547,22.607969243261312,2.6576436668915737,0.1642792519692215,0.8266833188838006,1.024441130380522,1.0001624912380536,0.7337034963012797,0.7759319001368837,26.982014840745233,0.5841366570568496,0.24689156193121475,5.9311936989200404,1.1235142208340558
548,8.638245935924274,2.5662015803060814,0.13694161229983728,0.41043664471953334,0.8264049288171481,1.3853978492131074,0.6881868734629211,0.5745514920877589,9.721348380941903,0.4936872466605135,0.2624169533816592,5.9311936989200404,1.1235142208340558
549,34.60117104959521,15.683480724356075,2.0217614427043356,1.5175000458327155,0.3658427113022931,2.595368561653479,5.240885421932098,0.28527302052208453,64.9383664232805,0.8404796009989588,0.19307530062841372,9.503118180743524,1.4111853562267032
550,29.559222959541565,8.01844985036639,1.929425903955606,1.536689458911829,0.23645699594202851,1.6979411907557742,5.401237436372427,0.4095504641866404,29.370423505020696,0.6159584263910989,0.18687266152461685,5.4008101174727505,1.3631159718861254
551,53.09454884174459,14.987675617975023,0.2777554421880238,0.9778076600189497,0.9530587630130989,0.6638883907673074,0.5364371565294044,0.6815311551566333,40.52213743468484,0.530621583753491,0.20369738380441674,5.9311936989200404,1.1235142208340558
552,31.018638817116702,9.194456441442926,0.5609728562997891,2.019748414939289,0.22933929313096313,2.409744313755077,2.6809557008958906,0.1474019832423666,44.097068283790385,0.8691848637177115,0.11249262373223468,3.229876948287861,0.4822898375965262
553,64.45506551328285,46.45088964514233,1.1633357250951801,2.687733590488436,0.4360873791278043,3.867986339519339,4.623760439064475,0.32546431824292194,101.40814149752873,0.8608976344706382,0.05953492683060101,9.6970992279521,0.8292490814592475
554,72.47962513090205,55.72104037863396,2.34988192842415,1.073627113172648,0.34057775076349245,2.9074846741583045,5.243269350570925,0.42465946251777636,166.79053397763153,0.751249060869073,0.11934832161153697,5.7271580771412,0.7467970743901524
555,21.14263188584007,3.553256061728716,0.736844427105755,0.6522142797106408,1.4944187750071947,1.111827465885455,0.8274263025668733,0.6384389238467928,37.540250756357,0.657246748566528,0.17387047721753335,5.9311936989200404,1.1235142208340558
556,42.240414967008725,13.053008450915984,0.6082375860426836,0.6007378332225286,1.9090694732668694,1.093983475925151,0.601072411695958,0.8640176275112516,34.52586374031353,0.5419188129808034,0.1600949389061875,5.9311936989200404,1.1235142208340558
557,27.94810451438154,17.84381107397838,2.0332442203845242,2.0894947198505203,0.16087601835524964,2.3178028795562367,5.57780860883447,0.23938742592412526,72.39937987023052,0.6698655715205143,0.11048706500409317,3.606217387154178,0.3584651725008259
558,45.22093021453428,12.121194486431158,0.6272454965516443,0.6451998570524681,1.3606517365094999,1.240210461397428,0.7970979412013548,0.800618726175347,32.71369501463988,0.32045323940306797,0.1763647850969943,5.9311936989200404,1.1235142208340558
559,10.143359973589147,1.1224127652795615,0.3094036784715707,0.6221961013315264,1.6248835827337895,0.6072395209989494,0.3652598645009491,0.8866590360242088,10.501762412071457,0.6208050431568409,0.2616885136216569,5.9311936989200404,1.1235142208340558
560,42.0132735661279,9.03026414976431,0.5496221477249572,0.8348763982531408,1.530733978697016,1.1839487996360458,0.6876317368988996,0.7667865946125707,50.35024777910114,0.4299883236828054,0.18299541547954748,5.9311936989200404,1.1235142208340558
561,25.237869100257683,5.35003711877087,0.3261834045504466,0.7881522148765365,1.756348192357143,0.9142453059261837,0.32473378881471254,0.6841306523480155,35.565446377196906,0.43673694820407216,0.2473987068314831,5.9311936989200404,1.1235142208340558
562,19.286876033489033,7.410636220891443,0.7270140978664679,0.793146372788535,0.8368139820601048,0.7003391366187574,0.51700551905686,0.6566697062096073,23.556574665085247,0.33347032748096544,0.13874786840047865,5.9311936989200404,1.1235142208340558
563,37.95938192198409,3.694661691681136,0.2784512778544017,0.286925976958951,1.7287120533116118,1.400976069743912,0.7178686158857118,0.8066138267031505,38.550863868181864,0.3151008372708869,0.18645480708471526,5.9311936989200404,1.1235142208340558
564,34.304095843886465,8.68274316023601,0.3073198307909802,0.8340289485460509,1.5167117204238576,0.9015745065522903,0.6513693044785425,0.6050816982629637,20.70633423668829,0.3476368602102741,0.12607025598731147,5.9311936989200404,1.1235142208340558
565,7.382188466920807,3.5363095992769713,1.056018052586737,1.3864882888938197,0.391160372483822,1.9852504207926167,3.8829648459288144,0.24170002319284017,20.09507503585666,0.6127725147513694,0.1430832756903196,4.5030676380764865,1.0329214922881864
566,17.871791713901356,7.822339257826097,2.7036361362533987,1.9053172394943532,0.3587535989213245,3.652575462265626,6.144784072624528,0.13533514589198373,50.47426315829198,0.9274561201373619,0.13824259982725717,2.3574250726287027,0.39490713491497886
567,38.41595484120612,9.876327515951813,0.5885108963831261,0.8386924500920756,1.5686506320892541,0.510486867097345,0.4841085532039988,0.6916164100491957,44.661852545369364,0.4507357743879812,0.2094408795244991,5.9311936989200404,1.1235142208340558
568,49.008924006667534,20.50653073655788,1.0795362364509313,2.2575068800586853,0.633579357876693,2.8114847897013564,2.8360307092375763,0.4681436435780746,98.3882404132615,0.9121249531622714,0.10132869714083817,5.801951381502576,0.5891225232226514
569,55.27699094875063,16.39722898843658,0.6052919239669089,0.8894085868539386,1.3488700535522693,0.5923844162594055,0.9621063116849962,0.5764567636049203,57.5559484283267,0.31305748649925036,0.20075700763630558,5.9311936989200404,1.1235142208340558
570,38.7164010678498,13.989113808304818,0.7265647782154396,0.21691767599172795,1.614722128469656,1.2477414692207422,0.9527324704548787,0.6627228325232823,52.19947351676844,0.5843647712002723,0.27195705306131224,5.9311936989200404,1.1235142208340558
571,71.0683306732193,33.496676121213575,1.4601576914353926,2.254167388262945,0.379494772212456,2.720855602608972,6.369729081329922,0.17325545121073876,103.4208227169355,0.7077673084677119,0.15601879223807935,8.495848765587713,0.5031287411943817
572,59.44457835995016,45.48117554387019,2.294758140584839,1.0464760319530413,0.3446982660416753,4.1199690329566705,6.305188845867926,0.412702154978065,84.88651645884293,0.7166607672888535,0.06725598571386128,9.194620769496957,0.507777838985067
573,26.31030813078883,10.629753699085242,1.0445940539614325,1.2219928392931325,0.3274664290168096,2.3444249501554615,2.890869230001845,0.30847344017957806,65.90344732729473,0.6256887420562722,0.055938885902284075,10.623123279826057,0.6476621047919405
574,11.574256169258122,3.6988631086815564,0.5489150911593861,0.8272386537618034,0.8596977703902503,0.8151691444124465,0.7209728246047611,0.5925192384591516,5.547567585457467,0.46664254508297226,0.10312978799965856,5.9311936989200404,1.1235142208340558
575,62.69539520818377,22.665653980687413,2.6229939163847944,1.4187064424789426,0.5093006862146203,4.27968198915373,5.878423694427465,0.19316541933346013,90.62086787310103,0.6625797128081453,0.18544281020294898,2.6494640713721953,1.6670659563820682
576,28.818458490725085,6.698081467019956,0.19391367806802368,0.30188028016491375,1.2489251680430538,0.6646164986902392,0.8572276220944186,0.6939840419706441,42.86190952776514,0.4127227026166933,0.21317643042887655,5.9311936989200404,1.1235142208340558
577,9.00162381078762,9.4390308268875,1.7237375085334439,3.6876566373477124,0.40701975391858863,4.338300190144645,3.3074131969999265,0.4114854829746258,24.552037607191355,0.8382918708474054,0.16992262802865166,5.00155780398595,0.31490715601002156
578,38.031878652575415,20.820464501929322,1.1238303538519812,1.7833531385934591,0.21083934344754163,3.9928539139929615,4.9654762371794465,0.2830218122636519,78.01849173580753,0.7005794839661307,0.1534990241724219,2.0880100907733,1.3980491606939434
579,52.11692808166786,14.96731662566103,0.7817937024980869,0.9174312822783443,0.8572164308810097,1.1760567800263375,0.8769693702575212,0.8549336532297314,29.081618524666435,0.48086126156170517,0.22168932613793071,5.9311936989200404,1.1235142208340558
580,27.05721714235089,7.250690363699879,0.43451140906484426,0.7959290731858271,1.1477231206954068,1.1862197313295926,0.7330888223567265,0.8297742190179328,35.496508192855444,0.3825304393933385,0.12228173237770586,5.9311936989200404,1.1235142208340558
581,33.63714092921663,12.559458127863236,2.870796410609044,3.5479115846133413,0.27988587058912806,3.1100668953467863,6.554804818535161,0.26270959122451126,102.22040933607846,0.763790096458328,0.18857663097778285,8.927901697413906,0.47030036202967135
582,24.106933796561773,9.741324632945222,0.3520853472735983,0.46421858848773057,1.3611254112649032,0.8065018517979297,0.39180013406499203,0.6595101613088147,22.902102127944158,0.5115566691021849,0.22169046810306273,5.9311936989200404,1.1235142208340558
583,15.905586423492243,2.9851193314596856,0.697451038605857,0.1880633981056751,0.952136528105637,1.3787909184371552,0.46428988704570573,0.5876780834672096,9.288269085948707,0.5959721474462312,0.13111009801344875,5.9311936989200404,1.1235142208340558
584,31.429750446459984,16.752440802653773,1.968250995048689,1.3046395021195123,0.3063530058956071,3.0235660775792934,5.373469366589081,0.22858290301433287,74.89064708589011,0.9331667413052196,0.08257779407146744,4.787539981931381,1.5379650886595813
585,25.3758342642353,5.142316173546675,0.44448572606970127,0.6425498293732853,1.8660266403701562,1.0812019733220246,0.4696152813887473,0.519531215485486,17.601941817004242,0.3223017069521503,0.1196523337116094,5.9311936989200404,1.1235142208340558
586,9.57323924165899,7.032666488345131,2.757477219409241,2.233379486270174,0.3717657147088743,2.95741276310165,4.281773861040379,0.2029603075205648,30.770004677410615,0.6555300880882359,0.17960480945647112,7.071520984270466,0.563294970240301
587,41.43482266877819,9.410165212784115,0.3932706950090227,0.5076432712067128,1.0664055706621847,0.8786395622739926,0.8919313747857953,0.6084706197701292,41.248921562609695,0.6164861907068693,0.20856835461884568,5.9311936989200404,1.1235142208340558
588,21.352507604184407,7.437192941509605,0.45653404543632364,0.8017577210792836,1.3645655681439717,0.5676963813148889,0.4131298216012551,0.6160533704074115,25.829916340770158,0.6547758400268768,0.22009855011254242,5.9311936989200404,1.1235142208340558
589,55.72847145791775,23.976334279808746,2.3094621306734937,1.7330217883378962,0.3618012979967545,4.150918202530464,7.042841124759325,0.2868415322833641,92.47414337293368,0.8854460108775234,0.1639475893743299,7.718575401504667,1.702780292957805
590,49.30641481873146,6.2402759065139755,0.5042797480967722,0.28939770362643064,1.712798664476144,1.2588419631339196,0.45083597967303657,0.5680972475176664,48.26084731913303,0.6176813506309557,0.14495664152282314,5.9311936989200404,1.1235142208340558
591,15.35581269667634,5.8246955165439775,0.3030870796513631,0.34735074623539025,1.34795436310418,0.9025902182899462,0.47794155990364606,0.7593724556795732,11.772486221524503,0.5540946329211242,0.22191180716195155,5.9311936989200404,1.1235142208340558
592,53.42258140140973,36.4563304292097,1.2134224356296992,1.9887047337512886,0.15602406998049115,3.6669984017457473,5.0971101542429595,0.4671325561434533,125.34590617375915,0.6644868868010066,0.19596031747857448,5.2689723656584215,1.3933342653232874
593,21.57008696387877,7.199216535633425,0.13352027980155068,0.8522641051375686,1.548768113494111,0.8632090097633834,1.0307648829095148,0.7969458799444457,19.199387845078263,0.35905302216052154,0.2341664538348711,5.9311936989200404,1.1235142208340558
594,36.69784331091436,12.19779075992316,0.8362088832458299,0.8494732028349486,1.2658384553676845,0.7778367637535238,0.9003186301096572,0.7856031966402688,30.046895156138106,0.3379774692177566,0.2235486044737318,5.9311936989200404,1.1235142208340558
595,15.439015265424258,3.42370826048486,0.354117659941139,0.3204971083130726,1.2066725107391703,1.4546614914338607,0.614549240499766,0.5209019084581293,18.362356398909807,0.3980010826594156,0.22943730301740772,5.9311936989200404,1.1235142208340558
596,52.288804212589895,36.78762939196339,2.205673175755032,1.7903452900461292,0.4102677123999355,3.6535583482743057,3.335392019035393,0.3606639137860017,78.83300720136042,0.9565436195688695,0.07867634975960063,4.479285939393903,0.29493965164795216
597,53.81124905953952,20.567504601250803,2.2661112872579277,1.4599896654718887,0.3953334167699085,3.6096198946887483,5.541104544443691,0.42787549249768303,83.67920674372357,0.5855630540685036,0.105696753183038,9.835825129173289,1.80662903001275
598,24.651636859108336,13.949496106656646,1.136880911192451,1.655949576255467,0.28829581779436314,3.1332698819330265,4.353582209264096,0.46405808982709074,64.61623768492426,0.6115453534484708,0.12091916432392487,10.11124902344498,1.1607989815041062
599,8.909593892495641,2.3559490775962195,0.5927030038296776,0.979781132354965,1.0360951424418963,0.6895414419278129,0.36016223231896805,0.8011804436170147,14.783114693740044,0.6234007013188585,0.2954550310261661,5.9311936989200404,1.1235142208340558
600,42.34923620930707,16.84010974322947,1.3142089584017358,2.54187742956875,0.4488738450916512,3.278680704594983,4.99961781893957,0.39714891992510837,126.38475926510617,0.6549477958615012,0.1785889543479088,4.163520588413945,0.6722840681044747
601,34.607152856704644,5.385006127537908,0.2698495889920796,0.6994197775852522,0.8281834885834812,0.9369307866850315,0.4413527350240616,0.6251692929549653,30.7177312728985,0.38640769413600584,0.2839072248436321,5.9311936989200404,1.1235142208340558
602,17.00789942303993,4.913408091633994,0.32997866193068864,0.349019690168855,1.6372244855361076,1.366864555670587,0.42557625927277165,0.8593075571555459,21.853270164249277,0.32040360230710047,0.28429866437455775,5.9311936989200404,1.1235142208340558
603,30.51231760322275,5.22150372298721,0.17273336509095985,0.7011342200844314,1.0366139632307478,1.3812026389908645,0.57975544122384,0.7185305691483863,20.38202441375741,0.49306712510884027,0.23949904916562828,5.9311936989200404,1.1235142208340558
604,30.281951931200247,16.112710079916862,1.571433539771731,2.858704506638872,0.21850237682275653,4.335381212398563,4.511976802192317,0.182901337632927,94.06440301465817,0.7744168204241358,0.1477540604641366,5.602202781700365,1.749969647441825
605,46.62019685454869,14.469257965969364,2.26799876416058,2.2527438910090503,0.4092625668118151,2.8657037374929195,6.334925062931628,0.3864192876683549,94.05478678695916,0.6885496638659958,0.10684689085675901,10.479788092365158,2.2026231943166548
606,12.651442397366214,2.0888279160810845,0.4953187336772101,0.7456392802324022,1.7805013228037054,1.2296430370887992,0.4035962814971192,0.5923748852557824,12.50688096349469,0.4254738414994019,0.27752570407721056,5.9311936989200404,1.1235142208340558
607,32.57597694704475,15.183619120775445,0.7493718465998853,0.33080111848204086,1.6946395811614248,0.8184441623668881,0.6231299655785951,0.8214771307184208,24.739845885377388,0.651776124196462,0.20150357013866582,5.9311936989200404,1.1235142208340558
608,25.835032324806555,11.029599831109918,1.2170448675761427,2.575370645396191,0.2588927976793883,3.8919745022193726,6.6937426432962885,0.29613678095152657,80.38954260139408,0.6458127305919509,0.07111303394953118,2.1772696636732007,1.044890863121169
609,19.357476694861184,8.879275826094473,0.41440375405024443,0.4628339097820059,1.1309298765772386,0.4734583944684833,0.4798194734856792,0.7656415105471405,21.142028695471293,0.587959846082968,0.16272696903495967,5.9311936989200404,1.1235142208340558
610,12.406394886915676,3.6684199419666452,1.3567533544210426,1.3905737453300042,0.6636145808878112,3.1875321549894706,5.430438194859327,0.39790838228308534,20.191714024813777,0.8175041196928707,0.1531281810620228,5.221082746170477,0.813609303766181
611,11.823456036040238,2.699184009268708,0.17120779194348604,0.46117019186725944,1.5766983948180686,1.2944603942615174,0.7236659219146151,0.7271305175574155,5.756070738162334,0.2966363353004859,0.2557284512180726,5.9311936989200404,1.1235142208340558
612,27.703509978984734,3.9021748014523903,0.5787434450301717,0.33344932541299377,1.0979526472467975,0.7505763988325358,0.8987759717442283,0.823956287232903,24.44184590624709,0.32720265008656485,0.2763457198527949,5.9311936989200404,1.1235142208340558
613,16.56979856480985,3.300391999854452,0.7108327426867012,0.9687636818466624,1.8263610898463802,0.7412835974502242,0.4916768161744039,0.6044959613036789,20.730317213952706,0.29366227982213533,0.11706770492524034,5.9311936989200404,1.1235142208340558
614,40.4412350582052,13.795265108669046,0.2890097678234676,0.5126886159697089,0.9132955098419661,1.4974989838907022,0.38007252495751415,0.6116047978704527,38.60498549938178,0.42400780583466163,0.2892438214585042,5.9311936989200404,1.1235142208340558
615,10.119875241132869,3.331876603226727,1.2146360232573306,1.3846697616615329,0.2260384680431198,3.081891247632731,6.953376744187534,0.24729386024563932,18.31554517955093,0.8026581996624887,0.11259094201423386,2.5753760143163134,1.679427180186025
616,23.2521898798735,2.88472541978446,0.6970389279004688,0.5577975373276722,1.9124800781706328,1.186721906905668,0.850713933523388,0.5938097171769187,18.644621548061778,0.33878614598933715,0.15166652712485956,5.9311936989200404,1.1235142208340558
617,23.169000604162523,14.815404466609534,2.4221540369140397,1.7713466052688192,0.5272393081046174,4.414507629891041,3.2889784712259864,0.15380070115367261,51.998296876378426,0.7530141029018089,0.08986132987435497,6.224093610257178,1.2620265156384327
618,6.355959210783726,2.036233732019107,0.25910751694595635,0.8687971543798415,1.985081059711723,0.5898006900972059,0.6037014876214822,0.8939656727386609,6.448593014573552,0.423694383457628,0.10458123365073559,5.9311936989200404,1.1235142208340558
619,10.869219104468097,3.658793519747924,0.4883508381889745,1.0059467396139254,1.6414301029256784,1.5176349137852903,0.33940715952869077,0.8604734521685327,16.351915339446037,0.6308433890406352,0.10100426931800442,5.9311936989200404,1.1235142208340558
620,24.427799192627,3.405868795294492,0.23705440882530246,0.5342159813447389,1.0400116430772244,0.5970889954587094,0.3230996459059379,0.6728211987798125,14.98609287516242,0.5867591686145811,0.19901453042050576,5.9311936989200404,1.1235142208340558
621,24.142504081861755,7.4077102453423604,0.1575070527629063,0.8902758178548992,1.299005574628403,1.0476790593418555,0.6210828429985525,0.668324994671004,15.024359368478512,0.5749647034234179,0.1303351849899464,5.9311936989200404,1.1235142208340558
622,31.623068749444865,25.897286083479823,2.4849931206684563,2.2004991571377364,0.22082605156346471,2.8312984492627153,6.941598606932751,0.20767964893677665,97.6984785405124,0.8281999714883133,0.18185799608048545,2.100063016378808,2.051360168155316
623,28.69794750274128,4.8721976369846045,0.6658938547958045,0.3233412055467068,1.2950098992067909,0.5539444309563033,0.8150861830624162,0.839852839461783,43.9693253618301,0.40489335242058827,0.27823559756755245,5.9311936989200404,1.1235142208340558
624,37.94940486976804,12.492520241807329,0.6762003766094998,0.7429267917378404,1.6602769578708407,0.5506670267684246,0.6595320202768525,0.8092494694292864,44.6517423673491,0.6515266824210458,0.22634914156182945,5.9311936989200404,1.1235142208340558
625,4.774617070814081,1.0508795417526897,0.1419345151795603,0.5812659761800429,1.154448027184149,0.6821932419600041,0.6136125107747754,0.6912671087742008,5.9512445614778775,0.3536452910211247,0.24358153249639006,5.9311936989200404,1.1235142208340558
626,26.25435209181534,4.568093806800052,0.6610517472435502,0.7556311663465383,1.2165124787015291,0.5744340353878298,0.5582415406318596,0.6382352487160586,26.448470942159368,0.37727238482056397,0.1452975459614305,5.9311936989200404,1.1235142208340558
627,43.4621088005678,5.06619556837505,0.4333206460082172,0.9509907275675137,1.5440209804351028,1.2325520978765776,0.6283627262209531,0.7554719026728576,54.866518644237935,0.38501964692959356,0.25580797680253786,5.9311936989200404,1.1235142208340558
628,44.735573941270495,27.351957607562376,1.7351542111303389,2.6751422782265637,0.525764520240436,3.136759404538202,6.708475892506417,0.18224558706641802,101.44758092587954,0.6105279990451696,0.17841574655175962,5.385030435084874,1.5537006070986041
629,27.538495797277722,11.988916345691909,0.4772670588223271,0.9789037840339289,0.8150557081232879,0.7875432838449641,0.9492930034672404,0.8143621621961254,37.604905124227464,0.5329642130652766,0.1982326480003438,5.9311936989200404,1.1235142208340558
630,17.141637908567485,5.475258067255617,0.1597487525876272,0.8241930514428383,1.240608691244514,0.8854878178477879,0.9949680280961658,0.544992640671972,25.812761348003537,0.5422320070345532,0.28489149628720606,5.9311936989200404,1.1235142208340558
631,43.90365974427823,12.85396066685848,0.5935216584871137,0.5578997744856267,0.8763059358387968,1.4994103906717469,0.4288124829945554,0.6533172169784136,48.79074333927486,0.45959681127083446,0.2589732364401309,5.9311936989200404,1.1235142208340558
632,74.61339412355748,38.11770939483475,1.1310197638582693,1.2651183115314908,0.29420653849069095,3.282192317419965,2.540716020695729,0.4217599282032569,116.70139382674873,0.7275942333959843,0.14028255135940604,4.063204992309315,0.7968574978719404
633,30.397787447575904,7.3186017831767884,0.20954507730912492,0.4945478449282001,0.9042165352921278,1.3434276718792084,0.4175124554161801,0.8429623797607249,28.487712233998938,0.630772066050802,0.23181665912521537,5.9311936989200404,1.1235142208340558
634,59.57918245938779,10.154412872329257,0.23200451997183752,0.9690820708646817,1.6208227627546594,1.4032149972283918,0.7929432723504437,0.7143711558165767,56.04067627954909,0.5362389223987939,0.1392803349935134,5.9311936989200404,1.1235142208340558
635,13.372800009840507,1.4834311364828234,0.20538909921275364,0.7084398470803065,1.0826860911706029,0.7685911452933885,0.8008131005617302,0.6204954788507125,9.570216230321375,0.42770719988669864,0.1524767924249708,5.9311936989200404,1.1235142208340558
636,5.283948441061677,1.3530526866705603,0.13384032007903576,0.24356858840612294,1.1434784605008097,0.8112787934883928,0.9357637436396591,0.5085376958903297,5.1949406745016935,0.5255707350647031,0.1235734480560778,5.9311936989200404,1.1235142208340558
637,41.05623884864053,12.806675714135883,0.5282564917973303,0.45483434466591044,1.7869891383489955,1.1694894171429397,0.8285114126173414,0.6674964757855436,18.463690500983652,0.3927694174444973,0.1005422019713905,5.9311936989200404,1.1235142208340558
638,38.176403922300786,4.521664566729436,0.7396302314319504,0.7182412078249528,0.8017365091160501,1.0651116278781385,0.5933203827797491,0.5909181933215274,29.078840104604396,0.36860697608065746,0.13687981833130325,5.9311936989200404,1.1235142208340558
639,15.008044225308012,11.576225875838166,2.0426151623850872,1.2560755035951063,0.4788928309942561,3.2986095225430074,4.271724397835258,0.3954022460617299,27.71676182110092,0.7580859143741185,0.1788842519484676,6.558188095285222,1.9331904778690412
640,17.976635565576238,2.5451370944343523,0.1383968664740764,0.210379697957339,0.7784842680192608,0.8774666057532804,0.7863581182655209,0.8364718000633856,23.26661760920553,0.443813458716314,0.14802891716307928,5.9311936989200404,1.1235142208340558
641,6.934485105285641,3.936877890534893,2.7569127404970057,2.9387754288653767,0.5066127196431911,3.6126846793737992,4.5301170179126435,0.2602763448648061,24.17536305681654,0.8832468161642959,0.10402454098318889,11.347031097463828,0.5779308991724409
642,19.971152191515852,6.3266255865994525,0.6562599447038786,0.4268613641080572,1.445175260126218,1.2968331868288339,0.6845374368168764,0.655442935722996,17.774547769679184,0.6661515884199934,0.2150422528748911,5.9311936989200404,1.1235142208340558
643,42.474541394921694,9.84543920938204,0.3312593098893427,0.5202110617676273,1.096661664410622,0.8956356899061173,0.8130036961388654,0.8716708451605558,34.17189064054316,0.5037574497265297,0.13864771933754236,5.9311936989200404,1.1235142208340558
644,29.251236228271313,7.474759869114974,0.33344281741064175,0.4230412635719965,0.926545677719474,1.3017036529571828,0.6860884492102557,0.6337408564764179,18.35637014734855,0.5460605510975778,0.19139724251917214,5.9311936989200404,1.1235142208340558
645,18.781073870872678,6.391554626729344,0.5152647528984383,0.35177637263442246,1.2635660764525722,0.8096539294818921,0.789456767178367,0.6084899130852969,29.397937388571133,0.6129115175787887,0.1379899850027736,5.9311936989200404,1.1235142208340558
646,37.87505349876505,14.777300996646703,1.8683418199797517,1.6762877318249216,0.4356993204146956,2.0147599892607344,3.8362688777526452,0.2265277537576535,73.09647855122964,0.8528750207050759,0.17640816855331531,7.750336885516064,0.7864802865349837
647,4.301249398052786,1.3301601310108258,0.12550960304753048,0.569606002779157,1.6673812900954375,0.9100268297593268,0.7834873987281408,0.8158769604133949,3.005331235262258,0.35303984334486943,0.24390877334875713,5.9311936989200404,1.1235142208340558
648,20.507014515812102,4.146414869816616,0.6569945417321387,0.380611459636908,1.5691363524567261,0.9507814190247906,0.7654120758216041,0.8503341116302046,25.422881345986987,0.662302153795033,0.10685390065221145,5.9311936989200404,1.1235142208340558
649,37.58626943880013,9.671899290342328,0.5218553961257731,0.482269728483707,1.5440596448372423,0.49713491264590276,0.6381214161686861,0.509819912242483,29.813923651865508,0.5057368418344836,0.3078883690418473,5.9311936989200404,1.1235142208340558
650,74.19624964382113,38.614345550365194,1.0646379868599052,3.355244532240226,0.2524695628028643,3.7279176061554464,6.507258187608073,0.26100589831662835,133.27077636223027,0.8309298843694471,0.15042347086738125,8.373822319362628,1.2998469089774618
651,35.00182465611234,14.388657419792452,0.6440764150018575,0.23908216649110306,1.185893969079068,0.9113737330784147,0.6292935091263173,0.5238323206997741,33.348844971741926,0.4379797236485637,0.11266379609799795,5.9311936989200404,1.1235142208340558
652,9.013136834886145,4.1182937997684546,1.953869100463591,2.913373876391371,0.3505345363178382,3.7461629068012594,3.254414831816836,0.31039647309370516,11.326950283552055,0.7022296352943896,0.16118232566575727,7.26011905540425,1.6279041732106676
653,40.295843456065406,15.20572634840819,0.25283640935611695,0.26572830104549644,1.0928469186762226,0.578874149032045,0.3415377954452901,0.7970807343446592,44.10555710207216,0.5795176313717854,0.24626785972985757,5.9311936989200404,1.1235142208340558
654,41.45171587366012,5.752277445078927,0.3623780217792493,0.8881217615026369,1.0689955509186533,0.658393270409637,0.6865958393803586,0.629047779483263,53.302661653516864,0.38164412092432315,0.14683111694776002,5.9311936989200404,1.1235142208340558
655,36.845747927340284,4.508911965799045,0.19787155756544778,0.8079814982889146,1.4052365771493616,1.3282601141703962,0.6945889617894297,0.7895113680871197,27.792099394576745,0.5439013169586234,0.2422821652227578,5.9311936989200404,1.1235142208340558
656,29.377751739353045,3.995835192347363,0.19173773808812505,0.7725439329926642,1.490528884985842,1.1629816386868062,1.0256692685126203,0.5865416089229267,31.04389783424632,0.6069028338833149,0.12084059274529328,5.9311936989200404,1.1235142208340558
657,24.39672181931265,4.907606929115899,0.5399837452127498,0.7574235213298297,1.730167807885523,1.4019366018706914,0.5523419807678527,0.6479631240215292,11.929545958160494,0.5044830636847086,0.1879103455319152,5.9311936989200404,1.1235142208340558
658,16.470715322505075,5.0917420935000335,0.6951344484515911,0.7787949514591078,1.041311202452734,1.5067865829961578,0.5572452603868404,0.8809536893624885,26.89289802937669,0.6546316812187531,0.09523858716161841,5.9311936989200404,1.1235142208340558
659,12.424568345283486,4.26972767704424,1.071485994228818,1.4713558930144828,0.21918480083023797,2.90862760024841,4.9256451994652775,0.1515893883388834,19.345890311914953,0.8099798139190701,0.08928127825142802,2.380852097410064,0.266662944192262
660,22.27359689791265,14.660634658481635,2.366463896880044,1.755756997153008,0.47881031338049457,3.3559787921133326,6.257713850661385,0.43052809643095385,33.425995171054694,0.9890250559131539,0.07341733822299117,3.9410575721007115,1.5985130667816205
661,23.916245664896643,13.809789088665863,1.969993681598546,2.780466321385971,0.3444669088647452,3.2573593277177664,4.25741966170836,0.36000423435450235,58.94542089800146,0.6983032561048277,0.14394761908499465,8.760378990565144,0.9961469655896045
662,27.604377768699862,6.419318601428801,0.18746837836199992,0.7374522712569509,1.0406839701618484,1.5187865263321894,0.4850230440742501,0.5347861063000118,26.85918668627,0.3154939364446107,0.17327344305330705,5.9311936989200404,1.1235142208340558
663,46.6399650856116,4.712734594154552,0.6986163068895069,0.8906559768696903,1.0938450697671112,1.171322109980118,0.6959715335992931,0.6779988418292565,54.97110011662443,0.30611144053024525,0.14175783215496343,5.9311936989200404,1.1235142208340558
664,27.45706297847173,2.989520645421794,0.48152024108308106,0.6343323195297577,0.8363285233165576,1.2061585650374793,0.8531273385414123,0.6590123354887386,41.86840348573883,0.46714806278374654,0.2616784763773432,5.9311936989200404,1.1235142208340558
665,9.171024217150503,7.061368903329472,2.7374344435368756,3.242765310128208,0.3480759947809446,3.474764851089579,4.672259436139252,0.13057191578573113,20.70092329560279,0.6213198830638357,0.19013474612123404,5.0107308285566186,1.2005062846776828
666,61.12437351223171,29.446112909020172,2.2588075940937626,2.9990898861356863,0.36744014598792646,2.3594419941477156,4.13977786508727,0.28111698315677247,120.59311016171276,0.8246800212369201,0.15832739343660537,2.9055306528233125,1.4445764369194114
667,42.82593238136268,18.27012119716094,0.5678685031449431,0.7357936745285044,0.8803912336028338,1.0215047985638437,0.6462890039059289,0.7214013575847462,47.91387681502802,0.5081816244655163,0.2905499545109953,5.9311936989200404,1.1235142208340558
668,46.46357005050156,5.77743475514199,0.7136039043834516,0.7035445017682775,1.0310567442616512,1.2830997144633176,0.5368328278084251,0.5188750374304846,39.74091111831719,0.34266895453740165,0.22759636788792872,5.9311936989200404,1.1235142208340558
669,42.142750134910614,5.503442793777222,0.13780958006734018,0.8442057946673949,1.6151137281911547,1.135000323641149,0.9436019505594527,0.7153182484476589,51.34811472249162,0.34322058995097027,0.13616746963087883,5.9311936989200404,1.1235142208340558
670,31.91837663272523,6.90249987497095,0.5625106733836184,0.491480870393959,1.7455161153152765,0.5302823785418476,0.8448177260979869,0.5404828378277665,30.873575545202876,0.6596440852658905,0.15527413062864368,5.9311936989200404,1.1235142208340558
671,49.07655831757484,8.497320310509064,0.6615026795787932,0.8493760355930846,1.2280205650386606,0.8534455931843568,0.41683776540963535,0.7617123349303314,25.465230176084056,0.7107358132687212,0.2137907893353047,5.9311936989200404,1.1235142208340558
672,10.126456829776632,0.9178200764675056,0.29931371490068986,0.7259433914454447,1.604304466563736,0.6726916230447273,0.2964245962149129,0.7722709332783844,10.484311856993077,0.5768326634748949,0.2088050663216047,5.9311936989200404,1.1235142208340558
673,28.436065017088627,19.54616074953976,2.2003937869966084,1.6755340836038801,0.37894930241116614,2.558072403749765,5.8700665718115825,0.1200055173325539,98.16301113319705,0.7837712288022716,0.12642819931074728,7.650967184251412,1.0994534939982463
674,17.55519633455487,2.050149850934757,0.30287879647489635,0.5698890763320498,1.079407651251103,1.4166493402128957,0.5077707511067371,0.8412987208657344,9.538958053089628,0.5076628237483806,0.22870810587208132,5.9311936989200404,1.1235142208340558
675,14.571805967698886,3.8303203254022686,0.7995178178305004,0.609463307718715,1.2189829069246052,0.5390110950317465,1.0198783943323044,0.8786739503224724,15.489744117337116,0.3802595547177828,0.1705272222039592,5.9311936989200404,1.1235142208340558
676,19.798819149507455,6.997664118604858,2.717797510102124,3.409950748681066,0.30048128313534467,3.9779759690878116,6.053108398645214,0.09085334754934372,36.197378462926615,0.7727111208245829,0.07221434622230698,4.448378494663291,0.29599150632752924
677,26.511288762386986,5.155640628163598,0.4695406063475903,0.7848983064511985,1.9374900718627133,0.724287060901602,0.6119577460367787,0.5984643536492974,38.59197738007586,0.5527246101467472,0.11807722699249856,5.9311936989200404,1.1235142208340558
678,38.104424036562314,7.949087073989771,0.2450658397153449,0.9766959688414074,0.8323931653677488,1.113581945551132,0.8989344589923413,0.78282179890032,24.30753225955763,0.5262232068209678,0.19746107702451837,5.9311936989200404,1.1235142208340558
679,28.39857645025802,11.198741330550027,0.5622043101113582,0.2505403110643553,1.3642862272451042,1.0505026585629595,0.5906923597651038,0.7965368816094346,34.730829722039935,0.3136021950315287,0.2578328293807007,5.9311936989200404,1.1235142208340558
680,11.597064062978083,2.5424876268438665,0.2180165086168414,0.2572287360816079,1.246450197219885,0.7825413386020839,0.528604215992321,0.6490580235470969,8.879925853149762,0.6714009511571173,0.10372354884485362,5.9311936989200404,1.1235142208340558
681,37.80927511197034,14.012072847387785,0.2697380382576379,0.9854110093683566,1.4647512061302144,0.6273233652049074,1.0010463184357685,0.8349564994403188,39.51389719761446,0.6375202482976677,0.22197131907002476,5.9311936989200404,1.1235142208340558
682,44.64533789422788,36.86393424936001,1.1542574451248016,1.5519567352174874,0.5259379625460289,3.737884291996329,6.350560367861752,0.08339524914531331,114.54875314525124,0.9400956818805174,0.10609691240587432,4.718784616709086,0.6314918719270017
683,22.175002487358654,7.672546098339081,0.7942206488801786,0.6738658113923712,1.1958350872264722,0.888694128024843,0.9624499524676289,0.5272613140840371,26.318289700458998,0.5296228441150284,0.22624482187463024,5.9311936989200404,1.1235142208340558
684,40.302345364510366,5.683010142670565,0.24602471987040395,0.5660318439813183,1.6913482700564684,0.7175508304029156,0.6979534249259857,0.730991848033652,22.55666502840073,0.6314351692612842,0.10074065167827112,5.9311936989200404,1.1235142208340558
685,13.998100468731316,5.357251397886412,0.1917062185686024,0.2493630498462489,1.4517995860494373,1.4366510579620775,0.8233965576731451,0.8699600400793988,18.222389752408073,0.318855179165282,0.13758194984991112,5.9311936989200404,1.1235142208340558
686,24.813816934292337,5.614211516136912,0.6506806092344065,0.7834408184778519,1.3119012379259931,0.9289717051686734,0.410518287634918,0.9076227368202254,29.737679327235924,0.5074556998322737,0.16606833978594046,5.9311936989200404,1.1235142208340558
687,70.43667675577971,22.570949869337458,0.7706069235954223,1.6610004779344651,0.3411734743842261,2.6730734435441645,4.763694271605228,0.2264517160578693,109.55410806374577,0.7449344850524946,0.1220503723405212,10.325601321850781,2.1316000456587902
688,25.29055731085973,13.126842574070528,0.6952394888989739,1.9198853328429712,0.20967858940511128,2.1107935673901257,3.2801061064634918,0.37054511667605533,59.75180494218557,0.6330250085793452,0.09934948204469515,8.7033757019968,0.39986880185506685
689,27.417585332996246,3.190749410410692,0.21569907589417667,0.4675274321324278,1.2171388913954653,0.8529773694388493,0.45548786632097726,0.5756700388294234,30.82864857980851,0.6035172170041505,0.23853917256686727,5.9311936989200404,1.1235142208340558
690,51.78826362561713,32.888926841357495,2.518096806366721,1.3188515374958518,0.22187412612385032,2.7049802937705296,5.0815222953528325,0.21882849595734244,157.69724306110444,0.7228684240840706,0.12651439518718213,5.070560459291021,0.8361896246093201
691,29.75473908018696,13.20802020379166,0.25770245619083365,0.2605252140259547,1.9578080002055753,0.7806350669925461,0.6103772669229445,0.5616923780352456,27.63441478184305,0.3246012342342096,0.2663820798543797,5.9311936989200404,1.1235142208340558
692,11.567453894781123,7.397742949278126,1.3008624414890493,1.6872877913352449,0.4596639808679196,2.2374066445579146,5.42081815460111,0.12984985701558113,22.6672482469431,0.8618711624044725,0.19383152055798197,9.779002782072498,1.24118255535054
693,11.34580925358059,3.666920195723937,0.5787802706354833,0.42121384524796074,1.2542453849736444,1.1555782321488708,0.8171880886690556,0.7258387648777331,16.418712175295,0.3268568303305201,0.15362097198630767,5.9311936989200404,1.1235142208340558
694,7.177270792293258,4.283419060730114,1.8758252123621133,3.1373855941271125,0.16489106033858292,2.3717091349924773,5.4567268180802815,0.36276003187346334,12.961835787245521,0.8249867185921931,0.2056398312534154,6.680948284392488,1.2422502350644709
695,45.18844160482529,38.884983907534775,1.6483920791100974,2.4957450127517906,0.41421697120302375,3.949398089091811,6.03694067660184,0.15263139334831266,117.1827868937467,0.749033946351909,0.1462570609707395,8.273474440480687,0.32035499363268266
696,21.332351605894377,2.8982429930844438,0.3131631600158418,0.796426942810394,1.429376902908879,0.8345605716797437,0.3425782281235736,0.7319895075625976,25.868561041926046,0.36877922562465626,0.2764767179327644,5.9311936989200404,1.1235142208340558
697,9.650447177408381,4.63803382947498,0.35517492170803283,0.5340718716998281,1.0932859351278559,0.9361069610109779,0.9869480890908404,0.9084054267377595,6.988471056713629,0.5824008894546596,0.1970164159077539,5.9311936989200404,1.1235142208340558
698,65.3425031035813,31.551483986703765,1.6185369878407478,1.8957696152028498,0.48741742925966336,2.9795171928477258,6.40470885424862,0.22645436340988045,137.82270138989986,0.6564237876745831,0.1533829951867761,2.5097241845810254,0.9919941500131175
699,40.50400330408195,30.300333029360452,1.0329127278358023,3.3049441228847405,0.33202235599399055,3.884544270783264,6.871363202635598,0.15741216376936368,113.0011450557135,0.7169365420932899,0.19365683306338813,3.1561809427256144,0.9375789454388396
700,15.708121577016955,3.0272765252322063,0.30599295020370026,0.43345183022974226,1.7879050533868233,0.6373353971162367,0.37639096091465374,0.6930223827868482,22.235256401244875,0.5440862761122551,0.27096264994919955,5.9311936989200404,1.1235142208340558
701,41.88099882312606,23.61325937205792,1.2514666702758517,2.4147494094640143,0.5793077374028084,2.2869032814335664,4.676648598350626,0.4771388799642129,104.04326847588925,0.742215486166512,0.17772979396678523,6.644509099619021,2.0534794171180386
702,36.676575581348075,11.479924622128218,0.36155565061692757,0.7676448933035773,1.0574186846927929,1.023969982840269,0.7551340537150488,0.5437980713083574,20.778827557171255,0.49552593485486696,0.31146869464030175,5.9311936989200404,1.1235142208340558
703,6.971799891244426,1.6216967448632116,0.4727907908575502,0.718452110064611,1.6621719557144898,0.6435582467977689,0.8019455653903472,0.7312645007591251,7.320936647143115,0.4376518531868936,0.28922773978699723,5.9311936989200404,1.1235142208340558
704,17.183869742612487,5.994512354923752,0.27718041573604096,0.4384701048092338,1.6827117814127885,0.7918628324727768,0.6517716583094042,0.5279748899488146,21.500236751181678,0.5525119013910808,0.1594974357201322,5.9311936989200404,1.1235142208340558
705,42.34731661793407,14.96891375849406,0.7223221374364692,0.23564862160060712,1.2371343825904144,0.6425689545132713,0.5885847452253002,0.5816120977509033,38.837077826145986,0.6527602958622368,0.2664319725579417,5.9311936989200404,1.1235142208340558
706,44.656507047387485,26.597010869108082,1.282589365312779,2.473400625180068,0.4051370533462463,2.8697037658265496,5.322671673737044,0.294508292826286,49.049004459902584,0.7110149953233222,0.20303325620716992,8.588328668025024,0.6496602255009544
707,32.69144771181211,9.48154807407183,0.6953758338051196,0.6248055299456683,0.8753560086520872,1.595093371268083,0.6973469598856215,0.6743238434613565,38.70948663908474,0.4972782844453336,0.2954514494789808,5.9311936989200404,1.1235142208340558
708,42.661481425308345,14.883527594790625,0.9568481675756446,1.948156430410271,0.48803170400551865,3.0028973444035247,5.164902949280227,0.2884448227205233,87.75883017347293,0.9156396893187488,0.11417701775495818,7.317729797525744,1.0192289241262888
709,7.3709950931444395,1.3185451180054555,0.48784760552556605,0.6540887739976297,1.2027880800641881,0.8196325436196877,0.8527757741286678,0.7518445699303987,9.20880557753531,0.34801315155547197,0.1840377113752851,5.9311936989200404,1.1235142208340558
710,13.602757982417051,4.972139093671964,0.6667262529680306,0.8921173163599713,1.5429795102518686,1.0824047773160295,0.8847770017369379,0.7435923844648717,7.326000915976543,0.5122637944558998,0.2718713617150314,5.9311936989200404,1.1235142208340558
711,22.95854265008417,2.573775906988186,0.2526667121324204,0.22734155249446134,1.010604619556328,1.369795812954235,0.6255726311695601,0.5588758775527956,15.351176371313251,0.43319105189501167,0.2578005567483001,5.9311936989200404,1.1235142208340558
712,12.24239558127432,4.616211684296537,0.751985269127144,0.48394373414481145,1.8324970589302247,0.6346415503308493,0.3943160098998067,0.9008507881634975,17.024843278343162,0.3577483067668943,0.18928404745191493,5.9311936989200404,1.1235142208340558
713,8.437744589390547,2.354245892491246,0.4476455216435696,0.4098151499960644,1.0715379643153073,1.2015075136660835,0.7760218478561004,0.5419136882989507,9.006543310899234,0.5158316932811483,0.27771091689759414,5.9311936989200404,1.1235142208340558
714,40.41061414377536,11.830287648152032,0.7595370644681769,0.5829382913598872,1.115643646980683,0.8657592931841203,0.3707064475579032,0.8976936562755532,46.62147142724619,0.2990537085788303,0.11020624681965097,5.9311936989200404,1.1235142208340558
715,41.64407960479898,20.42622795081701,0.5576632258817122,0.2564679409732489,1.3368392831834262,0.671110359757852,0.4153646042225187,0.5361445094276629,41.290796792103485,0.471703680613773,0.2547743264994009,5.9311936989200404,1.1235142208340558
716,49.9388895453886,7.635621257802475,0.3213338833809614,1.028557050167051,1.4535279410922792,0.8331851037249739,0.4749449832163599,0.8080190859586944,32.93073677899751,0.35445747408353795,0.141461003182731,5.9311936989200404,1.1235142208340558
717,37.74818331899926,9.401613914149678,0.2327458864090955,0.37501622812151986,1.0558779442164434,0.517771176624847,0.6521022439937095,0.5526347921223682,34.6071118532447,0.32419495473882703,0.15412436547426775,5.9311936989200404,1.1235142208340558
718,16.13679608157902,1.9815117713195536,0.3098154757391302,0.9474451948198769,1.125261705230246,1.101923201906681,0.835706368228676,0.8524786860716236,13.50345541924767,0.623440757670351,0.20538627336464382,5.9311936989200404,1.1235142208340558
719,64.77041193793691,52.13964845281471,1.6936636017752391,1.7049425639213647,0.4841338346767502,2.362762535307504,6.599814001991916,0.13377969912789653,132.5506851884003,0.7320482321043147,0.15829943392050447,3.2626421066937787,1.103195689634277
720,21.71420313804215,5.286736459924714,2.3920151310276534,1.5832557952159123,0.4249558614640276,2.4064459496503687,2.7345938968220844,0.2096949243000764,39.753763945517,0.8569953254216005,0.1201877808940332,2.8287563210241164,1.1869743123767826
721,45.767150341568595,10.026385876014308,0.16730028759053195,0.6230803910375181,1.625329210324252,0.6382628341404305,0.6312910744125446,0.7004877127325417,64.55981722946356,0.4865943635019433,0.21986403911124383,5.9311936989200404,1.1235142208340558
722,40.35387094116959,17.519769126899455,0.3865181852612319,0.9771435337994877,1.3589665865522407,1.3494626056794394,0.8195094870580731,0.533811798866506,35.87138322416217,0.4210652405583187,0.15686185676885117,5.9311936989200404,1.1235142208340558
723,32.1236761217492,14.217080866121504,0.6247974658209936,0.20812188168006696,1.8176049583791034,0.9913825548611663,0.4774151122997302,0.788629485361849,25.260985230288984,0.5087298726870654,0.14817643004607528,5.9311936989200404,1.1235142208340558
724,79.66386850050917,37.494206188951885,1.3402135208506316,1.829190755420563,0.3390845701563612,3.5324012635082616,6.090398001328811,0.19274931763176287,159.44092903600787,0.8719262348422241,0.07703460830798156,8.888553935542344,1.2546420702512917
725,34.71253847796583,6.6885800157588635,0.2089133481468477,0.9485663003836563,0.9588356107018661,0.9845766612232257,1.0523124756283662,0.920382959898078,38.31504312145234,0.39860622461569756,0.17545312025303844,5.9311936989200404,1.1235142208340558
726,14.003356443382382,6.575260179089141,0.5254601882319772,0.3397264496709148,1.897153483049853,0.9399788294205399,1.0628914846956667,0.46752902730402734,23.449127258628277,0.5677144745951059,0.2114874379702834,5.9311936989200404,1.1235142208340558
727,26.836809131417056,2.9945898695828803,0.2499127715758842,0.2677619062143783,1.6923775311500306,0.7220551997143673,1.0089071680253623,0.6960943455779595,16.888115399149896,0.3348362230358876,0.24556072039459312,5.9311936989200404,1.1235142208340558
728,37.439293455856344,4.316340260781249,0.16533224413354256,0.5203043666053214,1.0040227465826983,1.1735170437829026,0.863751027635422,0.7914789728028557,20.861575575405542,0.3205073098296044,0.2869667523378682,5.9311936989200404,1.1235142208340558
729,9.101068221967989,1.1892947014383353,0.22265260469409134,0.9473250688221665,1.0986599053635189,0.590961414718626,0.4352609099202625,0.706479508502427,8.772653527141122,0.5598386577158988,0.24550920156854772,5.9311936989200404,1.1235142208340558
730,41.273981239890176,25.213695032727255,1.0608697639411517,3.277306855567801,0.3032458662652172,3.5201579159260445,4.0020343277616055,0.44412018379341384,108.14608182553393,0.8201814914852623,0.13654678568164424,3.1399329321561478,0.8067191879645575
731,44.1504798428277,7.279223689359307,0.6145715244370484,0.6083344224795275,0.9155129751803784,1.2308959248483147,0.5417564621529214,0.8365544618958471,48.17696660399208,0.5089460723560427,0.24939914177080946,5.9311936989200404,1.1235142208340558
732,13.23271935367773,5.4672324086968125,0.3483486564506001,0.3417167348698499,1.7318272249748345,0.734804410738008,0.4850041845147897,0.7956591654814431,13.855580169430835,0.5186266550386875,0.27218209401138554,5.9311936989200404,1.1235142208340558
733,39.773112113071576,9.762469981999999,0.5760068072346836,0.19002764011043805,1.3009288284903922,0.8637943616638908,0.9350491767821355,0.8981737875281955,28.207399365624287,0.5029823101878825,0.17578293182603275,5.9311936989200404,1.1235142208340558
734,41.80635114955918,10.745396341837255,0.4533599638382034,0.8560863855638837,1.6805230893067509,0.9236422926000224,0.8858699660547573,0.6346875506131319,46.56462201569757,0.4739270962007181,0.28140804268143915,5.9311936989200404,1.1235142208340558
735,69.59435502311854,51.49096423040623,1.6942619977072542,1.3014761566828033,0.3118085749267265,2.699968147458397,3.776670881543315,0.29683390915696767,178.43766879305133,0.7798829262527878,0.09664255478093278,6.25653184218192,0.678753090426437
736,59.780213835939065,11.524089775202693,0.6013368322428502,0.6739833224892047,1.688144230596846,1.1481187819908203,0.42743640827176876,0.6637664630772824,44.509128826392434,0.48239229010670026,0.19557522429727892,5.9311936989200404,1.1235142208340558
737,41.31437848786954,30.923031544145122,1.6869169127120938,3.0384527645193242,0.3822283565666216,3.245100351660672,3.5199053933230084,0.10965793093867432,84.24825287313669,0.7117386790340084,0.12382304744146426,2.4174636461320116,1.4699621997184773
738,41.54728927653804,16.143299892906214,0.2995420744744233,0.37187853255270154,0.7952417433713507,1.1198032925714647,0.9457432005380255,0.8130692078742328,47.13945454038771,0.5483696473413142,0.2420286396044158,5.9311936989200404,1.1235142208340558
739,38.389179006114325,12.698317102620562,0.11244781294109052,0.777642600023493,1.1908551398359764,1.301487849300639,0.4065564827155505,0.6776064066541552,33.73283485353713,0.5720245384495596,0.1523819665656633,5.9311936989200404,1.1235142208340558
740,17.472136835445845,5.394088668367356,2.0895485745581066,3.258229496324488,0.4098558363146081,2.6665058045432684,5.553046855988419,0.2063376841722228,39.731326666773754,0.7032798849613868,0.07804191667006526,2.7111564376055064,1.085165201132014
741,31.445811183926004,9.553951881019609,0.8060395581258232,0.6973691911880555,0.84958242255042,0.8192568211760516,0.5059577980273074,0.627152437375555,22.382752392928957,0.4968019747636583,0.10747621366890718,5.9311936989200404,1.1235142208340558
742,49.10289250718443,21.778662021553068,0.8987832825888642,1.2041937516067653,0.36362485010278306,3.092681411166276,5.004575565333429,0.31057587135536363,137.4554950449767,0.6898806880845053,0.13470018372565812,7.4684273616270485,1.373819697820112
743,17.085286489443217,4.882432793765774,0.673703550778231,0.8285895943355797,1.804519022748772,0.8233198496847055,0.788635544051193,0.8183655469796837,17.95462245517245,0.5247425651375811,0.18453680578316034,5.9311936989200404,1.1235142208340558
744,52.64106537602495,16.818310165086565,2.7085981711746387,3.476488825948104,0.16530049172021036,3.359449999559494,3.466293340148755,0.24936899252377254,136.29673872499495,0.9759672559980571,0.19393676952252834,7.282082725394568,0.6366654552256993
745,33.78900280328211,3.524874339585938,0.20153230692815516,0.600319242802772,1.1522146958902957,1.2527124026019671,0.3389640532655844,0.7111596283794995,30.038809529487953,0.6964165827371458,0.1655653133000774,5.9311936989200404,1.1235142208340558
746,12.796305188969459,1.987207171087198,0.5453355750689055,0.7147470244496893,1.805124690890527,0.6922610009123904,0.5301270313654513,0.8551286899548205,7.060993282967387,0.5982630924821176,0.332076966189723,5.9311936989200404,1.1235142208340558
747,41.65512992138315,25.893339459591072,1.1119820778206844,2.813081133330847,0.20921235206795827,3.8771004426371776,3.319741254428713,0.2514664098545756,125.63747951105844,0.5961583333696344,0.09660574324034814,4.711703954869933,0.715989356800251
748,61.93731525387861,21.95662599882268,0.7419274377988867,1.317554091335541,0.19585456177631397,4.094921054783465,5.858568127507882,0.2817389690837686,93.89497619543633,0.7895327261570206,0.07364034883135094,4.02722853755946,0.2629226506916788
749,49.17814816795481,30.158164923502834,1.5450451955821431,3.543604189163051,0.20294113200618186,3.1529930867065454,3.8783626049476743,0.12247895090391671,112.36988829631615,0.6180214303227188,0.1014843594924694,8.096057308679336,0.4092471201368562
750,8.059298953896585,4.876737550191954,2.4212818512718774,2.0963494288777422,0.19954887314159342,1.9864106700060054,4.381372030141891,0.4347033399762516,13.875163168542988,0.8244080393730742,0.11521126847210406,3.7627900861247037,1.5800657190983394
751,6.866124390814401,3.642431129805942,1.3642000005678545,1.8300431934426493,0.3985024945393817,3.099057148945759,3.264536574242953,0.1747486448389825,21.848942365805012,0.624506209581078,0.19413535968631038,6.564541991789743,1.9698639637289908
752,16.784702720227692,7.690233110000207,0.633779795646919,0.7610636577415965,0.9095815408028118,1.3678170176609985,0.5155157694830566,0.8354775437833241,16.407850270068444,0.3648277897919711,0.21703503391871068,5.9311936989200404,1.1235142208340558
753,40.3303675285887,9.619408794310827,0.16985601363415648,0.3088707424258034,1.395964615283055,1.255311243097215,0.44838570030723407,0.6811506819906951,47.48333129517954,0.33410558212016805,0.25309419075808953,5.9311936989200404,1.1235142208340558
754,12.804538670879207,4.199200122056838,0.6268600795820717,0.5669022842685743,1.5713802224142441,0.7525766093888401,0.4435960269320893,0.6193759955921515,14.389156395918297,0.5359179465764266,0.1417957389164755,5.9311936989200404,1.1235142208340558
755,39.55475848531817,6.113773611988318,0.7377975804944932,0.4055633953605163,1.0368009428916372,0.9513585177286854,0.4070445307695588,0.8451571913717042,19.098895788284203,0.7061916655361175,0.17982567185503048,5.9311936989200404,1.1235142208340558
756,16.797724812813776,2.320409426133382,0.3702792662674203,0.8338861112271,1.010993468649602,0.995868781962935,0.7174733514786742,0.767859771178681,11.86918650995654,0.4903046801725978,0.09527929547022607,5.9311936989200404,1.1235142208340558
757,21.94616447166851,3.2075658821347344,0.5299581931198523,0.3943842154285108,1.0643763802840798,1.3468471891107932,0.5322706822821802,0.805938339859307,24.06626509211269,0.3875259510181749,0.2811155564318848,5.9311936989200404,1.1235142208340558
758,46.92356723932877,9.175048881065736,0.3876137395129729,0.9698110184179716,1.8956554142717623,1.4467826903606877,0.9332569180786278,0.6144031863218803,45.958777891694666,0.5258992181400783,0.26097680521716154,5.9311936989200404,1.1235142208340558
759,30.7949791121821,8.0200677638334,0.4060166350162353,0.9024374616447249,1.0693898583652137,1.3379168262769643,0.44152067024749947,0.6019524498228981,23.447693986721568,0.5383796607135667,0.10453581719723301,5.9311936989200404,1.1235142208340558
760,9.343478044434034,3.440102069548327,0.34013874687329015,0.32056711445711233,1.435827840908757,0.9785662029727222,0.584662140471988,0.4941685002060626,6.2096560834389765,0.4113790700454827,0.17587462229650175,5.9311936989200404,1.1235142208340558
761,23.026124238727395,2.917457624896686,0.5873898418052562,0.6776183781363544,1.8754053094313612,1.0954404518811258,0.30240871779309597,0.5790929918838564,26.9339491459062,0.6117179976177646,0.27210340506636277,5.9311936989200404,1.1235142208340558
762,6.931505812700656,2.0849941557224296,0.7980630453976086,0.2779643184518748,0.8714311672946347,0.5924848475859318,0.5699414802375203,0.619504112569691,8.313986621949923,0.6942213553773279,0.18295635256401221,5.9311936989200404,1.1235142208340558
763,35.744087891915136,24.94830643725956,1.999006208749072,1.445127443915997,0.431931449644131,3.446754887120057,4.4119443504099385,0.08650754352621633,62.87713214908808,0.7571954369268156,0.12116957519862076,10.783783102920145,0.9412547539433876
764,59.323869039231,28.614069877236613,1.272636799735235,1.661231464613453,0.5178332203332472,2.3565168337142604,6.266027511650654,0.22091226212104387,107.7602097403577,0.6913576977484204,0.15459653283215666,2.98439417766204,0.8209723289362085
765,8.957400960889128,2.5900071047813866,0.7497035931793927,0.7353653275146453,1.8165621216549042,0.9520769951005055,0.8589966005532849,0.5310597793569282,7.11887405980834,0.42188854460066,0.22375883417567527,5.9311936989200404,1.1235142208340558
766,16.102707632544032,3.30604718754904,0.5754247069483792,0.704194620138181,1.0986084508879082,1.107267389863123,0.6495469282330364,0.5831438604078761,13.121633269207258,0.4550475128747476,0.30759012529066765,5.9311936989200404,1.1235142208340558
767,25.069201403436807,6.06386004828853,0.2818439690760949,0.4053395604112824,1.6218837020891508,0.7546137800091977,0.360298906864939,0.7607495464412225,13.034693660013586,0.4509286254800394,0.29091236002680265,5.9311936989200404,1.1235142208340558
768,42.794394351390395,11.453592331435267,0.13940410408334747,0.5166011257156148,1.6179251340088223,0.5199133756901541,0.7274283759109336,0.6876300102332279,60.392001979547636,0.3254692066859253,0.2649146600736714,5.9311936989200404,1.1235142208340558
769,50.023540535241885,8.050453048403636,0.3044271150019277,0.28046753361129423,2.0354863839146096,0.5076250106214661,0.8246420347701188,0.6298641764480648,47.063238559718144,0.5790720192220865,0.17834347813390475,5.9311936989200404,1.1235142208340558
770,6.554533573905103,0.9264099676582109,0.6794590959836577,0.6995925538562465,0.9581239607911238,0.5660000414010248,0.4468941573639716,0.5908075335296467,9.546251553409236,0.4319188881127872,0.20758079629277346,5.9311936989200404,1.1235142208340558
771,37.73529698303426,10.372611373221433,0.5189843846106753,0.6240714109088471,1.73920081188263,0.49818772039145326,0.6707982923792128,0.6861225446750797,47.32153441588766,0.6408796491209671,0.1705242789801437,5.9311936989200404,1.1235142208340558
772,21.8493765644589,8.604001467749422,0.608710783284158,0.7737168605579564,1.1592486813458762,0.5428211927948764,0.8381521111778066,0.5446571043173444,27.75608542452245,0.661502252338953,0.3145429762113443,5.9311936989200404,1.1235142208340558
773,28.19328602797588,24.604406046021428,1.2250473146478782,2.8094665370550196,0.38862942678590795,3.1666618472399666,3.2925465022420135,0.24097084678238806,77.70424018895466,0.9297984182995929,0.13593759106342296,9.746324400306817,0.49434236245959845
774,60.724582044011306,29.61775111212142,2.5639558839444265,1.525886811044931,0.3196113892912487,2.7352585452337563,4.612145441076051,0.23235837996208883,155.04751651388264,0.8370800261553253,0.06435605440737904,3.4006174450710582,0.9556655860172448
775,53.22512059432669,13.263803215955361,0.12264810116678675,0.4619263858891576,1.6892013896718385,1.4937877192477762,0.8649058732866433,0.9433734953984875,65.38724925450713,0.5926792859505027,0.09838759639533466,5.9311936989200404,1.1235142208340558
776,46.717348522267436,17.37252169991317,0.3527642133313998,0.2323515117500888,1.4948631774887151,0.8288987805121713,1.0258361254766362,0.6963256061607126,58.63504161702826,0.5554762559603413,0.20538921728797693,5.9311936989200404,1.1235142208340558
777,33.49533175432311,11.236145867832425,0.5093368968620272,0.4511912667328904,1.4003925034835227,0.6300094014467386,0.5712842558671849,0.8996364414696782,37.57648494516152,0.4531777582885249,0.2945258979372427,5.9311936989200404,1.1235142208340558
778,17.85306118310434,5.584246690254984,0.21707978019967122,0.8860713817902349,1.8753418299203073,1.131469425695004,0.6294061058155135,0.7786377513162596,10.374943831257195,0.519470461351198,0.2075438658476897,5.9311936989200404,1.1235142208340558
779,66.2281729746989,29.968020356344294,0.9812284299670209,2.9028044627946303,0.5916985117367602,3.102239110991056,4.492191927657883,0.3431554194915084,91.37040838338261,0.8960853057366673,0.14762622776080947,6.752047155859525,0.36014552007950423
780,18.703163426944517,6.205507568847098,0.25807107955848524,0.6242167256987198,1.5371439093647794,1.1511755821697895,0.7933185634850946,0.8704340538631857,21.95327882176302,0.5620482749458418,0.10067277707940775,5.9311936989200404,1.1235142208340558
781,51.3099490738733,13.422030898826332,0.6705858823676294,1.6895015520065018,0.2505793985731772,3.8328350843875802,5.06383317163419,0.5000706017941298,71.66923683836492,0.7368739684711824,0.1958112240105258,4.446943735974801,2.0836226712509016
782,24.487625369021647,4.267250813395735,0.40710078421743534,0.21738873206786918,1.291018187604412,1.1582224269267987,0.3150526974302337,0.8271657387676237,23.008884412758604,0.5401006163114269,0.28891558420815316,5.9311936989200404,1.1235142208340558
783,44.876361713295935,40.274995326029014,2.108813756446244,2.373649897749888,0.2850166043167698,4.472191194896331,3.4355520325199453,0.35633932143267166,89.35908844066924,0.6091410469008269,0.07771048040907251,10.203352427419473,1.3160355072074488
784,16.603286357149315,5.403480410458032,0.17331023092709735,0.2136782369431867,1.7646010235192415,1.253092095179786,0.48253250443398277,0.6611621498428051,8.599230323348646,0.3133125750949956,0.28538355557722156,5.9311936989200404,1.1235142208340558
785,17.52509016770634,14.210915482193649,1.4891890277206055,2.38819291764435,0.4409273341705555,3.382538426314102,4.791069553521237,0.25070592527080277,44.93333587346556,0.9103429140339478,0.15559439876378484,4.289855183883152,1.8533726963876984
786,55.04607750321531,6.29925360165566,0.7271439809626091,0.5749015913982346,1.643389174770659,1.4178058507611702,0.4686836365873132,0.6387139367463239,39.38747736686699,0.48137184319854653,0.20660365967980565,5.9311936989200404,1.1235142208340558
787,10.055953582531158,2.6273322642467933,0.28569785604063047,0.45709266650751246,0.9252637920389701,1.3966872989377415,0.801017483448187,0.6081506042109177,5.8787992850836845,0.4827121938272223,0.1979565940413155,5.9311936989200404,1.1235142208340558
788,27.596229265918232,6.739335101057486,0.6996985964248627,0.8929676503245793,1.1440393065777275,1.0774906340632795,0.35129332600153473,0.5967343967524475,32.167042668960356,0.3324788810677295,0.21855651449143995,5.9311936989200404,1.1235142208340558
789,12.6990008908522,1.9225429874177982,0.7540566992668821,0.2215510892166165,1.346577518023444,0.9623673156160343,0.7921171451605766,0.6487838526868326,11.198306857005088,0.7133497859826797,0.2436088481843259,5.9311936989200404,1.1235142208340558
790,11.498676804484665,8.35509978899552,1.1903836931672818,1.9815498513390017,0.49553306847926254,2.4954084656803515,3.692682316289816,0.5373294550051871,24.986461315526686,0.7865235032898179,0.17407941547207947,5.481800279675728,1.4490487710123834
791,8.419050859970108,6.518252836351205,0.8994078209154857,3.212664991605246,0.5423016828429063,3.7859480059802793,3.959026068197544,0.2514613128926667,22.080290482626296,0.8531579637154885,0.057949422749682025,10.655704695459093,1.3623270478421121
792,19.53032995155687,15.825105064679594,2.5646438921909698,1.8051418002311537,0.18754485170693064,2.7710995237594926,3.531683724185016,0.2278843851656203,28.703709136603972,0.8228108259040717,0.16342919245344678,6.943593339304475,1.0718665120245803
793,44.744292106677,12.464739174125738,0.8094214988010134,0.5800291515820194,0.869704478390026,1.3926975584652017,0.747108377634958,0.6210020354090683,39.83053358847628,0.5267959285553097,0.16461277458476753,5.9311936989200404,1.1235142208340558
794,25.848957436135297,10.916032946477044,1.2153768596407846,1.6481575650117108,0.5004911556577586,2.0346884927706843,6.049548630003059,0.39074275110483675,54.57217916353697,0.929577806334037,0.10054636154120333,6.150426568215613,0.5609231743549877
795,39.07545864362056,4.764956836737991,0.4916115514873007,0.7898268635230545,1.3818585800583254,0.9259948701742875,0.8946052638199862,0.5454901941896856,69.34431529675781,0.5239671905007489,0.26463701629009223,5.9311936989200404,1.1235142208340558
796,27.400029279946438,9.805341177551856,0.6240258538303184,0.20882880096308626,1.560363297913956,1.5051172646105422,0.9727849166862522,0.6042871435284684,16.965012028157375,0.5502320570563277,0.19446742596392402,5.9311936989200404,1.1235142208340558
797,26.908622568922844,5.9780934567236095,0.209274660030627,0.9432728369182035,1.9705175237159316,0.7480051376960006,1.0156407476716443,0.5509755766752522,22.411319004138253,0.6389782733939144,0.10765908374054642,5.9311936989200404,1.1235142208340558
798,24.91972425475957,4.285237649324201,0.7468049742741091,0.322225412732917,1.535076761739349,1.0122831327944555,0.7415653683958782,0.8093568452902842,33.05916886758606,0.37576397368886716,0.2873120458842486,5.9311936989200404,1.1235142208340558
799,22.978454648058886,4.271749023165936,0.7597283222946905,0.38917932525394716,1.2839976367701607,0.6683052993842008,0.9710389625211202,0.582281621929983,24.225016176579363,0.6409759552716384,0.24663918998248852,5.9311936989200404,1.1235142208340558
800,31.971423983926684,9.734173101168437,0.2187653728832066,0.4065677923178303,2.0041794331452505,0.8482345458081452,0.863796964334806,0.5348907156289384,48.48083110906175,0.44403179256120723,0.18149553787742082,5.9311936989200404,1.1235142208340558
801,21.533419517447225,3.3315769033383176,0.32782939170496833,0.21792956016315657,1.8796200930355083,0.6081258583405769,0.9817408365729178,0.6906025196789881,25.524311574320237,0.7417914956682439,0.21256554250007614,5.9311936989200404,1.1235142208340558
802,29.00493505230333,21.761022276705432,0.8161193986131997,1.1960383331418278,0.29867070696416725,3.7752460745453686,2.7684665327784117,0.37324770664560397,71.50371631193242,0.880707954688472,0.1882400804007228,4.2734983702429625,0.9213220746075256
803,39.1178927838616,16.500060177922407,0.29589775620666064,0.9434062385569725,1.0230350853508128,0.9126640662538342,1.0518282732399338,0.6880347383232438,35.0733122261534,0.49410191416469584,0.1988029057804207,5.9311936989200404,1.1235142208340558
804,44.29319027684701,18.31676899137769,0.660577206819862,0.3988257110629832,1.557001527515671,1.4784187877459642,0.6549030786267542,0.5957028439339221,36.47359562942009,0.564947564661473,0.29480075335486366,5.9311936989200404,1.1235142208340558
805,42.84334606047763,7.616639005292895,0.32294741687362755,0.2795285553396475,1.6056980540146126,1.3924229479563108,0.8795908919802441,0.6617457685798168,68.02847420881349,0.3934908666004923,0.13707221199644287,5.9311936989200404,1.1235142208340558
806,26.40966886810047,9.641599613536242,0.16156678157708323,0.30585672557908355,1.6830450003156625,0.5869601961843754,0.3743178764184571,0.5574721622617139,22.358407261037847,0.583259919311108,0.11568212669260576,5.9311936989200404,1.1235142208340558
807,43.464862136168605,9.182031768327082,0.3184793140148764,0.703885475146505,1.5473290292137325,1.1536821047715773,0.604024328507319,0.5632874968408661,30.31540477395259,0.49049506482620236,0.10183500548440085,5.9311936989200404,1.1235142208340558
808,22.84116542235081,5.539952491998346,0.8369994155214727,0.9034885567088934,1.5589632857453124,0.5348520141753649,0.5180774065141126,0.7939680176131579,33.29413859348284,0.3277720229166251,0.1604736300996046,5.9311936989200404,1.1235142208340558
809,22.629393780729934,3.1346869301086864,0.5753452496486645,0.43035564323709036,2.1300740859667764,0.4994573024544584,0.4864043592955612,0.7933099193429743,22.55085904401916,0.5498330575374606,0.12336464899060995,5.9311936989200404,1.1235142208340558
810,12.055133212473791,1.7412014030972602,0.3749558384195706,0.1996855718410382,1.4880988649259568,0.6097764098133978,0.3732617652807213,0.5827716425660109,11.426350401699102,0.5101496696858039,0.13111740201471356,5.9311936989200404,1.1235142208340558
811,34.71877417494302,9.525386296787207,0.20585970016033997,0.41242718420608504,0.9322782622290897,1.4253620221361516,0.819380987738713,0.5091442833739849,42.464031048221,0.3692130000404488,0.11373913450639557,5.9311936989200404,1.1235142208340558
812,22.73015692529238,11.2438669852751,2.2527706404405534,1.1559963516543943,0.36541248011052335,3.552073684445682,5.06862999273035,0.26918856982428263,42.16640488571153,0.9677030068465446,0.13005893055826792,7.488846739275301,2.003536866267036
813,19.004227356660255,3.1626983083942584,0.6925518289095128,0.3019145206729247,1.1315504692514067,0.6600475596681897,0.5162078498613683,0.748117383283701,11.052696271746333,0.6396327318647939,0.16549152217188717,5.9311936989200404,1.1235142208340558
814,34.72816148086945,12.624444314088821,0.30499999038481995,0.5525897398053592,1.7455475320580962,0.6701201341332461,0.4668810533736986,0.751884928549436,35.09778743155816,0.4203947851952597,0.1074819332811202,5.9311936989200404,1.1235142208340558
815,25.223186220171613,11.798999051830148,2.8800711940718853,2.341559234557381,0.4131542842030849,3.7987936594307503,2.7574242302723264,0.29744345116813165,47.65111456894776,0.7765179364592097,0.07121403920836221,2.1496637468597126,0.3730284226014081
816,8.967021349793136,2.3853932290070237,0.13748272195644037,0.5236791310379918,1.575555980355541,1.0356562942696912,0.4571698995049418,0.7315086167602874,4.774591203949599,0.4506896769947911,0.1868095018820703,5.9311936989200404,1.1235142208340558
817,8.276570647786258,1.5854166161480274,0.1851065148650929,0.3803431590780415,1.5237459011716874,1.0984108825024188,0.4815883132172057,0.7614403307153688,7.160920897661842,0.6299384185688309,0.11841763884310312,5.9311936989200404,1.1235142208340558
818,67.35921224024841,20.379734323383826,2.4117280283587146,3.1363965992084073,0.3446765926295459,3.34776811658564,6.417826885453256,0.24550734985879483,89.8899880092059,0.623914737441488,0.10369996809031107,2.6107332675522423,2.3294401303249423
819,28.485538694683715,9.4200775283398,0.7608741135220546,0.9958357085241853,1.237515006659661,1.3088202077061308,0.7803360366088844,0.5441058723949589,36.03034330161823,0.45686566519503946,0.2965561011063242,5.9311936989200404,1.1235142208340558
820,22.020842792824187,6.069158717672779,0.4233627158548255,0.6075517208781687,1.2875999402123683,0.8315038402710649,0.3865394863135717,0.5918190256433679,17.202551151840165,0.6108119469574851,0.31251253045785515,5.9311936989200404,1.1235142208340558
821,34.86865610777838,8.730836580944585,0.7018607213465056,0.4820966390779708,1.544286342174132,1.443311554413335,0.43030861349273786,0.5105847331864419,51.50933283780548,0.47908317344926027,0.10069211886265475,5.9311936989200404,1.1235142208340558
822,34.0461439013156,8.98168094654319,0.42664408057850167,0.4936580205105831,1.6838206997966247,1.1181619852512437,0.4758234091246864,0.871941178157252,32.352424881966286,0.47126625371149633,0.2545270652714327,5.9311936989200404,1.1235142208340558
823,20.909157642258638,7.043173420967645,0.5858258198005776,0.5405431161514841,1.629548386575899,0.9761806268764438,1.0331278594996838,0.8493920816053641,23.52774052675611,0.6819195248178141,0.17195381737925997,5.9311936989200404,1.1235142208340558
824,40.42023807101997,7.627343699490073,0.6366588368769064,0.7855189276619468,1.1743862670410958,1.2449660368534141,0.5619307937613659,0.7459753908715366,30.259834437850877,0.47401476093865763,0.11294203873409114,5.9311936989200404,1.1235142208340558
825,42.4557360650812,6.443573327946986,0.22960645365890367,0.550879779635888,1.3167457920040677,1.2986787842206169,0.7033610493849494,0.5326021341100682,24.380567428939408,0.47441991393997096,0.1593186949921029,5.9311936989200404,1.1235142208340558
826,34.81776669073132,3.9158533641863755,0.34476309570338126,0.9136767701203197,1.845505494893619,0.7564255548482101,0.48524992898346997,0.626906829102782,42.13874882787311,0.590179690471478,0.1595642308783104,5.9311936989200404,1.1235142208340558
827,9.615683870644784,3.00756632877495,0.5884816527726451,0.9222457145121056,1.3503512185953264,0.8026629219913625,0.6938976831762085,0.6167423730719936,9.298329178227833,0.41236340740653066,0.190693092016,5.9311936989200404,1.1235142208340558
828,49.56547862850167,10.718243329885727,0.14363085523260977,0.46902036957490506,1.4395447473883851,1.4131951590666725,0.3407243460653322,0.7389254820874291,30.415730722693723,0.4391828438964558,0.23873335281845234,5.9311936989200404,1.1235142208340558
829,31.957120532638168,11.626508228497762,0.36079839271131975,0.6735284312262309,1.612165268911879,0.6569958416069397,0.3282305124562965,0.6054679805434909,22.89222667886131,0.7348972596323831,0.25099578373362347,5.9311936989200404,1.1235142208340558
830,16.374489387117972,2.8578545934470796,0.46007869977930793,0.2660196971868313,1.7433459720754385,0.5200969401612152,0.6162287141628423,0.48921233388031976,20.660708703983385,0.5998682231077841,0.16159568396269494,5.9311936989200404,1.1235142208340558
831,27.99400245944602,5.073648638164353,0.7298645421029668,0.3539073128224242,1.3055809736815351,0.9551030311295388,0.5951236767969431,0.7691804851682734,17.869686290063022,0.6269722654726995,0.16408002823007714,5.9311936989200404,1.1235142208340558
832,9.988942655482733,6.453593799249734,2.2645604824650976,1.278484239263288,0.35530222268376394,2.3441677086940014,3.198733961477391,0.30585164032851214,14.70866420040049,0.7714859609163734,0.12057542685042824,6.5359746650762025,0.8548680532196862
833,11.033456441730722,3.8747099110491683,0.735991809809121,0.37321340862676267,0.9205079114788542,1.2370228513704498,0.7678149419255417,0.6149859170023831,6.207101052498258,0.49991716514912354,0.17532893956798584,5.9311936989200404,1.1235142208340558
834,43.054278441895605,8.676333923614004,0.40136369036211944,0.9170003063292419,1.9305656678052798,1.5820412732481142,0.9664646158798472,0.5938359480489427,37.30257238035699,0.6727291384798493,0.3010698162059362,5.9311936989200404,1.1235142208340558
835,5.68241373713059,1.1555282196722134,0.608379135342808,0.31816695338887807,0.9620635803255028,1.050387868395241,0.5670766710781312,0.8466979011154532,4.49218414491075,0.39330137155472533,0.25008251199654885,5.9311936989200404,1.1235142208340558
836,25.843774888472716,4.271968743178563,0.5225282343470153,0.5741502789561749,0.8113564603265326,0.603613000965294,0.6436089951980455,0.7274554213262598,17.834735414105104,0.3420460562383269,0.3041197941726704,5.9311936989200404,1.1235142208340558
837,51.63185543466233,32.9085603759302,1.2761794564814282,1.5267685223472938,0.43664254135874303,2.8491472412849355,6.538159860650169,0.2407830283181089,92.77466896763497,0.6342539355201628,0.10266644000444836,4.413169074005266,2.0177578615642733
838,7.667721531692125,0.9346360579270231,0.40808542878915016,0.7849596439083458,1.208964240299525,1.2872064360023,0.772071169892655,0.6981484949379242,7.163448046337839,0.49005448183313477,0.17040686882385353,5.9311936989200404,1.1235142208340558
839,78.80443172298129,54.29611575054692,0.8223745159784939,1.6630263937312466,0.546123838671334,3.7247621517789478,3.9213286758035784,0.12778488845344604,110.88529640059265,0.9343048500694339,0.16023053341749796,9.487740919804459,1.7782249376311525
840,12.504391466712068,4.393745872444386,0.493064106140984,0.8726116267046126,1.7334322956644723,0.6725405501479814,0.7634350552382512,0.9076799875775792,19.350856764804913,0.6323949160060136,0.20853550686266742,5.9311936989200404,1.1235142208340558
841,21.35023223169677,13.14709735002125,2.870194611407831,3.289127742978349,0.3849939790429078,4.31294538116737,6.193238223717651,0.14994889935802466,84.30095166937978,0.7713077615865884,0.05298466650510141,9.048482865064216,1.2458117632229848
842,17.920445720659693,2.1217389472647485,0.2031178433746809,0.5500197080456742,1.913764485068857,1.000611648056731,0.6630169125899231,0.8615098092696979,9.151831579809857,0.572366529977748,0.263375736585593,5.9311936989200404,1.1235142208340558
843,19.318084457403458,17.444105708339237,1.351268092835435,1.280734629057675,0.27011941186889615,3.6675585213029063,4.643530473718531,0.17420328305034694,53.29852124822144,0.8479307056007241,0.09559305880969758,7.2587621809284135,1.5418131115344846
844,5.398585206455909,1.0930640836838215,0.10586992640731464,0.550177816470316,1.6204456630714175,1.2124463614180119,0.3906159787325938,0.625430322807294,4.274772252657528,0.5962417277852764,0.14994235086157276,5.9311936989200404,1.1235142208340558
845,45.628958855838,5.569576400868152,0.7751202206384242,0.8697738326233834,0.9440597995004012,1.4155955881364972,0.5652438284885111,0.5430278329664907,57.21636478439846,0.5717608751189177,0.25371738612782974,5.9311936989200404,1.1235142208340558
846,42.42557597853929,13.964868970695893,0.25953261984275666,0.719611479048109,1.322199701346334,0.5194922144325231,0.366348914119183,0.7247963351067785,39.03456400614753,0.31699015210114984,0.26910646955471634,5.9311936989200404,1.1235142208340558
847,13.569977712101442,5.831505657819616,0.2591811964848731,0.8794895100156863,1.8571393480846814,1.3666009326300077,0.7977628773350524,0.7145921656670591,14.319906491163588,0.36324181101084074,0.18110838768443585,5.9311936989200404,1.1235142208340558
848,67.1961498705358,21.338892976997812,0.9342932002800306,2.4033790317649024,0.4748725841133654,4.0063182191246955,5.92388804635308,0.4753618832530173,119.080040597289,0.7854574656119969,0.07673314937846358,8.833536753366726,1.1370198995733922
849,40.31065619965638,11.443739672230157,0.33504101530607217,0.3131716309376548,1.5244955631736175,0.7787015095643297,0.7150891654989813,0.5825300239273734,35.405763577761775,0.31026968419457185,0.11175916453264964,5.9311936989200404,1.1235142208340558
850,42.4327262612009,5.485767035473999,0.4554452669844269,0.21866684858629193,1.5825993806664178,1.4472663416561347,0.3792453900712726,0.726388690391838,58.607664486690396,0.411378904202185,0.19952503634414775,5.9311936989200404,1.1235142208340558
851,31.42287819115384,22.30503296948529,2.855853371321231,1.774464034794976,0.5308058147083115,3.3248070314045353,3.973807590900988,0.38961076163710334,96.89299944760258,0.918026538251545,0.09369143489475786,7.273605520317804,2.111971963831859
852,21.899302477500324,2.440250389583009,0.7399274749193804,0.7616822410815898,1.9638478940418471,1.349063310620935,0.7631024716630661,0.8089497543105035,28.59422212441434,0.3908876241727885,0.10803787381697597,5.9311936989200404,1.1235142208340558
853,26.69368202674603,10.69388357180985,2.3401830225968645,3.29542689765753,0.1539045204238642,3.2703218458665755,6.370895101186849,0.37800039089228443,67.48156660168985,0.6266825742224011,0.053944471930752316,2.9467641946343885,2.0146349358473516
854,64.49023231132193,44.51195594047998,1.1932568939388126,2.363402668511863,0.5661352084447904,2.862045229313459,3.586902564683162,0.17729295012100765,121.5386122488906,0.7104723557725441,0.1915546343751799,8.64956160004685,1.6805525071793481
855,48.50064215081474,12.975366249827939,0.3648431838341087,0.627865611971403,1.7531410391764477,1.0332796435922353,0.5100139570706825,0.5691194069799682,24.40893714357667,0.38499301690123916,0.2500621748672328,5.9311936989200404,1.1235142208340558
856,17.77881072337721,10.728083479990662,1.0731255203437993,1.8997560582418958,0.197763762216671,3.1251976214695856,3.6821127082005884,0.35121872849179714,55.57694545092282,0.8256644509377029,0.10498850040180466,3.773723537995875,1.552250633211977
857,24.11626501241947,4.342872991523449,0.23026412473728985,0.5196311843732551,0.8412151649417072,1.0186962623535083,0.34986043695809804,0.8312507010093644,22.350714047990543,0.3101356665347841,0.11819040048518689,5.9311936989200404,1.1235142208340558
858,47.80147835197444,12.433204416688579,0.10072314430068384,0.4077614358209745,1.373087337511584,0.9023878330202098,0.9855324693315329,0.7056934768450989,53.156688166764965,0.6497229664722897,0.24848460131872868,5.9311936989200404,1.1235142208340558
859,45.351929090714165,9.132472084698735,0.11082048918701339,0.30198779861600755,1.2058179779641942,1.3944836881882066,0.6687202014563326,0.4693957219858361,39.310769443360755,0.6727382032307444,0.2082420851437824,5.9311936989200404,1.1235142208340558
860,53.87459815562294,18.77316273514386,0.5459485549112048,0.34046729308761237,1.0209470824705886,1.3367506623159788,0.6008248367205115,0.7429834810986287,52.16272358870617,0.5800293485713499,0.12695904031241137,5.9311936989200404,1.1235142208340558
861,67.73626305412232,42.498980052270284,2.0908181541222923,1.205411443508327,0.380103038718073,3.998069739507907,3.942264583729281,0.1892843535285364,121.99687031402526,0.7368004989126873,0.09602161275118605,5.040360114374977,1.0871051290618117
862,33.679260763457556,15.401932176238555,1.8453845197044878,2.9843602222148906,0.5359555664688396,2.6689514433729458,5.901104316244259,0.3200124519843509,48.619802358242126,0.8234169968128578,0.11217918828958115,8.314941249988065,1.896355060458129
863,28.429883928182434,6.7610935538066546,0.10925126469942491,0.235062926770785,1.9305956115650929,1.45983725141558,0.5429312619962432,0.6770524160233738,24.371765260082572,0.41364524677852954,0.21109868734118684,5.9311936989200404,1.1235142208340558
864,36.5362571072701,5.81800209068231,0.3920207032644367,0.6706573452829538,1.808701652536096,1.4515001148673823,0.9256288707690916,0.6526616869345591,21.817173527880932,0.6776830733538753,0.26900703543087384,5.9311936989200404,1.1235142208340558
865,12.026823523497397,7.445443000883214,1.2670495032202456,2.3149653925509472,0.17404011482248588,2.0361678496493,4.7550372126435185,0.40015691586629876,22.91034164737438,0.8108761543990404,0.07765913723598322,6.3062380839606,1.1394041837914355
866,32.894936738121054,5.650637151244655,0.43376395982783167,0.986039390004742,0.7648719381683908,0.6715332179872989,0.80728915521201,0.5200414715779241,15.726051457269389,0.6200682780260315,0.28753975194312054,5.9311936989200404,1.1235142208340558
867,29.0449821000145,7.450977968649891,0.6018896262275257,0.3749975083573,1.2735981365149796,0.5463010609991436,0.9291514970058126,0.8580438722937191,19.747825576442416,0.4439792165109614,0.20606746504047205,5.9311936989200404,1.1235142208340558
868,10.261662411852782,3.3997544436358176,0.25637822822856965,0.49182977566767283,0.9794375375852167,0.4977585469472199,0.45224157129584475,0.8610141259276769,10.340984262907604,0.49750500000863146,0.11388425847807183,5.9311936989200404,1.1235142208340558
869,62.50919318329885,28.561346823225605,1.96776207042738,2.708438144519425,0.41986270580326945,2.9387806656625743,5.251829782118007,0.1162347942577289,101.65212450413122,0.6481174677285209,0.18566607737919857,8.001466048585995,1.4607542700392133
870,35.95756328842817,4.186586030521966,0.5029665532192347,0.2097813131697169,0.9696371375959397,1.1707596004067558,0.6673958924051601,0.6159068798997377,29.12635033605071,0.528814861374398,0.13109801163509371,5.9311936989200404,1.1235142208340558
871,61.71222065686411,53.75017376734031,1.6072158835633896,2.3348666756252006,0.5240576331112456,2.0809892049589713,6.698424682124799,0.13964765014755282,166.0821232282796,0.6290201489889455,0.15255792080538888,3.4990970242190804,0.9674108185120853
872,10.289259807628166,8.16840359648117,1.0371879048105448,1.2661111177351323,0.21158962384919575,3.557578580003693,6.3866941954861804,0.2305326049289264,25.198931251372947,0.7389104435059901,0.13701122658874315,6.7267190331182825,0.3656117957871403
873,16.531259429171072,2.522125252857248,0.5511571286739616,0.9622356690271194,1.122435759875917,0.9071706068667812,0.7604031023261915,0.7628975858198197,24.907980652443477,0.4372626502750298,0.19741953044786242,5.9311936989200404,1.1235142208340558
874,35.933283044754255,10.177850739698037,0.6805197102411056,0.9349972096315421,1.0073699474491093,1.2215626494392051,0.9336601714806327,0.7713768068508786,25.78455970358499,0.43365976541148726,0.11982510818562399,5.9311936989200404,1.1235142208340558
875,20.605039387808862,20.161475044650693,1.433675866997868,3.2495890740166566,0.5384960174704951,3.94340875532214,7.246506047585762,0.38983318933279115,59.60173786111194,0.8688708348251236,0.04900504529469656,2.5656253082937757,1.1036954382922257
876,38.50310049559907,8.943397772792428,0.2917646558875509,0.6988421544315654,0.865603801472264,1.302888430793154,0.3509266085523424,0.8111586324212335,38.0304845694108,0.3970684100936635,0.12495642982226887,5.9311936989200404,1.1235142208340558
877,62.974388908351095,29.32372190948329,2.0015769358487923,1.6392522209972216,0.17979918300764883,2.9216470853815992,5.738344011308775,0.08737599044124945,94.5363699440736,0.6923179849593861,0.1886104310212604,7.504291504935581,0.9246971649251398
878,15.383341073765948,5.507645289702212,1.7359571231391464,1.1719658260200596,0.37044323475378016,2.811583780772758,4.232154740976755,0.5155372722161568,23.957454053752258,1.0695153919219254,0.09497364928778401,7.5446347635965125,0.6144629682220601
879,24.82879679161438,7.484540736524504,0.4224419327728201,0.7133669995737892,1.6096256307838392,1.2032240794498767,0.7453123178759297,0.543366107996929,26.483527073870693,0.507333719528682,0.3127276781897777,5.9311936989200404,1.1235142208340558
880,38.090133088662434,15.15290370012436,2.286191809662827,1.7485968921482902,0.21492894863189635,4.411081155676429,3.976203233773105,0.0819747106005081,71.53152659205323,0.5951284911521658,0.08363008228577372,6.736283716209302,0.3950531555242268
881,27.746195975930913,13.89285877404346,1.1800370860717162,3.133591060549388,0.4443007293998277,2.877138852186951,5.655199519444044,0.4103877032303089,64.02642067183571,0.6420624057039968,0.09695360507783438,4.178550178099762,1.0869821611625212
882,75.61453321883744,50.64318355213086,1.7966786097070104,1.4177031378501312,0.3532140034186658,2.513367342858554,6.204476545669466,0.14310121806296053,173.62209251494545,0.7331693927342924,0.14548560614450626,2.425797970706476,0.3946042783526004
883,45.56928581141118,15.933336864143689,0.3667340710706481,0.6530912558130617,1.2665830730732066,0.6537155704240827,0.7994018095728711,0.7314388580934549,43.036031275428925,0.5721323313436322,0.2811987253573373,5.9311936989200404,1.1235142208340558
884,43.088901472761755,6.36458265310129,0.8465990981490142,0.9158669392728791,1.9636092054754033,0.48070222770339177,0.4022465168597873,0.5805074328053197,41.97186939389986,0.375322650962092,0.22853565531624867,5.9311936989200404,1.1235142208340558
885,33.387316566707895,13.570774663605583,0.43451125245726224,0.2952749396948491,0.8185066939736958,1.1458057788082117,0.4840777358892497,0.8292360387716204,25.429411226657216,0.5928815871637566,0.1253495393025012,5.9311936989200404,1.1235142208340558
886,25.49491021911986,9.46340744099444,0.42360471960183826,0.8719667009006091,1.6828838101030652,0.6243264220319291,1.0135368761795012,0.5492515478399462,25.421656555435668,0.5091946450925898,0.18663173589961862,5.9311936989200404,1.1235142208340558
887,37.31429268672981,17.39140103429209,0.4649934282797162,0.40611736233837303,1.698223392635219,0.7371612436729084,0.7744141882336883,0.7481035875936984,40.613546593329744,0.6935766325717586,0.2324683392816507,5.9311936989200404,1.1235142208340558
888,49.45259488653538,26.191534725575814,2.162097184662299,1.98796970870849,0.47955501536186385,2.7065262422015643,3.8960148091279567,0.10084967295513755,120.05498003517079,0.7913551979158663,0.08487638276421883,3.318226888991965,0.9615923147337037
889,42.8091489337085,10.823205651999775,0.6357808846808134,0.41162322789299394,0.997197047477379,1.0364921835573742,0.40903944242211343,0.7560455812540499,50.59146226444414,0.5331618367228054,0.2951900190921396,5.9311936989200404,1.1235142208340558
890,50.43825099809309,10.000375388826075,0.40802070104055393,0.5566425599625554,1.110257936894798,0.9261882504055872,0.738958822994058,0.8250781581319907,55.37904453765105,0.6616312765217218,0.13725488070444591,5.9311936989200404,1.1235142208340558
891,15.211482412323171,5.5676734110367185,0.6098482528054948,0.32365087823110916,1.762248723031453,1.1521286967254007,0.8352763518943185,0.5100784695688354,15.10328210364294,0.3604511792745531,0.30771586792500366,5.9311936989200404,1.1235142208340558
892,67.4785860778822,38.3279280667842,0.6742105713666764,2.8879308140679143,0.6425829678045992,1.880231489942369,4.117478145385709,0.3002228813503178,95.17248034800875,0.7616497775468181,0.1452845316669116,7.29538830605256,1.5356156641314698
893,15.79280322707553,3.8960116454468485,0.4505435867866351,0.8279759065535721,1.649316580102326,0.6218181059759086,0.5103117069727428,0.86168555995239,20.0704986765538,0.5825783452342123,0.33015663053705396,5.9311936989200404,1.1235142208340558
894,18.598925748124504,4.692228909504299,0.21340992255529756,0.5238417241013589,1.5576522774203208,0.9142634585127319,1.0391114091485725,0.6876809931279858,25.344697834823776,0.3215240029409106,0.2682307148924048,5.9311936989200404,1.1235142208340558
895,19.855528936054426,6.82157792715992,0.4197964427971425,0.5554193880354482,1.8560013938617463,0.8311066696117616,0.7128664260130345,0.6369985598488792,12.656408363538729,0.306749121449262,0.23167361338776368,5.9311936989200404,1.1235142208340558
896,59.86825911693834,53.637541103707505,0.9616814796091003,3.6400805105979717,0.19613767874195462,2.644895876147492,3.5913035427471067,0.10092203848370543,172.86876950264258,0.8292361299484549,0.0889253261343608,8.89837257804878,1.682592914738022
897,44.96162528655554,6.110103765879839,0.7244038546907874,0.795332444862806,1.5951883524000534,0.5390137285717238,0.7833157758388317,0.7466248345957833,26.152546941857334,0.40360890946116057,0.1194207844879574,5.9311936989200404,1.1235142208340558
898,27.78459461711097,12.30478489294659,0.3203528104264702,0.5748311195231969,1.7092108146593996,1.5290189182035847,0.3790400811689633,0.8547580505623953,47.99402279351503,0.5671689356115824,0.10736764602196834,5.9311936989200404,1.1235142208340558
899,45.149033547061556,25.511585665061368,0.961671760634967,1.6843974194456333,0.16349656393911347,2.447353310806906,6.570721985966646,0.07843717346164017,151.04361879008877,0.7165019366340413,0.07494069293998092,3.5430754410046736,1.3259590176894105
900,35.54033244633086,13.794162468051038,2.690135699883151,2.356972125095592,0.5868070383508314,2.8083369111005863,3.1768714458182763,0.22604242485051224,126.29606881112815,0.8166373051111311,0.12966886854398355,7.894687201611745,2.4125584461974166
901,72.90209344863365,24.49842459659163,0.689076358395893,1.4340809141994117,0.3199613986478066,2.9465701908481794,6.400404722756618,0.12738599604351736,128.23453549147607,0.6501462731255484,0.16662772775463197,8.741575106028801,1.2360367107952779
902,23.08295038348303,6.065878794966043,0.47500704435480867,0.41788740983694017,1.2797278336565636,1.575939026208178,0.8676114769631386,0.6139082718045096,24.403138243474707,0.38580934299988096,0.14862780834012576,5.9311936989200404,1.1235142208340558
903,24.521089524779377,8.389590605502756,0.1905623001256659,0.3852820786564181,0.9551148425425146,1.1324605933661465,0.7307983187313302,0.6518048995488881,29.26428530288419,0.36387763615463836,0.28227410908691364,5.9311936989200404,1.1235142208340558
904,20.393309439415106,8.681580885032092,1.2366349741776843,2.2641277938125137,0.5315132861580771,3.012433567154879,5.381525580553386,0.19238043131651192,28.972701651693633,0.7580198418891242,0.15819481521881976,6.110213992892477,1.043764456704065
905,45.91162759293022,14.038543801836155,0.17424663972333812,0.23802278577462255,1.91778040612406,1.2547896396394222,0.6576773154395916,0.5949649577147362,39.987375492546555,0.3597906665474728,0.24991317939423777,5.9311936989200404,1.1235142208340558
906,62.197666655791494,16.460529548752117,0.8993877089050542,1.1677501560198837,0.49837084033030304,2.8075760939179144,4.886866790992104,0.4326343201987173,149.5452625967231,0.6573920273663708,0.18566866643243787,7.211063282503765,1.5042909162451887
907,25.556265926795643,5.5501317627440265,0.40513193780204426,0.30921501662804374,1.600947054251968,1.2439519187373127,0.9312327636409898,0.856582274362119,19.743842479693868,0.4166836428708703,0.17524164513137575,5.9311936989200404,1.1235142208340558
908,6.108743368553092,1.1567330090731922,0.631291185216993,0.8423127689885976,0.7540426951600767,1.0189101004052084,0.3344125185726219,0.5320997167994944,5.4388660657798535,0.5883655529395915,0.1498443848654688,5.9311936989200404,1.1235142208340558
909,37.88383973067552,12.267777113424494,0.25708081752759115,0.5046250485030459,1.0642495381984682,0.9371254501464973,0.9328590694875564,0.579762939018813,47.899277485691364,0.6502782399340196,0.16692998879562299,5.9311936989200404,1.1235142208340558
910,4.833102512479262,1.1994420801022554,0.22497457871862223,0.5871390992574255,0.8531390392621258,0.46708115308304193,0.44854029499190207,0.6662702534386047,5.790614584353222,0.6603846017944163,0.2741300664801742,5.9311936989200404,1.1235142208340558
911,34.95622506168325,3.9198548970990483,0.3850445313944736,0.8750412937057224,1.2214721821376258,1.5138100278283266,0.9344677832165481,0.8500224688487312,25.892798999039133,0.5424905016090485,0.21002961432376757,5.9311936989200404,1.1235142208340558
912,55.26322759981663,8.762156088533287,0.7487019140851153,0.5334015912414395,1.9777881070185532,1.0694591747989095,0.3721730786636513,0.8197118253533928,27.73743606181834,0.3526062647986241,0.13484751554215596,5.9311936989200404,1.1235142208340558
913,39.177777889389525,24.549945539835004,1.5391524768484017,1.3852104867120358,0.5934573927676122,2.379236639941517,6.805706753823645,0.38365342657828166,92.74136229180503,0.9367998434468784,0.15050070718520622,8.896948384943347,1.3572722784032434
914,15.36702550702923,5.8279618292037805,0.4192803392786512,0.24321643113182453,1.5389560934125446,1.4415693247591987,0.9471945145788018,0.5317610437690105,23.268467843692562,0.4665274568600723,0.1189131107529397,5.9311936989200404,1.1235142208340558
915,37.37437078986796,14.348145787021263,0.45821202993976806,0.20088199456868863,1.416676755549949,1.3773023583901343,0.6288340538616206,0.8964300108029979,23.699522483170785,0.3242646999088507,0.24283415657285,5.9311936989200404,1.1235142208340558
916,62.423503868090485,39.54841946659506,2.6706508698932203,1.6028319913184343,0.363106927204644,2.357365263446927,4.935640229814777,0.12991667713592395,127.9429677096242,0.8018208626082536,0.14340667884289787,3.936360599841278,1.232710048454541
917,34.13815305965403,9.387784524951323,0.7993159616314557,0.7331630807489283,0.9462380203774704,1.2982196040376317,0.8531927089617732,0.6858249223054868,24.686553909383516,0.4194208975964188,0.2574719602554722,5.9311936989200404,1.1235142208340558
918,51.80011844901427,10.19476275124062,0.5446972857990118,0.30595536571447474,1.0979739067898078,1.4547694798587594,0.7948452829556836,0.7011462494937362,60.444398598332015,0.39299659145747995,0.28971124241591845,5.9311936989200404,1.1235142208340558
919,10.918501521086874,5.406764215426269,1.9265955122373515,2.256438545048457,0.3974647266282186,3.0470922210831044,2.5786670001174614,0.42327049699161806,25.468645238096883,0.7169424632297249,0.13187641140082454,4.691008740237198,0.43337415771128945
920,28.720473390959302,8.111763356646247,0.490247440949695,0.5250918230247716,1.4148167422194282,1.3439459882199145,0.5960457885220057,0.8150539629509399,35.42098504162254,0.6950698611110342,0.1842614246129501,5.9311936989200404,1.1235142208340558
921,63.82285005721425,23.46322467170118,2.7257924227637202,3.213957911079519,0.4224877594640233,3.22517083176663,6.4466971549485095,0.3655877977522031,133.4179071673083,0.7430985628861698,0.1800853831848663,2.0351403759379108,1.3090437086456932
922,62.99452004324581,45.552984809258575,2.0136453015658584,1.160562432616009,0.1584399034175433,3.386289059457822,3.3313270880318435,0.4035748937667288,100.84532266479606,0.5810996931080589,0.14625778798143796,9.354406033544258,0.3293948381196614
923,23.373186275099556,14.12263452001132,1.7059692178848729,1.5847386220032567,0.4678923576124727,2.6009779303724523,4.179107472554484,0.4691956794232443,44.53454585818426,0.7984816827730922,0.08627312108521791,10.299757470859673,1.5550628416693428
924,39.73395595872806,6.320157612304449,0.5447059881281254,0.25647829580439296,1.4304174942841097,1.3621010425695952,0.3622003731252275,0.6539117712465411,42.134077782784345,0.5842843375614143,0.11416669574370658,5.9311936989200404,1.1235142208340558
925,31.75709939369715,10.96640707627524,0.2921704475704547,0.94382696885042,1.4444700124221241,0.8618670956080251,0.6538312998451654,0.48107340194770415,28.570064201093626,0.3104244256902726,0.24976092228668476,5.9311936989200404,1.1235142208340558
926,19.19026508524603,2.549926554149157,0.6236086074766068,0.38702721105638727,0.8929806265903661,1.4935457232748885,0.4170758660179066,0.8569916482432336,31.11666805803462,0.5566861100799794,0.15769121683576948,5.9311936989200404,1.1235142208340558
927,11.333814994661923,2.982703687554252,0.591048491298065,0.848773050933207,1.2763456323809126,0.507151936333873,0.3491728344564908,0.5307519958959237,6.703251589095335,0.67166935687285,0.10393755570539841,5.9311936989200404,1.1235142208340558
928,66.91153715682515,45.14172834992815,1.2197324312107864,3.006936413907641,0.19693708624531447,3.0786533082180036,5.493696297888934,0.23267402790262834,123.78268403264731,0.8091183639520056,0.05643066906266418,7.2911372174928415,0.540218003958917
929,13.801376324837276,3.8966696384038526,0.5492702902534198,0.8236579053804571,1.7309250785071715,0.9669793605121885,0.8853047432025191,0.6431821469383722,10.684796260126236,0.6541451131467951,0.19844491463282865,5.9311936989200404,1.1235142208340558
930,15.62794032470176,2.671414692743965,0.8054233594077653,0.3300947534637563,1.8552453712622452,0.7717001777462456,0.7162948970327722,0.6428814138042391,25.838345964450344,0.7044504375660902,0.15632702995339615,5.9311936989200404,1.1235142208340558
931,23.02134963865312,15.09748969823627,1.5454836059602648,1.8337988195268387,0.3293787991780155,3.9575542549834055,4.887472739546334,0.12419238195633889,62.725502683027315,0.744336916060533,0.14550330451384544,2.816299770127811,1.1701949905102844
932,43.75994680938738,7.2494341237051145,0.311999964104534,0.8154811238477062,0.8580637768714261,1.0783099773779479,0.9783390626581254,0.687798465878171,43.17197312385784,0.5938776538500374,0.3044230518123816,5.9311936989200404,1.1235142208340558
933,34.63749888784361,9.716494573857487,0.278214477262799,0.7018472551148299,1.0740867029524621,0.6173995968887104,0.33910345975619577,0.9153318328016826,37.714676734797344,0.3749309982944158,0.09409851628871448,5.9311936989200404,1.1235142208340558
934,43.37558626500587,6.601782061367296,0.7898965080521846,0.474314523475622,0.764140038380519,0.7000978985833478,1.0194001934043257,0.5123225174524431,23.403469161460915,0.5970632197381417,0.22620037383597544,5.9311936989200404,1.1235142208340558
935,20.703268410647365,15.359261293660177,1.876723073019945,3.6234944532469227,0.4188604630118265,3.042918301413262,5.6262536496104545,0.09126712903731027,42.518248337715136,0.7014825648094639,0.048357204897618224,5.1768549049102255,1.1793703526420152
936,36.81057714980675,7.912978765200085,0.6339860388443814,0.2837786477414434,0.9800609825082152,0.7160241733906054,0.4200821312565002,0.533337986794259,38.23509257495776,0.3851704563224196,0.14264260176532353,5.9311936989200404,1.1235142208340558
937,37.582080298098546,32.13121904008254,2.7150431443417045,1.8915914449780618,0.18466202861707282,4.330442345700489,5.422941581745516,0.4056120666454165,87.77944325070855,0.8518029108529265,0.09386291988091355,2.8128844640479103,0.3690031952743119
938,48.15311971297243,6.453085890935204,0.2550185713700411,0.6734381173322997,1.7396323172581654,0.9288155069366846,0.8069287387377676,0.6078941286635152,38.035340997605374,0.6076093829521214,0.11917818649811096,5.9311936989200404,1.1235142208340558
939,58.5551429857154,51.95989995679005,2.604334654816496,2.408444187432721,0.31038318561209743,2.3217913573934923,3.6114742718611255,0.19106538530158906,191.44231747332822,0.6710700989552443,0.061125813209877505,2.1926184330103053,1.1428357262379996
940,8.631550432703069,2.492077244334654,2.3886211997724773,1.833699449600131,0.2733002925464022,2.1264097650177045,3.6957733520506766,0.35833388868953153,18.526807932524196,0.7684283115429192,0.14195132675553654,6.666133391316065,1.1812212751829894
941,30.00072934053951,10.6400857873507,0.36404804722205936,0.47835711045757323,2.0404580811808506,0.5552573080904518,0.41465336656722235,0.6497027683561306,44.202484612319154,0.3383004180134619,0.12450731259689325,5.9311936989200404,1.1235142208340558
942,7.750505495485272,2.8015042063267024,0.26817245829985986,0.7283284692940964,0.9344624098913545,0.6882863000943287,0.47333472186493275,0.581296262647,6.9593902937500856,0.5172765141722659,0.26719659996788686,5.9311936989200404,1.1235142208340558
943,35.11652905638008,3.7799215498168826,0.1064680694841164,0.9421996151822718,0.8551275595129519,0.6900758695664284,0.3504407388859369,0.7774899648745914,35.51788001189681,0.721789378528146,0.27472397166459445,5.9311936989200404,1.1235142208340558
944,29.913374368162856,16.830758768788705,1.1880496075473603,1.1122573320125482,0.6391915619715803,2.585561220312459,5.488240854119417,0.25239144235651834,47.91800722342522,0.9297197647659714,0.15447263004982503,10.047558140814004,1.733546851242803
945,22.250720240547825,2.4966753617916773,0.7440324001567685,0.5100718331325135,1.0763610407780053,1.4199648011878643,0.4510570762365629,0.6573533853269674,17.754225443018694,0.47279645345394355,0.23730641991183826,5.9311936989200404,1.1235142208340558
946,19.919462189779498,2.095630533400407,0.3178930079331314,0.2802337977706652,1.0848613496247044,1.408979051804041,0.9777982642648793,0.7428688483751346,17.07831244385457,0.5127624796130471,0.08860198399388192,5.9311936989200404,1.1235142208340558
947,31.258968513095738,10.382158196900042,0.3566424965100388,0.7824898950270678,1.3452854052389538,0.8350329026113901,0.37417032074403567,0.5936770142025485,30.43326990250949,0.3890384672424029,0.29967005427475035,5.9311936989200404,1.1235142208340558
948,17.815499091838387,5.771950261114355,0.10522096482438756,0.7827517867954318,1.0576289402019992,0.8086514221344745,0.6266724152317059,0.7789004406105648,20.845727526260877,0.39254233031670144,0.21992583893733636,5.9311936989200404,1.1235142208340558
949,36.55694633137832,5.756972558765723,0.5965372017724212,0.9261457468445092,1.4717397346576773,1.0727016010229615,0.6642989146366194,0.6650552749128257,38.31137641849282,0.5154930818504412,0.23889699564625672,5.9311936989200404,1.1235142208340558
950,23.270808606011585,3.8567007277628633,0.6951009892730616,0.42186715862508134,1.322033008805425,1.1809591643163135,0.9092400773532225,0.8642021518467704,17.006524407134318,0.48561711203600727,0.20628741657879246,5.9311936989200404,1.1235142208340558
951,6.5477914672175395,0.8985554844627955,0.20049874042124147,0.9411531045753294,1.4817089816927123,1.5033873153225834,0.952795176183585,0.8467108159441207,9.638387672540997,0.5061491937998767,0.21445049885065168,5.9311936989200404,1.1235142208340558
952,62.512889670225974,40.88979140517277,0.6756748172678398,1.7206964002375884,0.6048098715339625,2.948479145932371,4.635258641320492,0.15932307220675598,74.60870390651269,0.6169295819140587,0.204770855728758,9.310601734456313,1.6585204461795349
953,18.682525574896275,7.571107818275732,0.6373010234135368,0.7033799925436564,1.2487811785347314,0.5669512000609433,1.0173756378427015,0.6242409516836968,9.229770875878689,0.5015906463912914,0.2352741288405984,5.9311936989200404,1.1235142208340558
954,26.443769045413152,3.3481976091607404,0.5269407242170996,0.24388123853137864,1.05210603035901,1.2028084185275765,0.8797844084648283,0.5314182686981298,21.37653733855967,0.5184213903259449,0.2900252753069146,5.9311936989200404,1.1235142208340558
955,54.330626618844235,42.41611435506789,1.4551617076869947,2.8016630822995716,0.320844887067296,3.66079334167939,4.286328609099018,0.3426610054125603,147.65317375767734,0.730140906408806,0.12839703554613358,7.995979810943504,1.0181081164035308
956,28.14544809180373,20.406760921511204,2.4888592938544885,1.7695154581787977,0.3021405934674978,3.7898081934036285,5.065396658583466,0.32288303842523614,64.42225963237148,0.89788146796185,0.1856339718856237,2.650285888225376,1.6138574511688244
957,11.230224741313002,7.329298635659141,1.4774255110054697,2.4384007384855186,0.40964976972018957,2.82711746039714,6.994872329754826,0.4164441293683377,18.910357914033746,0.7908565151340649,0.15343990322581466,4.6290493055181345,0.9813491924330753
958,19.420472476928193,5.276799039071061,0.3688155230347705,0.8186818797753286,1.732801394938318,1.4591505030760876,0.5996429976757441,0.6782103097956342,30.072044738016658,0.6499049661244518,0.2409199476855497,5.9311936989200404,1.1235142208340558
959,52.2797243508804,5.514852222590697,0.6202397592636094,0.3118830235355157,1.604749304113776,1.0201822659994324,0.8010322568464291,0.6987531123944024,25.331476655653905,0.4454982815266109,0.24923592178866352,5.9311936989200404,1.1235142208340558
960,38.357446333312375,3.5952191246888794,0.6959304621962021,0.23360078720525906,1.0292885624188886,1.3394787287353713,0.5536558967544071,0.4947308147076953,51.64124909881939,0.48246986597548197,0.2735330593229049,5.9311936989200404,1.1235142208340558
961,38.97912414121598,18.891875742171795,1.9028548344849352,2.294038017904366,0.26478424317536275,2.8191526506161955,2.8206102651866867,0.2881465245462794,118.18029306208346,0.8329655472157417,0.18084127637733827,4.716683240663442,0.7161198789979037
962,32.964655811763514,6.76228884098515,0.7009944318694522,0.44120061226193646,1.5096192024542137,1.3885855531001832,0.6802781372611404,0.8823182587606264,17.56237758366974,0.34705873799096326,0.17204233885333603,5.9311936989200404,1.1235142208340558
963,15.533414260959269,1.5124671040752222,0.3846032124231605,0.3046471549395887,1.3793836159601518,0.8160800865748765,0.9714980300079609,0.7660035215265525,11.60266070797224,0.5537128729297918,0.14978417733870886,5.9311936989200404,1.1235142208340558
964,23.599342641259486,6.498832487504137,0.6440277088723084,0.5602125800232427,1.4627702329476973,0.6967635234471369,0.32064484484745276,0.6141570509672938,21.214001929834886,0.6461945516171372,0.21311480098578192,5.9311936989200404,1.1235142208340558
965,39.69779319365245,4.048543938064898,0.4321394853224747,0.6428357223613476,1.3739811878595714,0.9816956174884521,0.8078845916922782,0.7722242407825938,44.31084693381541,0.3804771284634357,0.24250494185814983,5.9311936989200404,1.1235142208340558
966,9.499409240848307,3.4336600935864032,0.7786949603128671,0.20542878352137356,1.456567312646653,0.8918186517272895,0.7592701159945947,0.6796160035708778,13.231030554967814,0.339259915527123,0.31980934328018257,5.9311936989200404,1.1235142208340558
967,16.61650962958804,3.3566597484106238,0.6906726932840997,0.4269832133138447,1.65681899140519,1.4049490194576468,0.9286747451984396,0.7134373389864006,23.84560088233453,0.6008653654502526,0.17772525278216197,5.9311936989200404,1.1235142208340558
968,17.768425690348046,1.927899238372864,0.15757879162624694,0.220397202047358,0.9985885525940259,0.5751897208570529,0.9669559195948885,0.7408163739026402,14.891811296537288,0.41876336419344895,0.24905451995156325,5.9311936989200404,1.1235142208340558
969,22.611089659270824,6.69062084765941,0.7234596696008477,0.49161000328648613,1.744511075535724,0.7290306884028167,0.7757186426857231,0.6210656526993025,22.864620838862002,0.5779597014519622,0.2831216443395408,5.9311936989200404,1.1235142208340558
970,74.32865165814454,35.51868291215208,1.631342480313213,2.312319010661249,0.18694825331182674,2.4712401646371625,3.635601535776264,0.33012682255300224,148.7875808540266,0.7704895317924553,0.1125725799379878,8.079636862989458,0.6362106574619484
971,12.550782450209457,5.8552921145649,1.6537650838539146,1.6640220548813693,0.18823030130520266,3.3047194246468314,5.376029921462594,0.47077854877009545,21.88717837510158,0.7354184658250063,0.20272763209203146,8.480235491813366,1.084184190352576
972,45.67942247965772,14.919812192428367,1.7819223163597764,1.821107637216058,0.5258376920911425,3.03960495359882,4.711558262560563,0.31526567079912154,79.65817093473937,0.6931415899435768,0.14842669712660836,5.1192310587892695,0.7456557241998494
973,22.843131665244265,13.504041031888336,1.524689154557083,1.0100190166083554,0.31494370277834915,2.3897788387110284,5.268207752389329,0.1769928849528671,42.60863780740163,0.8045180372785045,0.0832245123117089,5.186701675911912,0.376862257036065
974,47.07671539089025,15.075913949722873,0.6902560478155042,0.9730592973575491,0.8377718270471167,1.1183135543030345,0.9523293545815371,0.7030393248299134,57.163169654490495,0.5806033106706497,0.3112615652984079,5.9311936989200404,1.1235142208340558
975,9.8768976763563,1.8440480906101122,0.318135592648114,0.6076213918879784,1.207341287421686,0.6766871558015715,0.8403777478746595,0.7968007179710656,10.268397084371793,0.61103565525741,0.2132115037796422,5.9311936989200404,1.1235142208340558
976,28.194652268877675,8.035422126249165,0.797718448330534,0.3162427812356365,1.0229160498891512,1.425894197400625,0.45027076752190975,0.8162413631935126,16.634563747343616,0.6641575527894542,0.2836062078249814,5.9311936989200404,1.1235142208340558
977,35.02214371125108,8.114900092707495,0.13461554910684637,0.9725647795063164,1.5253366110769067,0.996459931202007,0.7130131338896708,0.6900077102435637,44.04550837552997,0.3134073928852606,0.14023483080033383,5.9311936989200404,1.1235142208340558
978,35.5991927953796,9.431642533516822,0.19014848374533894,0.7992124278918373,1.8138307538366738,1.441044814561007,0.5536965185471852,0.7478295506326997,24.692046341896422,0.4074436154481024,0.14964314704066797,5.9311936989200404,1.1235142208340558
979,28.572539984218686,2.771582972261136,0.4477735827606997,0.8336511719036422,2.011319322344684,0.9567546188220382,0.29007858084817245,0.59289029246838,20.522773945672473,0.35472998528381816,0.2897582093724675,5.9311936989200404,1.1235142208340558
980,22.32118807189051,4.453859691448419,0.4584541260263717,0.7515103987039282,1.6360204059057073,0.8071295214483285,0.48172835584714885,0.5865528828544692,23.9035825248829,0.4537289653148228,0.1278640451927448,5.9311936989200404,1.1235142208340558
981,21.353810478489926,8.197297681171376,0.5477917713389975,0.34999745626937184,1.2071310104927593,0.6554358382439273,0.4065086393435512,0.8210138131979338,24.795530927448205,0.643257832723239,0.12248408204433203,5.9311936989200404,1.1235142208340558
982,19.072983406230726,5.7782310771994885,0.10819366059297107,0.3691113128002318,1.5072457027289294,0.49276683212843225,0.7906917681563105,0.872386851228341,9.911969609417485,0.45567435805128487,0.17606193750052157,5.9311936989200404,1.1235142208340558
983,15.048467886309922,2.2279758123537925,0.7652786528777666,0.7868404029387476,1.0923891871587046,1.104877512704816,0.5091485213224737,0.8411135756535363,17.493502571834973,0.6542615929263995,0.207966144325576,5.9311936989200404,1.1235142208340558
984,33.08592673978944,29.505656589351002,2.4467748683369805,3.099469940603527,0.4150140791812677,2.8715603812886497,6.379657644608399,0.21053672898462159,94.63500322725082,0.7758460333815272,0.17455774452061132,2.2868455254229088,1.4152193050253168
985,14.683245791058631,5.745599551992502,0.21913998168501603,0.553789701755598,1.8496348901962603,0.8583240936473754,1.0415723973493611,0.6813213019887462,20.32496084107328,0.42396314590326545,0.15965145018457003,5.9311936989200404,1.1235142208340558
986,15.123834780095246,6.677875245985502,0.11299941921796126,0.792272485858207,1.4069537613931706,1.0420976687662822,0.5938794648582809,0.6297480278576708,16.996097530128612,0.6819966807856584,0.28428398342505456,5.9311936989200404,1.1235142208340558
987,38.79040728254905,4.621294467509239,0.49857292046513313,0.7876933072543665,1.2580831505901944,0.8516610968281465,0.29003769731882406,0.8542312076464516,29.73373313509076,0.4522344623041762,0.3092790803729811,5.9311936989200404,1.1235142208340558
988,52.90816973094198,12.030937025885848,0.6937045471796612,0.5897771442907247,1.1073308000445912,0.6585930104923452,0.5130318347607457,0.6037545084186745,69.6603442414493,0.6357841205373781,0.16035396499137872,5.9311936989200404,1.1235142208340558
989,30.664528716720117,6.321728554317585,0.5669050166620676,0.878392795645339,0.9597057592201336,1.3227113895641969,0.3700707020397478,0.7961678923449004,39.71037537450642,0.3505770789890249,0.20007376560060738,5.9311936989200404,1.1235142208340558
990,9.182008300487562,3.0743215970399875,0.7056603075187007,0.9161229281726777,1.814871266570496,1.4740526159784324,0.38197259193635563,0.6553557170600557,4.414285587804118,0.7312535700965471,0.24064125092197494,5.9311936989200404,1.1235142208340558
991,9.284581976836103,1.086465897044933,0.1114327175349617,0.7524495354515036,1.3389938525070253,0.6220247370840252,0.35505649190283384,0.706578017867185,6.496614931560329,0.5009482430428853,0.22381657338633093,5.9311936989200404,1.1235142208340558
992,36.51016353098873,8.303133570040695,0.4542929195565802,0.3912856884340907,1.3055420352816802,0.7182586489631002,0.6891920853800458,0.6645720771195496,69.11675757783877,0.6088292257360661,0.17174553295223421,5.9311936989200404,1.1235142208340558
993,24.359457979599796,15.54601725110964,1.2991583742090278,1.6137479486902186,0.2919591809080711,3.808459543732607,2.7150950761333186,0.1807171042893361,56.07137184094623,0.9786229259346964,0.1603109763675034,4.618177418290047,1.5083333006954454
994,13.861485144761255,6.712439330865629,1.7718064976445733,1.1364148915222438,0.42188001674913417,2.7728312998784057,2.826120400599889,0.27502960081683736,19.84078733926245,0.7386516707121132,0.05912688480157679,5.992325498149635,0.7637752424533393
995,39.80942560220422,7.555871644887725,0.14747717600646765,0.3016901013777615,0.9289535941248891,1.4630870598285528,0.9243748396442527,0.8818949430782028,38.359448536073906,0.7185170047810787,0.14883597812782748,5.9311936989200404,1.1235142208340558
996,35.59416680734776,7.110177261702115,0.5612363038726756,0.41765526208073117,1.8126205336022005,0.48787582278705693,0.5923246885229645,0.5038143822500774,37.88257441621436,0.7192515511135249,0.1982049135890997,5.9311936989200404,1.1235142208340558
997,61.30934937783031,18.47259139611726,0.8870069171757211,2.90911567886709,0.2184859715332012,4.740645730806427,5.737411465967991,0.14073246229060268,108.1538185937782,0.7030223557402836,0.16709653775487995,2.916034362749333,0.41609512306821916
998,13.061162763465992,3.5694750633472934,0.6111912342487347,0.5901502524061397,1.9156650302040636,0.8056364105161052,0.6328870520908463,0.7943619396125146,20.425068126389984,0.4218336441025295,0.24977405793750146,5.9311936989200404,1.1235142208340558
999,4.658954229733442,1.4030266808302887,0.4452248517256127,0.8684684447969795,1.3664385628529967,1.4309147741266734,0.547439623292798,0.7592434920966085,7.121945170140966,0.47291738528483324,0.2674034497257768,5.9311936989200404,1.1235142208340558
1000,46.275681687517945,7.41735686994519,0.21351814401290156,0.2991291215182219,1.0836556537713165,0.8287416867574049,0.8556465126492336,0.8275302933651901,67.7684951226455,0.3794979618750399,0.18479732807697014,5.9311936989200404,1.1235142208340558
