Time(ms),A1
0,502
1,670
2,506
3,471
4,588
5,420
6,502
7,521
8,614
9,487
10,499
11,551
12,530
13,549
14,657
15,693
16,591
17,676
18,560
19,421
20,652
21,635
22,448
23,458
24,569
25,587
26,670
27,589
28,574
29,450
30,454
31,643
32,530
33,534
34,420
35,566
36,673
37,488
38,413
39,641
40,664
41,452
42,491
43,663
44,434
45,605
46,480
47,449
48,401
49,453
50,505
51,659
52,590
53,617
54,443
55,561
56,601
57,669
58,670
59,614
60,651
61,589
62,695
63,612
64,607
65,636
66,452
67,679
68,616
69,651
70,587
71,440
72,556
73,414
74,464
75,408
76,528
77,535
78,462
79,538
80,480
81,562
82,688
83,660
84,630
85,440
86,427
87,534
88,600
89,667
90,432
91,447
92,461
93,615
94,692
95,498
96,571
97,613
98,434
99,626
100,500
101,530
102,656
103,404
104,617
105,654
106,682
107,606
108,414
109,441
110,578
111,462
112,630
113,640
114,451
115,495
116,621
117,630
118,636
119,542
120,570
121,428
122,435
123,412
124,559
125,586
126,642
127,485
128,683
129,465
130,569
131,444
132,461
133,533
134,683
135,427
136,507
137,443
138,685
139,527
140,630
141,589
142,624
143,682
144,520
145,515
146,632
147,658
148,597
149,536
150,564
151,624
152,633
153,571
154,551
155,559
156,495
157,632
158,579
159,512
160,451
161,667
162,694
163,512
164,500
165,512
166,480
167,586
168,512
169,401
170,529
171,619
172,453
173,623
174,624
175,525
176,529
177,452
178,571
179,617
180,559
181,597
182,646
183,602
184,583
185,522
186,654
187,693
188,679
189,497
190,597
191,639
192,543
193,496
194,600
195,523
196,586
197,658
198,547
199,651
200,546
201,547
202,598
203,527
204,438
205,528
206,666
207,550
208,697
209,498
210,662
211,651
212,543
213,511
214,459
215,401
216,653
217,539
218,436
219,559
220,408
221,632
222,498
223,546
224,607
225,530
226,551
227,453
228,519
229,560
230,515
231,474
232,512
233,503
234,653
235,626
236,511
237,498
238,552
239,593
240,562
241,607
242,568
243,560
244,467
245,688
246,676
247,534
248,594
249,527
250,432
251,575
252,421
253,637
254,557
255,437
256,629
257,450
258,663
259,682
260,426
261,625
262,676
263,685
264,496
265,683
266,546
267,403
268,434
269,591
270,448
271,416
272,571
273,619
274,557
275,445
276,405
277,498
278,632
279,436
280,679
281,580
282,494
283,498
284,587
285,515
286,590
287,652
288,560
289,655
290,527
291,417
292,680
293,622
294,453
295,457
296,573
297,679
298,513
299,687
300,550
301,526
302,554
303,672
304,503
305,698
306,645
307,575
308,438
309,569
310,646
311,425
312,412
313,435
314,572
315,419
316,663
317,541
318,542
319,491
320,687
321,614
322,450
323,552
324,585
325,462
326,589
327,524
328,549
329,457
330,579
331,569
332,670
333,453
334,500
335,663
336,452
337,459
338,507
339,404
340,502
341,595
342,661
343,446
344,543
345,668
346,523
347,505
348,557
349,546
350,544
351,519
352,674
353,491
354,457
355,628
356,516
357,678
358,526
359,528
360,457
361,521
362,400
363,638
364,689
365,495
366,525
367,517
368,447
369,488
370,636
371,671
372,588
373,591
374,468
375,677
376,646
377,475
378,553
379,543
380,485
381,584
382,684
383,619
384,468
385,446
386,493
387,637
388,603
389,617
390,438
391,499
392,688
393,653
394,621
395,422
396,649
397,409
398,645
399,499
400,689
401,579
402,622
403,649
404,546
405,495
406,656
407,403
408,415
409,679
410,646
411,657
412,559
413,551
414,577
415,562
416,432
417,578
418,500
419,667
420,464
421,567
422,442
423,443
424,684
425,411
426,494
427,652
428,641
429,434
430,614
431,489
432,663
433,492
434,489
435,514
436,504
437,595
438,513
439,474
440,616
441,676
442,648
443,563
444,591
445,626
446,576
447,498
448,435
449,495
450,551
451,550
452,589
453,623
454,436
455,667
456,582
457,412
458,678
459,616
460,685
461,672
462,461
463,483
464,616
465,586
466,418
467,576
468,499
469,632
470,475
471,664
472,683
473,605
474,622
475,451
476,543
477,468
478,498
479,424
480,452
481,550
482,543
483,456
484,438
485,508
486,580
487,441
488,585
489,622
490,521
491,532
492,562
493,614
494,620
495,634
496,545
497,638
498,475
499,408
500,473
501,652
502,629
503,406
504,573
505,540
506,567
507,569
508,682
509,521
510,593
511,404
512,428
513,564
514,535
515,544
516,616
517,531
518,691
519,469
520,651
521,674
522,581
523,566
524,490
525,601
526,418
527,438
528,525
529,572
530,540
531,641
532,619
533,525
534,457
535,547
536,400
537,589
538,590
539,516
540,533
541,457
542,443
543,572
544,559
545,572
546,548
547,479
548,612
549,602
550,651
551,628
552,563
553,626
554,546
555,419
556,446
557,632
558,413
559,542
560,400
561,453
562,658
563,543
564,411
565,623
566,671
567,555
568,407
569,521
570,563
571,489
572,535
573,585
574,577
575,427
576,619
577,440
578,627
579,591
580,544
581,600
582,611
583,619
584,639
585,445
586,434
587,652
588,481
589,655
590,596
591,409
592,685
593,641
594,650
595,404
596,518
597,688
598,464
599,545
600,623
601,638
602,576
603,666
604,681
605,462
606,616
607,682
608,576
609,497
610,504
611,498
612,405
613,596
614,532
615,658
616,422
617,452
618,564
619,601
620,482
621,544
622,484
623,477
624,400
625,450
626,572
627,604
628,659
629,687
630,433
631,494
632,471
633,438
634,553
635,649
636,561
637,517
638,658
639,667
640,453
641,635
642,621
643,650
644,511
645,654
646,606
647,628
648,465
649,474
650,502
651,591
652,651
653,625
654,693
655,497
656,685
657,648
658,565
659,429
660,646
661,505
662,450
663,480
664,532
665,684
666,537
667,583
668,672
669,468
670,433
671,661
672,452
673,604
674,525
675,634
676,442
677,639
678,510
679,648
680,550
681,582
682,494
683,407
684,583
685,680
686,594
687,594
688,554
689,492
690,559
691,460
692,521
693,450
694,676
695,404
696,491
697,569
698,421
699,400
700,532
701,632
702,411
703,445
704,433
705,477
706,617
707,472
708,681
709,648
710,446
711,520
712,613
713,638
714,455
715,506
716,447
717,460
718,425
719,691
720,656
721,407
722,512
723,652
724,579
725,606
726,526
727,455
728,613
729,413
730,427
731,477
732,615
733,553
734,413
735,586
736,406
737,402
738,510
739,637
740,638
741,673
742,693
743,626
744,414
745,591
746,518
747,427
748,601
749,438
750,672
751,630
752,485
753,525
754,699
755,424
756,544
757,412
758,611
759,424
760,467
761,466
762,632
763,508
764,545
765,510
766,627
767,510
768,433
769,510
770,663
771,635
772,482
773,441
774,500
775,405
776,579
777,681
778,625
779,628
780,688
781,549
782,676
783,597
784,469
785,511
786,403
787,494
788,551
789,536
790,646
791,642
792,430
793,439
794,628
795,435
796,622
797,405
798,619
799,474
800,403
801,533
802,517
803,493
804,461
805,593
806,602
807,425
808,572
809,699
810,532
811,517
812,674
813,611
814,624
815,419
816,512
817,539
818,446
819,400
820,489
821,541
822,437
823,692
824,538
825,658
826,560
827,577
828,409
829,660
830,537
831,571
832,412
833,567
834,529
835,483
836,500
837,672
838,664
839,437
840,493
841,494
842,468
843,635
844,536
845,475
846,434
847,400
848,695
849,459
850,666
851,628
852,669
853,685
854,690
855,612
856,564
857,404
858,477
859,461
860,531
861,488
862,636
863,441
864,488
865,695
866,694
867,503
868,413
869,687
870,578
871,524
872,422
873,462
874,542
875,552
876,544
877,624
878,503
879,503
880,438
881,597
882,533
883,466
884,578
885,441
886,414
887,510
888,556
889,688
890,630
891,556
892,437
893,496
894,688
895,653
896,595
897,485
898,409
899,404
900,522
901,517
902,693
903,558
904,627
905,615
906,583
907,414
908,556
909,535
910,660
911,556
912,446
913,572
914,529
915,494
916,514
917,642
918,691
919,681
920,698
921,682
922,468
923,547
924,410
925,653
926,437
927,533
928,599
929,422
930,617
931,540
932,503
933,609
934,510
935,503
936,570
937,532
938,692
939,526
940,505
941,491
942,686
943,450
944,428
945,695
946,696
947,613
948,666
949,656
950,500
951,509
952,581
953,400
954,454
955,548
956,536
957,601
958,516
959,553
960,690
961,462
962,643
963,424
964,489
965,474
966,693
967,609
968,416
969,527
970,650
971,578
972,581
973,551
974,424
975,579
976,597
977,560
978,576
979,684
980,462
981,549
982,553
983,555
984,448
985,483
986,576
987,547
988,517
989,462
990,588
991,448
992,656
993,623
994,540
995,614
996,610
997,431
998,557
999,684
1000,685
1001,543
1002,418
1003,417
1004,656
1005,477
1006,574
1007,593
1008,512
1009,513
1010,621
1011,565
1012,531
1013,663
1014,454
1015,530
1016,687
1017,665
1018,561
1019,486
1020,454
1021,687
1022,577
1023,407
1024,646
1025,654
1026,453
1027,648
1028,638
1029,628
1030,466
1031,450
1032,496
1033,491
1034,663
1035,690
1036,495
1037,487
1038,477
1039,687
1040,519
1041,564
1042,581
1043,622
1044,406
1045,662
1046,560
1047,550
1048,484
1049,546
1050,511
1051,435
1052,684
1053,587
1054,481
1055,401
1056,596
1057,410
1058,633
1059,594
1060,518
1061,419
1062,660
1063,692
1064,655
1065,621
1066,625
1067,452
1068,679
1069,480
1070,601
1071,557
1072,519
1073,458
1074,614
1075,527
1076,623
1077,608
1078,514
1079,608
1080,413
1081,408
1082,439
1083,636
1084,680
1085,600
1086,645
1087,677
1088,634
1089,403
1090,553
1091,428
1092,508
1093,497
1094,614
1095,692
1096,474
1097,545
1098,527
1099,441
1100,440
1101,433
1102,416
1103,564
1104,552
1105,475
1106,486
1107,516
1108,426
1109,686
1110,533
1111,618
1112,567
1113,497
1114,667
1115,636
1116,572
1117,589
1118,521
1119,445
1120,463
1121,529
1122,592
1123,580
1124,691
1125,681
1126,428
1127,548
1128,666
1129,695
1130,410
1131,563
1132,512
1133,586
1134,694
1135,631
1136,626
1137,497
1138,454
1139,510
1140,551
1141,645
1142,468
1143,688
1144,649
1145,435
1146,638
1147,547
1148,626
1149,643
1150,600
1151,553
1152,472
1153,600
1154,695
1155,416
1156,528
1157,616
1158,460
1159,503
1160,441
1161,424
1162,438
1163,690
1164,530
1165,628
1166,507
1167,571
1168,501
1169,411
1170,674
1171,500
1172,443
1173,416
1174,456
1175,411
1176,479
1177,615
1178,663
1179,548
1180,480
1181,614
1182,597
1183,599
1184,424
1185,488
1186,667
1187,542
1188,458
1189,425
1190,446
1191,687
1192,665
1193,415
1194,598
1195,681
1196,485
1197,649
1198,669
1199,516
1200,406
1201,536
1202,575
1203,614
1204,481
1205,622
1206,502
1207,672
1208,413
1209,558
1210,551
1211,507
1212,587
1213,497
1214,530
1215,692
1216,570
1217,582
1218,438
1219,414
1220,403
1221,609
1222,560
1223,415
1224,507
1225,626
1226,569
1227,433
1228,650
1229,646
1230,668
1231,540
1232,673
1233,495
1234,626
1235,438
1236,428
1237,644
1238,635
1239,584
1240,671
1241,635
1242,638
1243,665
1244,464
1245,576
1246,402
1247,541
1248,557
1249,545
1250,692
1251,552
1252,592
1253,472
1254,539
1255,586
1256,692
1257,460
1258,597
1259,694
1260,410
1261,461
1262,625
1263,552
1264,598
1265,451
1266,659
1267,458
1268,471
1269,547
1270,462
1271,642
1272,506
1273,625
1274,617
1275,640
1276,658
1277,661
1278,404
1279,660
1280,453
1281,446
1282,614
1283,576
1284,408
1285,498
1286,419
1287,640
1288,460
1289,577
1290,461
1291,544
1292,615
1293,402
1294,559
1295,626
1296,668
1297,519
1298,488
1299,467
1300,497
1301,666
1302,504
1303,522
1304,428
1305,536
1306,594
1307,625
1308,569
1309,408
1310,439
1311,424
1312,660
1313,625
1314,523
1315,437
1316,650
1317,575
1318,489
1319,436
1320,575
1321,683
1322,480
1323,513
1324,439
1325,623
1326,514
1327,585
1328,455
1329,439
1330,439
1331,636
1332,688
1333,661
1334,615
1335,546
1336,567
1337,491
1338,458
1339,458
1340,568
1341,668
1342,444
1343,580
1344,569
1345,590
1346,554
1347,587
1348,406
1349,532
1350,634
1351,444
1352,648
1353,430
1354,422
1355,559
1356,557
1357,438
1358,481
1359,657
1360,605
1361,476
1362,411
1363,694
1364,623
1365,412
1366,445
1367,554
1368,512
1369,632
1370,416
1371,622
1372,587
1373,562
1374,473
1375,632
1376,623
1377,459
1378,621
1379,436
1380,677
1381,595
1382,641
1383,618
1384,591
1385,416
1386,411
1387,592
1388,421
1389,519
1390,609
1391,669
1392,591
1393,574
1394,684
1395,603
1396,563
1397,650
1398,626
1399,406
1400,428
1401,432
1402,533
1403,478
1404,457
1405,425
1406,625
1407,684
1408,403
1409,498
1410,438
1411,670
1412,684
1413,556
1414,474
1415,687
1416,529
1417,574
1418,483
1419,421
1420,426
1421,594
1422,635
1423,491
1424,420
1425,483
1426,661
1427,546
1428,656
1429,457
1430,414
1431,561
1432,562
1433,680
1434,679
1435,411
1436,673
1437,670
1438,607
1439,426
1440,471
1441,459
1442,544
1443,492
1444,407
1445,478
1446,426
1447,573
1448,449
1449,598
1450,580
1451,423
1452,445
1453,414
1454,552
1455,621
1456,605
1457,672
1458,635
1459,627
1460,408
1461,565
1462,613
1463,516
1464,471
1465,463
1466,604
1467,608
1468,471
1469,676
1470,673
1471,494
1472,565
1473,431
1474,410
1475,616
1476,688
1477,501
1478,666
1479,613
1480,578
1481,487
1482,440
1483,475
1484,445
1485,559
1486,479
1487,485
1488,491
1489,547
1490,560
1491,601
1492,641
1493,401
1494,624
1495,688
1496,632
1497,476
1498,515
1499,553
1500,502
1501,593
1502,565
1503,489
1504,573
1505,521
1506,542
1507,505
1508,522
1509,408
1510,661
1511,472
1512,622
1513,440
1514,603
1515,663
1516,577
1517,483
1518,510
1519,650
1520,406
1521,483
1522,607
1523,421
1524,402
1525,526
1526,696
1527,587
1528,413
1529,411
1530,486
1531,411
1532,424
1533,642
1534,521
1535,546
1536,454
1537,637
1538,572
1539,620
1540,518
1541,582
1542,687
1543,699
1544,481
1545,610
1546,549
1547,436
1548,458
1549,530
1550,601
1551,642
1552,434
1553,492
1554,606
1555,612
1556,558
1557,423
1558,692
1559,403
1560,619
1561,419
1562,551
1563,449
1564,576
1565,495
1566,504
1567,649
1568,516
1569,627
1570,465
1571,661
1572,694
1573,642
1574,585
1575,645
1576,524
1577,667
1578,530
1579,636
1580,417
1581,439
1582,420
1583,624
1584,681
1585,407
1586,499
1587,639
1588,486
1589,697
1590,413
1591,401
1592,692
1593,440
1594,510
1595,413
1596,630
1597,483
1598,529
1599,630
1600,544
1601,427
1602,465
1603,562
1604,628
1605,660
1606,563
1607,686
1608,409
1609,594
1610,517
1611,669
1612,479
1613,492
1614,665
1615,656
1616,532
1617,675
1618,663
1619,570
1620,400
1621,463
1622,683
1623,520
1624,506
1625,574
1626,603
1627,564
1628,519
1629,443
1630,555
1631,606
1632,507
1633,650
1634,529
1635,692
1636,419
1637,681
1638,684
1639,400
1640,518
1641,434
1642,597
1643,644
1644,458
1645,560
1646,578
1647,605
1648,411
1649,675
1650,580
1651,641
1652,615
1653,650
1654,698
1655,525
1656,616
1657,684
1658,584
1659,438
1660,622
1661,583
1662,577
1663,693
1664,550
1665,525
1666,633
1667,407
1668,528
1669,663
1670,556
1671,404
1672,485
1673,574
1674,689
1675,592
1676,518
1677,617
1678,513
1679,544
1680,425
1681,535
1682,631
1683,475
1684,688
1685,400
1686,546
1687,686
1688,541
1689,452
1690,468
1691,489
1692,619
1693,591
1694,462
1695,472
1696,560
1697,568
1698,488
1699,575
1700,668
1701,472
1702,644
1703,476
1704,558
1705,497
1706,501
1707,531
1708,501
1709,418
1710,481
1711,678
1712,528
1713,488
1714,612
1715,542
1716,464
1717,475
1718,598
1719,542
1720,492
1721,623
1722,690
1723,501
1724,666
1725,509
1726,664
1727,402
1728,484
1729,681
1730,516
1731,620
1732,553
1733,552
1734,411
1735,532
1736,692
1737,699
1738,627
1739,670
1740,442
1741,420
1742,506
1743,516
1744,523
1745,680
1746,691
1747,602
1748,450
1749,670
1750,676
1751,540
1752,674
1753,689
1754,451
1755,426
1756,556
1757,638
1758,555
1759,690
1760,535
1761,543
1762,505
1763,557
1764,545
1765,401
1766,476
1767,531
1768,489
1769,662
1770,507
1771,473
1772,438
1773,558
1774,470
1775,640
1776,697
1777,435
1778,483
1779,662
1780,571
1781,572
1782,446
1783,540
1784,517
1785,676
1786,613
1787,619
1788,425
1789,408
1790,670
1791,409
1792,520
1793,524
1794,569
1795,471
1796,551
1797,607
1798,448
1799,553
1800,692
1801,467
1802,449
1803,551
1804,418
1805,499
1806,459
1807,566
1808,601
1809,545
1810,563
1811,641
1812,468
1813,574
1814,448
1815,507
1816,625
1817,560
1818,518
1819,548
1820,549
1821,692
1822,542
1823,559
1824,410
1825,537
1826,477
1827,476
1828,653
1829,657
1830,690
1831,662
1832,484
1833,545
1834,441
1835,524
1836,566
1837,640
1838,679
1839,587
1840,418
1841,467
1842,617
1843,501
1844,441
1845,687
1846,566
1847,508
1848,435
1849,631
1850,628
1851,563
1852,472
1853,535
1854,469
1855,595
1856,668
1857,448
1858,529
1859,404
1860,426
1861,559
1862,548
1863,663
1864,629
1865,599
1866,449
1867,466
1868,699
1869,457
1870,658
1871,529
1872,614
1873,571
1874,657
1875,501
1876,608
1877,690
1878,685
1879,515
1880,663
1881,549
1882,699
1883,435
1884,686
1885,607
1886,505
1887,557
1888,520
1889,454
1890,411
1891,544
1892,535
1893,402
1894,543
1895,429
1896,636
1897,678
1898,514
1899,503
1900,517
1901,404
1902,647
1903,520
1904,685
1905,548
1906,483
1907,630
1908,687
1909,560
1910,671
1911,437
1912,625
1913,541
1914,691
1915,550
1916,513
1917,636
1918,465
1919,657
1920,648
1921,579
1922,589
1923,553
1924,595
1925,661
1926,542
1927,500
1928,643
1929,411
1930,638
1931,448
1932,441
1933,565
1934,481
1935,690
1936,557
1937,615
1938,557
1939,533
1940,466
1941,406
1942,413
1943,472
1944,562
1945,465
1946,529
1947,605
1948,675
1949,655
1950,665
1951,424
1952,680
1953,652
1954,688
1955,563
1956,494
1957,669
1958,509
1959,637
1960,424
1961,540
1962,516
1963,424
1964,478
1965,467
1966,572
1967,411
1968,687
1969,527
1970,495
1971,491
1972,540
1973,430
1974,419
1975,545
1976,559
1977,442
1978,653
1979,529
1980,459
1981,550
1982,686
1983,404
1984,665
1985,529
1986,666
1987,577
1988,652
1989,455
1990,482
1991,498
1992,548
1993,555
1994,589
1995,662
1996,479
1997,651
1998,496
1999,659
2000,659
2001,502
2002,439
2003,672
2004,500
2005,620
2006,523
2007,630
2008,577
2009,462
2010,515
2011,590
2012,461
2013,655
2014,406
2015,554
2016,491
2017,413
2018,628
2019,485
2020,532
2021,582
2022,461
2023,618
2024,645
2025,629
2026,478
2027,548
2028,537
2029,464
2030,412
2031,612
2032,641
2033,612
2034,580
2035,572
2036,559
2037,563
2038,587
2039,590
2040,655
2041,582
2042,516
2043,681
2044,595
2045,433
2046,451
2047,511
2048,651
2049,481
2050,631
2051,626
2052,632
2053,620
2054,441
2055,420
2056,441
2057,512
2058,504
2059,591
2060,416
2061,519
2062,528
2063,529
2064,459
2065,447
2066,428
2067,496
2068,409
2069,641
2070,631
2071,676
2072,683
2073,602
2074,646
2075,689
2076,663
2077,613
2078,599
2079,478
2080,572
2081,468
2082,486
2083,500
2084,407
2085,599
2086,486
2087,442
2088,508
2089,551
2090,416
2091,532
2092,547
2093,676
2094,631
2095,627
2096,538
2097,610
2098,427
2099,450
2100,660
2101,660
2102,407
2103,537
2104,437
2105,510
2106,619
2107,622
2108,535
2109,655
2110,448
2111,691
2112,477
2113,504
2114,568
2115,616
2116,518
2117,589
2118,654
2119,665
2120,548
2121,563
2122,539
2123,657
2124,668
2125,580
2126,559
2127,687
2128,687
2129,625
2130,410
2131,409
2132,670
2133,672
2134,582
2135,552
2136,523
2137,513
2138,677
2139,612
2140,571
2141,687
2142,573
2143,512
2144,521
2145,431
2146,621
2147,518
2148,438
2149,667
2150,632
2151,417
2152,548
2153,548
2154,525
2155,637
2156,534
2157,550
2158,635
2159,623
2160,602
2161,655
2162,485
2163,549
2164,634
2165,421
2166,684
2167,668
2168,657
2169,428
2170,612
2171,682
2172,449
2173,494
2174,487
2175,443
2176,677
2177,570
2178,588
2179,583
2180,402
2181,590
2182,517
2183,418
2184,422
2185,429
2186,694
2187,507
2188,680
2189,527
2190,628
2191,510
2192,535
2193,585
2194,543
2195,471
2196,528
2197,660
2198,402
2199,503
2200,623
2201,409
2202,630
2203,618
2204,465
2205,511
2206,412
2207,485
2208,633
2209,489
2210,453
2211,411
2212,608
2213,413
2214,520
2215,419
2216,474
2217,642
2218,622
2219,469
2220,610
2221,500
2222,585
2223,531
2224,510
2225,531
2226,419
2227,423
2228,626
2229,553
2230,692
2231,629
2232,601
2233,437
2234,659
2235,587
2236,456
2237,419
2238,672
2239,518
2240,470
2241,403
2242,620
2243,413
2244,402
2245,615
2246,628
2247,585
2248,454
2249,653
2250,423
2251,561
2252,557
2253,481
2254,558
2255,587
2256,459
2257,610
2258,551
2259,508
2260,475
2261,429
2262,516
2263,591
2264,418
2265,572
2266,627
2267,582
2268,512
2269,582
2270,545
2271,515
2272,512
2273,650
2274,650
2275,517
2276,560
2277,597
2278,659
2279,547
2280,639
2281,446
2282,597
2283,446
2284,477
2285,523
2286,474
2287,536
2288,489
2289,460
2290,537
2291,449
2292,658
2293,506
2294,512
2295,653
2296,517
2297,597
2298,450
2299,644
2300,434
2301,468
2302,448
2303,473
2304,591
2305,660
2306,469
2307,489
2308,659
2309,525
2310,630
2311,694
2312,528
2313,679
2314,499
2315,696
2316,581
2317,573
2318,587
2319,456
2320,430
2321,483
2322,551
2323,435
2324,612
2325,505
2326,619
2327,562
2328,619
2329,669
2330,519
2331,581
2332,505
2333,616
2334,604
2335,469
2336,443
2337,627
2338,583
2339,506
2340,483
2341,649
2342,420
2343,595
2344,577
2345,406
2346,469
2347,526
2348,559
2349,647
2350,602
2351,547
2352,542
2353,598
2354,553
2355,541
2356,564
2357,420
2358,481
2359,468
2360,530
2361,486
2362,617
2363,560
2364,577
2365,516
2366,595
2367,485
2368,688
2369,480
2370,551
2371,460
2372,460
2373,427
2374,442
2375,568
2376,485
2377,576
2378,416
2379,497
2380,597
2381,497
2382,464
2383,404
2384,401
2385,421
2386,511
2387,456
2388,465
2389,497
2390,543
2391,524
2392,566
2393,485
2394,475
2395,693
2396,458
2397,537
2398,498
2399,591
2400,642
2401,448
2402,431
2403,676
2404,419
2405,553
2406,467
2407,613
2408,542
2409,631
2410,612
2411,478
2412,613
2413,515
2414,491
2415,669
2416,567
2417,457
2418,683
2419,425
2420,465
2421,647
2422,653
2423,443
2424,496
2425,441
2426,626
2427,661
2428,566
2429,678
2430,488
2431,577
2432,596
2433,666
2434,667
2435,473
2436,407
2437,696
2438,563
2439,484
2440,471
2441,454
2442,446
2443,637
2444,503
2445,609
2446,441
2447,667
2448,662
2449,658
2450,682
2451,513
2452,439
2453,619
2454,528
2455,407
2456,500
2457,575
2458,506
2459,500
2460,659
2461,645
2462,674
2463,431
2464,536
2465,411
2466,415
2467,528
2468,462
2469,508
2470,420
2471,557
2472,668
2473,561
2474,659
2475,501
2476,622
2477,458
2478,646
2479,527
2480,682
2481,424
2482,530
2483,595
2484,680
2485,553
2486,532
2487,626
2488,588
2489,664
2490,533
2491,610
2492,459
2493,612
2494,615
2495,625
2496,530
2497,475
2498,685
2499,676
2500,555
2501,647
2502,617
2503,589
2504,562
2505,579
2506,433
2507,440
2508,474
2509,678
2510,575
2511,549
2512,672
2513,507
2514,538
2515,670
2516,688
2517,611
2518,671
2519,465
2520,647
2521,555
2522,446
2523,600
2524,547
2525,523
2526,400
2527,646
2528,527
2529,590
2530,466
2531,403
2532,693
2533,542
2534,590
2535,420
2536,626
2537,516
2538,541
2539,438
2540,651
2541,606
2542,609
2543,514
2544,624
2545,533
2546,650
2547,618
2548,490
2549,445
2550,437
2551,541
2552,499
2553,589
2554,434
2555,546
2556,429
2557,483
2558,680
2559,669
2560,553
2561,501
2562,614
2563,549
2564,482
2565,509
2566,674
2567,600
2568,683
2569,572
2570,605
2571,462
2572,472
2573,650
2574,523
2575,520
2576,674
2577,519
2578,563
2579,685
2580,664
2581,560
2582,488
2583,541
2584,602
2585,626
2586,621
2587,440
2588,595
2589,467
2590,663
2591,401
2592,524
2593,509
2594,485
2595,519
2596,526
2597,654
2598,582
2599,415
2600,461
2601,557
2602,667
2603,434
2604,666
2605,463
2606,449
2607,654
2608,548
2609,675
2610,571
2611,600
2612,434
2613,615
2614,464
2615,407
2616,475
2617,573
2618,446
2619,414
2620,546
2621,425
2622,492
2623,631
2624,420
2625,437
2626,675
2627,556
2628,578
2629,531
2630,427
2631,659
2632,475
2633,466
2634,593
2635,561
2636,656
2637,471
2638,486
2639,661
2640,613
2641,552
2642,609
2643,460
2644,667
2645,661
2646,617
2647,682
2648,535
2649,492
2650,508
2651,640
2652,541
2653,690
2654,636
2655,576
2656,540
2657,588
2658,448
2659,589
2660,535
2661,442
2662,489
2663,694
2664,644
2665,591
2666,505
2667,632
2668,664
2669,436
2670,440
2671,416
2672,676
2673,458
2674,582
2675,440
2676,438
2677,591
2678,666
2679,546
2680,526
2681,445
2682,444
2683,400
2684,567
2685,507
2686,418
2687,471
2688,508
2689,667
2690,639
2691,489
2692,502
2693,649
2694,407
2695,552
2696,573
2697,557
2698,614
2699,576
2700,574
2701,545
2702,560
2703,526
2704,481
2705,546
2706,638
2707,483
2708,512
2709,624
2710,642
2711,542
2712,440
2713,657
2714,684
2715,504
2716,601
2717,665
2718,609
2719,450
2720,517
2721,600
2722,438
2723,427
2724,658
2725,483
2726,554
2727,516
2728,401
2729,492
2730,565
2731,695
2732,657
2733,480
2734,667
2735,634
2736,612
2737,461
2738,448
2739,526
2740,622
2741,678
2742,693
2743,683
2744,676
2745,506
2746,545
2747,498
2748,472
2749,521
2750,429
2751,587
2752,687
2753,594
2754,555
2755,571
2756,440
2757,462
2758,422
2759,474
2760,447
2761,559
2762,517
2763,499
2764,566
2765,689
2766,555
2767,406
2768,595
2769,455
2770,592
2771,446
2772,547
2773,674
2774,556
2775,601
2776,525
2777,693
2778,463
2779,575
2780,515
2781,603
2782,430
2783,512
2784,466
2785,474
2786,444
2787,659
2788,553
2789,554
2790,633
2791,450
2792,661
2793,524
2794,644
2795,429
2796,521
2797,524
2798,436
2799,569
2800,523
2801,434
2802,486
2803,533
2804,595
2805,673
2806,600
2807,684
2808,476
2809,458
2810,525
2811,508
2812,623
2813,677
2814,467
2815,468
2816,564
2817,561
2818,441
2819,508
2820,450
2821,649
2822,420
2823,699
2824,538
2825,491
2826,679
2827,524
2828,510
2829,538
2830,672
2831,498
2832,651
2833,503
2834,613
2835,648
2836,551
2837,649
2838,674
2839,564
2840,407
2841,683
2842,404
2843,544
2844,500
2845,563
2846,546
2847,463
2848,490
2849,516
2850,666
2851,572
2852,446
2853,539
2854,645
2855,548
2856,645
2857,404
2858,583
2859,419
2860,445
2861,411
2862,469
2863,416
2864,546
2865,553
2866,507
2867,635
2868,469
2869,582
2870,649
2871,627
2872,501
2873,474
2874,615
2875,602
2876,591
2877,648
2878,641
2879,578
2880,618
2881,481
2882,491
2883,574
2884,638
2885,659
2886,562
2887,447
2888,515
2889,624
2890,546
2891,462
2892,693
2893,412
2894,588
2895,686
2896,607
2897,513
2898,421
2899,613
2900,570
2901,453
2902,697
2903,525
2904,676
2905,603
2906,593
2907,568
2908,551
2909,434
2910,583
2911,685
2912,456
2913,621
2914,562
2915,418
2916,663
2917,681
2918,512
2919,429
2920,534
2921,466
2922,464
2923,691
2924,424
2925,436
2926,400
2927,436
2928,540
2929,631
2930,535
2931,587
2932,527
2933,600
2934,526
2935,656
2936,563
2937,434
2938,593
2939,590
2940,503
2941,422
2942,664
2943,689
2944,659
2945,474
2946,471
2947,658
2948,587
2949,572
2950,689
2951,444
2952,460
2953,482
2954,522
2955,415
2956,465
2957,544
2958,561
2959,633
2960,543
2961,587
2962,412
2963,583
2964,510
2965,689
2966,694
2967,614
2968,519
2969,454
2970,426
2971,517
2972,620
2973,630
2974,452
2975,694
2976,632
2977,557
2978,668
2979,420
2980,452
2981,674
2982,680
2983,613
2984,430
2985,582
2986,422
2987,431
2988,473
2989,409
2990,453
2991,451
2992,547
2993,559
2994,413
2995,577
2996,452
2997,421
2998,429
2999,590
3000,659
3001,604
3002,458
3003,663
3004,411
3005,518
3006,689
3007,647
3008,526
3009,474
3010,603
3011,448
3012,478
3013,640
3014,553
3015,673
3016,495
3017,613
3018,693
3019,608
3020,487
3021,663
3022,556
3023,555
3024,538
3025,520
3026,464
3027,506
3028,546
3029,536
3030,561
3031,499
3032,540
3033,482
3034,576
3035,597
3036,511
3037,455
3038,578
3039,585
3040,617
3041,616
3042,519
3043,574
3044,422
3045,612
3046,634
3047,412
3048,500
3049,423
3050,410
3051,672
3052,680
3053,493
3054,600
3055,420
3056,610
3057,539
3058,692
3059,697
3060,500
3061,427
3062,440
3063,545
3064,655
3065,626
3066,635
3067,412
3068,609
3069,628
3070,499
3071,430
3072,415
3073,536
3074,565
3075,499
3076,508
3077,572
3078,636
3079,561
3080,615
3081,663
3082,662
3083,691
3084,673
3085,402
3086,427
3087,548
3088,427
3089,464
3090,420
3091,651
3092,634
3093,626
3094,412
3095,448
3096,517
3097,453
3098,537
3099,452
3100,443
3101,452
3102,473
3103,445
3104,412
3105,564
3106,501
3107,679
3108,657
3109,537
3110,562
3111,510
3112,501
3113,416
3114,667
3115,581
3116,423
3117,428
3118,570
3119,627
3120,587
3121,629
3122,518
3123,555
3124,671
3125,574
3126,503
3127,491
3128,585
3129,682
3130,580
3131,569
3132,586
3133,574
3134,621
3135,632
3136,561
3137,533
3138,623
3139,552
3140,432
3141,454
3142,406
3143,643
3144,525
3145,411
3146,415
3147,607
3148,442
3149,534
3150,627
3151,510
3152,559
3153,663
3154,624
3155,616
3156,444
3157,613
3158,458
3159,531
3160,503
3161,594
3162,556
3163,497
3164,625
3165,604
3166,478
3167,523
3168,617
3169,403
3170,489
3171,503
3172,518
3173,532
3174,495
3175,542
3176,687
3177,427
3178,677
3179,632
3180,416
3181,458
3182,489
3183,598
3184,425
3185,424
3186,666
3187,580
3188,467
3189,448
3190,574
3191,451
3192,501
3193,615
3194,587
3195,456
3196,446
3197,558
3198,573
3199,641
3200,681
3201,640
3202,404
3203,483
3204,647
3205,453
3206,560
3207,625
3208,414
3209,623
3210,460
3211,521
3212,676
3213,445
3214,693
3215,461
3216,485
3217,609
3218,477
3219,601
3220,622
3221,621
3222,402
3223,405
3224,492
3225,407
3226,634
3227,507
3228,560
3229,608
3230,639
3231,449
3232,410
3233,555
3234,469
3235,568
3236,671
3237,467
3238,651
3239,447
3240,583
3241,586
3242,489
3243,538
3244,488
3245,673
3246,418
3247,553
3248,659
3249,507
3250,684
3251,458
3252,524
3253,672
3254,506
3255,698
3256,644
3257,646
3258,407
3259,540
3260,407
3261,493
3262,438
3263,480
3264,586
3265,483
3266,487
3267,641
3268,492
3269,485
3270,443
3271,536
3272,473
3273,435
3274,500
3275,555
3276,654
3277,570
3278,615
3279,569
3280,651
3281,454
3282,490
3283,677
3284,500
3285,554
3286,540
3287,572
3288,409
3289,627
3290,664
3291,647
3292,646
3293,554
3294,433
3295,528
3296,559
3297,488
3298,492
3299,640
3300,516
3301,493
3302,562
3303,498
3304,512
3305,490
3306,605
3307,416
3308,673
3309,572
3310,515
3311,580
3312,490
3313,481
3314,513
3315,656
3316,457
3317,553
3318,515
3319,665
3320,602
3321,440
3322,504
3323,592
3324,677
3325,636
3326,620
3327,467
3328,596
3329,655
3330,538
3331,548
3332,498
3333,475
3334,681
3335,508
3336,587
3337,598
3338,553
3339,439
3340,532
3341,531
3342,678
3343,483
3344,641
3345,515
3346,508
3347,620
3348,440
3349,546
3350,511
3351,502
3352,445
3353,670
3354,594
3355,679
3356,682
3357,439
3358,588
3359,563
3360,423
3361,423
3362,403
3363,689
3364,580
3365,647
3366,515
3367,678
3368,468
3369,653
3370,580
3371,568
3372,648
3373,587
3374,453
3375,537
3376,567
3377,502
3378,484
3379,611
3380,402
3381,578
3382,437
3383,638
3384,568
3385,429
3386,589
3387,424
3388,511
3389,605
3390,584
3391,446
3392,627
3393,438
3394,415
3395,421
3396,612
3397,548
3398,640
3399,671
3400,458
3401,686
3402,601
3403,431
3404,561
3405,654
3406,653
3407,408
3408,538
3409,409
3410,613
3411,672
3412,447
3413,510
3414,552
3415,522
3416,501
3417,640
3418,590
3419,616
3420,450
3421,691
3422,480
3423,487
3424,593
3425,503
3426,670
3427,495
3428,597
3429,400
3430,566
3431,525
3432,480
3433,650
3434,568
3435,472
3436,540
3437,469
3438,661
3439,644
3440,402
3441,462
3442,448
3443,475
3444,574
3445,508
3446,582
3447,591
3448,464
3449,670
3450,499
3451,431
3452,527
3453,442
3454,477
3455,688
3456,669
3457,561
3458,588
3459,646
3460,615
3461,567
3462,592
3463,682
3464,412
3465,639
3466,546
3467,603
3468,479
3469,442
3470,488
3471,547
3472,494
3473,550
3474,401
3475,421
3476,406
3477,605
3478,513
3479,671
3480,482
3481,578
3482,609
3483,523
3484,512
3485,411
3486,525
3487,452
3488,682
3489,539
3490,496
3491,404
3492,456
3493,468
3494,517
3495,458
3496,432
3497,449
3498,418
3499,613
3500,596
3501,446
3502,566
3503,688
3504,540
3505,483
3506,581
3507,478
3508,614
3509,413
3510,614
3511,527
3512,647
3513,428
3514,679
3515,601
3516,456
3517,617
3518,461
3519,556
3520,601
3521,416
3522,405
3523,457
3524,568
3525,481
3526,618
3527,576
3528,603
3529,470
3530,665
3531,497
3532,690
3533,607
3534,401
3535,523
3536,679
3537,473
3538,565
3539,421
3540,553
3541,694
3542,618
3543,556
3544,629
3545,419
3546,440
3547,547
3548,507
3549,483
3550,689
3551,533
3552,606
3553,682
3554,665
3555,472
3556,447
3557,632
3558,499
3559,458
3560,657
3561,464
3562,482
3563,553
3564,665
3565,478
3566,549
3567,447
3568,647
3569,677
3570,497
3571,424
3572,683
3573,467
3574,406
3575,536
3576,563
3577,482
3578,537
3579,472
3580,636
3581,445
3582,505
3583,687
3584,661
3585,575
3586,565
3587,544
3588,682
3589,453
3590,577
3591,643
3592,526
3593,670
3594,531
3595,492
3596,472
3597,647
3598,672
3599,442
3600,440
3601,569
3602,611
3603,567
3604,438
3605,644
3606,550
3607,510
3608,446
3609,462
3610,624
3611,468
3612,698
3613,689
3614,695
3615,602
3616,460
3617,560
3618,415
3619,493
3620,537
3621,437
3622,526
3623,674
3624,563
3625,476
3626,573
3627,490
3628,637
3629,663
3630,578
3631,608
3632,472
3633,506
3634,694
3635,683
3636,581
3637,436
3638,536
3639,455
3640,586
3641,657
3642,457
3643,522
3644,587
3645,629
3646,567
3647,513
3648,651
3649,506
3650,436
3651,491
3652,417
3653,462
3654,549
3655,538
3656,585
3657,584
3658,604
3659,659
3660,613
3661,655
3662,534
3663,460
3664,487
3665,606
3666,528
3667,402
3668,641
3669,520
3670,501
3671,437
3672,532
3673,601
3674,420
3675,641
3676,508
3677,483
3678,482
3679,690
3680,468
3681,528
3682,595
3683,539
3684,682
3685,633
3686,422
3687,552
3688,676
3689,460
3690,451
3691,552
3692,636
3693,431
3694,454
3695,435
3696,509
3697,576
3698,694
3699,496
3700,612
3701,536
3702,405
3703,508
3704,434
3705,438
3706,549
3707,517
3708,660
3709,486
3710,475
3711,613
3712,684
3713,638
3714,564
3715,486
3716,540
3717,559
3718,445
3719,511
3720,444
3721,646
3722,503
3723,484
3724,533
3725,507
3726,417
3727,493
3728,549
3729,645
3730,688
3731,608
3732,525
3733,634
3734,521
3735,537
3736,514
3737,561
3738,600
3739,633
3740,427
3741,410
3742,605
3743,566
3744,646
3745,446
3746,645
3747,526
3748,546
3749,517
3750,551
3751,471
3752,536
3753,574
3754,688
3755,418
3756,594
3757,574
3758,540
3759,645
3760,492
3761,638
3762,604
3763,447
3764,644
3765,694
3766,527
3767,681
3768,416
3769,470
3770,668
3771,681
3772,406
3773,502
3774,592
3775,640
3776,461
3777,416
3778,570
3779,424
3780,650
3781,652
3782,606
3783,428
3784,516
3785,681
3786,543
3787,424
3788,555
3789,472
3790,519
3791,492
3792,485
3793,517
3794,632
3795,598
3796,605
3797,546
3798,670
3799,538
3800,580
3801,429
3802,456
3803,631
3804,545
3805,447
3806,593
3807,623
3808,535
3809,421
3810,405
3811,603
3812,638
3813,584
3814,691
3815,619
3816,515
3817,448
3818,572
3819,481
3820,444
3821,419
3822,620
3823,522
3824,633
3825,620
3826,402
3827,581
3828,605
3829,439
3830,458
3831,461
3832,531
3833,459
3834,521
3835,506
3836,495
3837,634
3838,461
3839,655
3840,448
3841,558
3842,523
3843,606
3844,447
3845,535
3846,600
3847,649
3848,694
3849,608
3850,610
3851,591
3852,443
3853,428
3854,458
3855,470
3856,491
3857,664
3858,619
3859,614
3860,676
3861,463
3862,691
3863,644
3864,461
3865,569
3866,668
3867,666
3868,453
3869,415
3870,407
3871,503
3872,458
3873,439
3874,636
3875,493
3876,621
3877,603
3878,537
3879,699
3880,606
3881,480
3882,617
3883,401
3884,577
3885,678
3886,545
3887,623
3888,461
3889,693
3890,638
3891,594
3892,565
3893,621
3894,460
3895,528
3896,572
3897,555
3898,509
3899,668
3900,677
3901,473
3902,606
3903,678
3904,603
3905,560
3906,427
3907,656
3908,564
3909,462
3910,421
3911,469
3912,495
3913,562
3914,478
3915,404
3916,519
3917,577
3918,575
3919,616
3920,455
3921,586
3922,631
3923,654
3924,503
3925,476
3926,629
3927,657
3928,663
3929,581
3930,655
3931,437
3932,575
3933,426
3934,675
3935,539
3936,698
3937,686
3938,490
3939,460
3940,562
3941,542
3942,652
3943,668
3944,690
3945,586
3946,690
3947,485
3948,565
3949,513
3950,582
3951,606
3952,655
3953,634
3954,402
3955,607
3956,596
3957,524
3958,537
3959,424
3960,467
3961,460
3962,428
3963,418
3964,570
3965,473
3966,460
3967,552
3968,675
3969,447
3970,610
3971,538
3972,509
3973,582
3974,427
3975,596
3976,590
3977,450
3978,548
3979,667
3980,449
3981,645
3982,512
3983,569
3984,565
3985,413
3986,602
3987,687
3988,588
3989,554
3990,454
3991,581
3992,609
3993,474
3994,676
3995,532
3996,458
3997,581
3998,463
3999,659
4000,592
4001,542
4002,503
4003,613
4004,641
4005,608
4006,492
4007,541
4008,511
4009,458
4010,442
4011,606
4012,667
4013,695
4014,517
4015,419
4016,621
4017,565
4018,530
4019,555
4020,583
4021,489
4022,493
4023,412
4024,692
4025,629
4026,691
4027,425
4028,474
4029,698
4030,549
4031,547
4032,407
4033,428
4034,695
4035,608
4036,527
4037,515
4038,543
4039,634
4040,406
4041,444
4042,638
4043,554
4044,580
4045,614
4046,487
4047,655
4048,472
4049,578
4050,611
4051,692
4052,633
4053,638
4054,622
4055,518
4056,663
4057,606
4058,494
4059,621
4060,675
4061,630
4062,518
4063,667
4064,672
4065,463
4066,697
4067,410
4068,497
4069,470
4070,457
4071,689
4072,650
4073,675
4074,449
4075,615
4076,451
4077,670
4078,483
4079,692
4080,525
4081,695
4082,471
4083,695
4084,635
4085,455
4086,509
4087,591
4088,492
4089,455
4090,459
4091,537
4092,438
4093,427
4094,448
4095,524
4096,412
4097,435
4098,500
4099,681
4100,485
4101,403
4102,622
4103,565
4104,677
4105,529
4106,430
4107,410
4108,495
4109,589
4110,591
4111,665
4112,527
4113,637
4114,511
4115,544
4116,464
4117,646
4118,622
4119,505
4120,580
4121,583
4122,625
4123,664
4124,677
4125,488
4126,575
4127,417
4128,505
4129,670
4130,566
4131,412
4132,431
4133,439
4134,547
4135,617
4136,618
4137,481
4138,607
4139,600
4140,437
4141,610
4142,648
4143,626
4144,447
4145,417
4146,694
4147,595
4148,586
4149,623
4150,628
4151,476
4152,587
4153,669
4154,494
4155,531
4156,438
4157,471
4158,680
4159,559
4160,586
4161,590
4162,519
4163,619
4164,452
4165,621
4166,530
4167,636
4168,645
4169,625
4170,607
4171,495
4172,599
4173,646
4174,471
4175,584
4176,405
4177,605
4178,431
4179,498
4180,655
4181,586
4182,475
4183,576
4184,686
4185,654
4186,589
4187,526
4188,686
4189,653
4190,612
4191,649
4192,483
4193,412
4194,444
4195,526
4196,513
4197,675
4198,604
4199,672
4200,457
4201,618
4202,508
4203,678
4204,573
4205,663
4206,510
4207,586
4208,668
4209,628
4210,555
4211,588
4212,671
4213,401
4214,645
4215,609
4216,685
4217,412
4218,495
4219,620
4220,637
4221,493
4222,668
4223,570
4224,493
4225,548
4226,511
4227,454
4228,515
4229,542
4230,600
4231,579
4232,601
4233,452
4234,579
4235,536
4236,581
4237,400
4238,443
4239,626
4240,497
4241,607
4242,664
4243,687
4244,670
4245,539
4246,636
4247,471
4248,554
4249,589
4250,667
4251,506
4252,631
4253,441
4254,589
4255,538
4256,502
4257,570
4258,672
4259,620
4260,612
4261,455
4262,501
4263,591
4264,599
4265,632
4266,626
4267,538
4268,548
4269,514
4270,462
4271,503
4272,555
4273,672
4274,405
4275,546
4276,583
4277,427
4278,437
4279,518
4280,692
4281,643
4282,467
4283,613
4284,617
4285,576
4286,698
4287,563
4288,457
4289,668
4290,457
4291,687
4292,504
4293,627
4294,646
4295,587
4296,482
4297,585
4298,651
4299,637
4300,583
4301,683
4302,609
4303,695
4304,496
4305,607
4306,536
4307,583
4308,475
4309,686
4310,541
4311,636
4312,424
4313,689
4314,466
4315,649
4316,517
4317,472
4318,681
4319,409
4320,610
4321,551
4322,404
4323,594
4324,682
4325,512
4326,670
4327,562
4328,504
4329,580
4330,443
4331,681
4332,574
4333,561
4334,539
4335,531
4336,486
4337,575
4338,582
4339,528
4340,645
4341,488
4342,465
4343,557
4344,548
4345,515
4346,613
4347,693
4348,652
4349,542
4350,649
4351,424
4352,676
4353,469
4354,512
4355,511
4356,490
4357,417
4358,548
4359,626
4360,613
4361,550
4362,591
4363,439
4364,641
4365,537
4366,579
4367,599
4368,602
4369,460
4370,591
4371,404
4372,636
4373,580
4374,436
4375,455
4376,636
4377,596
4378,472
4379,458
4380,639
4381,401
4382,587
4383,429
4384,666
4385,507
4386,489
4387,604
4388,619
4389,493
4390,502
4391,622
4392,585
4393,583
4394,561
4395,646
4396,430
4397,451
4398,475
4399,677
4400,439
4401,500
4402,510
4403,648
4404,590
4405,581
4406,608
4407,421
4408,565
4409,498
4410,607
4411,407
4412,589
4413,574
4414,672
4415,416
4416,489
4417,540
4418,544
4419,565
4420,477
4421,661
4422,562
4423,413
4424,638
4425,471
4426,542
4427,682
4428,668
4429,640
4430,644
4431,562
4432,459
4433,405
4434,596
4435,457
4436,616
4437,425
4438,404
4439,419
4440,597
4441,458
4442,641
4443,545
4444,672
4445,648
4446,413
4447,412
4448,443
4449,418
4450,462
4451,638
4452,499
4453,562
4454,521
4455,443
4456,544
4457,449
4458,464
4459,687
4460,563
4461,540
4462,527
4463,638
4464,695
4465,586
4466,607
4467,619
4468,589
4469,683
4470,636
4471,593
4472,686
4473,658
4474,645
4475,535
4476,679
4477,670
4478,570
4479,558
4480,600
4481,444
4482,663
4483,470
4484,502
4485,524
4486,685
4487,629
4488,545
4489,596
4490,620
4491,459
4492,497
4493,570
4494,572
4495,550
4496,521
4497,507
4498,403
4499,492
4500,405
4501,687
4502,505
4503,545
4504,670
4505,495
4506,628
4507,601
4508,611
4509,405
4510,511
4511,505
4512,538
4513,698
4514,495
4515,696
4516,613
4517,690
4518,421
4519,592
4520,549
4521,646
4522,666
4523,650
4524,402
4525,475
4526,486
4527,669
4528,624
4529,417
4530,512
4531,650
4532,632
4533,678
4534,601
4535,482
4536,524
4537,574
4538,468
4539,446
4540,655
4541,614
4542,429
4543,680
4544,636
4545,647
4546,424
4547,473
4548,605
4549,493
4550,526
4551,424
4552,515
4553,447
4554,625
4555,665
4556,498
4557,410
4558,484
4559,613
4560,572
4561,608
4562,463
4563,657
4564,520
4565,697
4566,453
4567,671
4568,640
4569,642
4570,417
4571,586
4572,543
4573,661
4574,638
4575,697
4576,475
4577,587
4578,645
4579,529
4580,682
4581,478
4582,471
4583,662
4584,590
4585,462
4586,411
4587,540
4588,653
4589,442
4590,416
4591,462
4592,652
4593,691
4594,407
4595,489
4596,607
4597,691
4598,683
4599,517
4600,574
4601,475
4602,500
4603,550
4604,669
4605,470
4606,579
4607,523
4608,692
4609,684
4610,594
4611,627
4612,674
4613,505
4614,420
4615,463
4616,564
4617,426
4618,684
4619,547
4620,680
4621,563
4622,623
4623,671
4624,545
4625,429
4626,444
4627,674
4628,433
4629,540
4630,620
4631,421
4632,579
4633,630
4634,437
4635,469
4636,515
4637,638
4638,547
4639,408
4640,687
4641,449
4642,404
4643,525
4644,474
4645,564
4646,677
4647,699
4648,689
4649,476
4650,697
4651,536
4652,505
4653,494
4654,534
4655,467
4656,546
4657,558
4658,562
4659,588
4660,494
4661,580
4662,687
4663,586
4664,537
4665,529
4666,593
4667,672
4668,543
4669,415
4670,644
4671,506
4672,487
4673,528
4674,403
4675,494
4676,608
4677,624
4678,446
4679,580
4680,505
4681,598
4682,505
4683,679
4684,659
4685,507
4686,418
4687,695
4688,570
4689,594
4690,411
4691,594
4692,682
4693,581
4694,543
4695,581
4696,429
4697,483
4698,565
4699,683
4700,680
4701,495
4702,665
4703,697
4704,695
4705,624
4706,441
4707,645
4708,607
4709,636
4710,421
4711,584
4712,641
4713,682
4714,440
4715,561
4716,559
4717,488
4718,411
4719,472
4720,475
4721,600
4722,409
4723,625
4724,575
4725,675
4726,438
4727,459
4728,465
4729,523
4730,563
4731,558
4732,456
4733,477
4734,593
4735,684
4736,414
4737,411
4738,500
4739,555
4740,524
4741,679
4742,509
4743,545
4744,615
4745,561
4746,527
4747,549
4748,435
4749,572
4750,421
4751,605
4752,526
4753,616
4754,495
4755,563
4756,547
4757,417
4758,693
4759,594
4760,550
4761,522
4762,586
4763,548
4764,503
4765,642
4766,630
4767,605
4768,597
4769,486
4770,541
4771,598
4772,445
4773,687
4774,414
4775,443
4776,568
4777,443
4778,497
4779,660
4780,508
4781,682
4782,503
4783,655
4784,605
4785,442
4786,644
4787,686
4788,672
4789,482
4790,509
4791,589
4792,687
4793,650
4794,611
4795,690
4796,532
4797,600
4798,684
4799,494
4800,677
4801,618
4802,488
4803,471
4804,646
4805,528
4806,611
4807,495
4808,474
4809,453
4810,453
4811,617
4812,415
4813,498
4814,419
4815,445
4816,592
4817,457
4818,510
4819,528
4820,593
4821,407
4822,428
4823,511
4824,560
4825,530
4826,587
4827,562
4828,596
4829,603
4830,611
4831,508
4832,675
4833,472
4834,566
4835,659
4836,642
4837,674
4838,501
4839,572
4840,570
4841,540
4842,587
4843,485
4844,451
4845,510
4846,442
4847,610
4848,599
4849,697
4850,639
4851,514
4852,425
4853,698
4854,476
4855,536
4856,419
4857,610
4858,639
4859,438
4860,667
4861,606
4862,666
4863,553
4864,441
4865,410
4866,693
4867,497
4868,674
4869,629
4870,619
4871,464
4872,631
4873,451
4874,662
4875,666
4876,553
4877,539
4878,450
4879,516
4880,445
4881,487
4882,607
4883,668
4884,488
4885,517
4886,453
4887,515
4888,517
4889,659
4890,474
4891,406
4892,521
4893,410
4894,614
4895,678
4896,427
4897,634
4898,425
4899,453
4900,428
4901,563
4902,669
4903,434
4904,685
4905,672
4906,607
4907,637
4908,492
4909,572
4910,478
4911,509
4912,616
4913,505
4914,446
4915,580
4916,463
4917,645
4918,643
4919,486
4920,616
4921,406
4922,677
4923,609
4924,568
4925,537
4926,629
4927,560
4928,400
4929,635
4930,587
4931,403
4932,531
4933,617
4934,659
4935,400
4936,470
4937,577
4938,588
4939,690
4940,407
4941,652
4942,691
4943,643
4944,522
4945,698
4946,682
4947,431
4948,545
4949,555
4950,415
4951,446
4952,650
4953,586
4954,430
4955,659
4956,416
4957,438
4958,438
4959,531
4960,429
4961,557
4962,677
4963,602
4964,465
4965,507
4966,667
4967,621
4968,691
4969,417
4970,489
4971,580
4972,654
4973,652
4974,656
4975,486
4976,489
4977,636
4978,469
4979,443
4980,599
4981,551
4982,485
4983,418
4984,500
4985,494
4986,653
4987,429
4988,648
4989,432
4990,628
4991,411
4992,517
4993,554
4994,645
4995,646
4996,428
4997,560
4998,634
4999,589
5000,516
5001,670
5002,657
5003,579
5004,571
5005,673
5006,658
5007,534
5008,570
5009,609
5010,635
5011,585
5012,494
5013,410
5014,467
5015,609
5016,595
5017,497
5018,492
5019,421
5020,571
5021,533
5022,424
5023,584
5024,484
5025,454
5026,650
5027,543
5028,566
5029,623
5030,619
5031,578
5032,518
5033,664
5034,549
5035,614
5036,596
5037,441
5038,452
5039,650
5040,694
5041,670
5042,522
5043,665
5044,428
5045,434
5046,405
5047,510
5048,693
5049,476
5050,546
5051,466
5052,407
5053,521
5054,574
5055,578
5056,484
5057,444
5058,535
5059,415
5060,594
5061,408
5062,414
5063,501
5064,625
5065,677
5066,512
5067,400
5068,665
5069,607
5070,509
5071,599
5072,411
5073,587
5074,553
5075,678
5076,570
5077,533
5078,424
5079,417
5080,589
5081,540
5082,442
5083,683
5084,545
5085,491
5086,578
5087,455
5088,554
5089,559
5090,510
5091,536
5092,631
5093,619
5094,467
5095,648
5096,405
5097,679
5098,493
5099,668
5100,596
5101,424
5102,547
5103,517
5104,465
5105,574
5106,475
5107,513
5108,510
5109,648
5110,602
5111,546
5112,434
5113,425
5114,637
5115,413
5116,444
5117,615
5118,632
5119,592
5120,450
5121,613
5122,550
5123,674
5124,475
5125,619
5126,586
5127,688
5128,427
5129,579
5130,652
5131,525
5132,576
5133,436
5134,498
5135,497
5136,526
5137,567
5138,479
5139,693
5140,525
5141,549
5142,415
5143,427
5144,572
5145,445
5146,635
5147,613
5148,484
5149,681
5150,631
5151,484
5152,464
5153,533
5154,550
5155,514
5156,463
5157,557
5158,476
5159,545
5160,624
5161,502
5162,487
5163,567
5164,569
5165,534
5166,449
5167,533
5168,536
5169,644
5170,508
5171,686
5172,420
5173,489
5174,695
5175,511
5176,476
5177,576
5178,547
5179,500
5180,645
5181,516
5182,491
5183,427
5184,424
5185,457
5186,696
5187,533
5188,648
5189,437
5190,474
5191,541
5192,567
5193,658
5194,624
5195,551
5196,418
5197,545
5198,640
5199,636
5200,434
5201,589
5202,400
5203,552
5204,525
5205,625
5206,620
5207,610
5208,424
5209,415
5210,581
5211,528
5212,441
5213,635
5214,433
5215,444
5216,533
5217,420
5218,521
5219,469
5220,447
5221,438
5222,686
5223,409
5224,429
5225,643
5226,673
5227,487
5228,643
5229,414
5230,403
5231,590
5232,567
5233,408
5234,508
5235,536
5236,553
5237,608
5238,671
5239,542
5240,498
5241,468
5242,646
5243,660
5244,675
5245,478
5246,545
5247,510
5248,657
5249,492
5250,412
5251,659
5252,508
5253,588
5254,494
5255,504
5256,407
5257,466
5258,590
5259,655
5260,408
5261,516
5262,666
5263,498
5264,697
5265,563
5266,540
5267,667
5268,436
5269,473
5270,472
5271,598
5272,529
5273,645
5274,459
5275,678
5276,502
5277,695
5278,550
5279,556
5280,605
5281,578
5282,596
5283,622
5284,488
5285,686
5286,675
5287,635
5288,582
5289,608
5290,529
5291,552
5292,412
5293,521
5294,619
5295,505
5296,469
5297,594
5298,585
5299,498
5300,481
5301,474
5302,591
5303,613
5304,543
5305,615
5306,414
5307,616
5308,434
5309,582
5310,669
5311,499
5312,406
5313,429
5314,543
5315,510
5316,631
5317,578
5318,471
5319,609
5320,619
5321,479
5322,482
5323,441
5324,672
5325,590
5326,572
5327,406
5328,554
5329,409
5330,433
5331,435
5332,405
5333,614
5334,533
5335,684
5336,525
5337,573
5338,551
5339,425
5340,514
5341,683
5342,474
5343,565
5344,588
5345,477
5346,489
5347,575
5348,420
5349,453
5350,583
5351,621
5352,578
5353,675
5354,511
5355,623
5356,613
5357,458
5358,508
5359,556
5360,590
5361,599
5362,595
5363,434
5364,645
5365,636
5366,503
5367,406
5368,682
5369,400
5370,618
5371,629
5372,571
5373,486
5374,440
5375,522
5376,697
5377,577
5378,462
5379,564
5380,586
5381,608
5382,626
5383,447
5384,623
5385,402
5386,574
5387,498
5388,515
5389,669
5390,652
5391,494
5392,672
5393,423
5394,515
5395,550
5396,449
5397,605
5398,478
5399,469
5400,426
5401,670
5402,449
5403,691
5404,646
5405,663
5406,478
5407,589
5408,446
5409,588
5410,655
5411,621
5412,640
5413,668
5414,400
5415,433
5416,478
5417,635
5418,497
5419,481
5420,591
5421,652
5422,437
5423,413
5424,608
5425,488
5426,455
5427,493
5428,492
5429,484
5430,644
5431,421
5432,690
5433,671
5434,521
5435,527
5436,512
5437,672
5438,529
5439,531
5440,484
5441,480
5442,468
5443,547
5444,415
5445,504
5446,564
5447,600
5448,596
5449,584
5450,664
5451,499
5452,613
5453,677
5454,561
5455,556
5456,650
5457,496
5458,417
5459,496
5460,400
5461,615
5462,531
5463,659
5464,524
5465,481
5466,682
5467,570
5468,458
5469,431
5470,560
5471,683
5472,505
5473,504
5474,627
5475,587
5476,469
5477,689
5478,486
5479,455
5480,512
5481,412
5482,417
5483,581
5484,512
5485,628
5486,570
5487,694
5488,588
5489,478
5490,545
5491,581
5492,685
5493,649
5494,595
5495,470
5496,647
5497,545
5498,505
5499,662
5500,695
5501,469
5502,592
5503,467
5504,451
5505,684
5506,408
5507,650
5508,697
5509,583
5510,578
5511,597
5512,527
5513,419
5514,464
5515,581
5516,640
5517,423
5518,482
5519,584
5520,498
5521,461
5522,685
5523,421
5524,611
5525,525
5526,441
5527,497
5528,430
5529,557
5530,511
5531,646
5532,521
5533,672
5534,693
5535,606
5536,509
5537,677
5538,455
5539,456
5540,690
5541,513
5542,597
5543,578
5544,618
5545,676
5546,415
5547,460
5548,453
5549,567
5550,425
5551,464
5552,499
5553,473
5554,591
5555,570
5556,672
5557,586
5558,422
5559,580
5560,507
5561,561
5562,605
5563,477
5564,415
5565,495
5566,546
5567,401
5568,409
5569,524
5570,480
5571,539
5572,549
5573,687
5574,528
5575,638
5576,457
5577,597
5578,610
5579,444
5580,496
5581,678
5582,422
5583,443
5584,426
5585,681
5586,496
5587,435
5588,508
5589,454
5590,591
5591,618
5592,584
5593,468
5594,529
5595,454
5596,496
5597,486
5598,693
5599,518
5600,607
5601,553
5602,434
5603,478
5604,466
5605,433
5606,496
5607,568
5608,568
5609,550
5610,470
5611,402
5612,431
5613,686
5614,481
5615,442
5616,504
5617,400
5618,460
5619,669
5620,579
5621,623
5622,405
5623,502
5624,409
5625,470
5626,489
5627,625
5628,557
5629,627
5630,525
5631,608
5632,496
5633,473
5634,514
5635,590
5636,569
5637,603
5638,455
5639,607
5640,440
5641,431
5642,414
5643,461
5644,554
5645,683
5646,608
5647,586
5648,529
5649,526
5650,691
5651,513
5652,598
5653,412
5654,670
5655,488
5656,614
5657,677
5658,602
5659,473
5660,424
5661,500
5662,575
5663,516
5664,565
5665,440
5666,519
5667,496
5668,544
5669,615
5670,628
5671,529
5672,536
5673,672
5674,516
5675,493
5676,567
5677,602
5678,548
5679,582
5680,551
5681,473
5682,673
5683,441
5684,611
5685,500
5686,444
5687,481
5688,416
5689,472
5690,413
5691,556
5692,622
5693,531
5694,446
5695,506
5696,507
5697,664
5698,604
5699,478
5700,554
5701,670
5702,646
5703,418
5704,425
5705,616
5706,553
5707,553
5708,573
5709,491
5710,580
5711,530
5712,697
5713,674
5714,672
5715,475
5716,576
5717,583
5718,530
5719,448
5720,454
5721,553
5722,599
5723,517
5724,662
5725,445
5726,588
5727,528
5728,448
5729,424
5730,665
5731,517
5732,543
5733,599
5734,556
5735,533
5736,547
5737,470
5738,632
5739,698
5740,553
5741,489
5742,598
5743,560
5744,425
5745,520
5746,611
5747,462
5748,467
5749,652
5750,401
5751,507
5752,685
5753,448
5754,539
5755,617
5756,443
5757,668
5758,477
5759,615
5760,497
5761,635
5762,681
5763,548
5764,465
5765,633
5766,486
5767,478
5768,604
5769,678
5770,653
5771,529
5772,483
5773,675
5774,586
5775,445
5776,582
5777,667
5778,695
5779,499
5780,477
5781,671
5782,561
5783,443
5784,637
5785,533
5786,591
5787,677
5788,417
5789,411
5790,579
5791,522
5792,645
5793,621
5794,450
5795,470
5796,447
5797,418
5798,661
5799,483
5800,554
5801,452
5802,506
5803,534
5804,468
5805,410
5806,542
5807,591
5808,468
5809,422
5810,580
5811,692
5812,408
5813,670
5814,492
5815,416
5816,553
5817,548
5818,666
5819,505
5820,434
5821,518
5822,413
5823,413
5824,665
5825,539
5826,693
5827,518
5828,637
5829,433
5830,568
5831,409
5832,521
5833,544
5834,622
5835,656
5836,667
5837,403
5838,505
5839,484
5840,613
5841,520
5842,531
5843,596
5844,418
5845,529
5846,411
5847,480
5848,661
5849,524
5850,666
5851,539
5852,401
5853,407
5854,649
5855,538
5856,523
5857,627
5858,409
5859,611
5860,511
5861,407
5862,691
5863,652
5864,413
5865,639
5866,641
5867,548
5868,635
5869,566
5870,419
5871,615
5872,534
5873,528
5874,693
5875,645
5876,588
5877,443
5878,485
5879,443
5880,544
5881,450
5882,641
5883,693
5884,450
5885,665
5886,519
5887,599
5888,647
5889,469
5890,456
5891,438
5892,688
5893,417
5894,619
5895,643
5896,697
5897,682
5898,473
5899,509
5900,579
5901,431
5902,633
5903,681
5904,424
5905,678
5906,625
5907,456
5908,579
5909,631
5910,686
5911,463
5912,631
5913,688
5914,612
5915,657
5916,417
5917,574
5918,628
5919,625
5920,483
5921,690
5922,645
5923,509
5924,653
5925,487
5926,471
5927,429
5928,571
5929,576
5930,538
5931,593
5932,585
5933,617
5934,563
5935,560
5936,412
5937,695
5938,488
5939,441
5940,609
5941,628
5942,674
5943,678
5944,650
5945,607
5946,539
5947,679
5948,433
5949,417
5950,456
5951,511
5952,404
5953,581
5954,412
5955,684
5956,658
5957,489
5958,503
5959,585
5960,649
5961,654
5962,475
5963,507
5964,555
5965,481
5966,476
5967,657
5968,526
5969,681
5970,487
5971,603
5972,415
5973,550
5974,653
5975,587
5976,431
5977,670
5978,404
5979,568
5980,580
5981,577
5982,542
5983,647
5984,526
5985,662
5986,439
5987,654
5988,542
5989,639
5990,627
5991,597
5992,464
5993,410
5994,507
5995,425
5996,550
5997,620
5998,636
5999,636
6000,618
6001,550
6002,522
6003,543
6004,588
6005,654
6006,467
6007,503
6008,558
6009,699
6010,489
6011,655
6012,619
6013,408
6014,411
6015,643
6016,581
6017,683
6018,498
6019,596
6020,625
6021,502
6022,505
6023,457
6024,477
6025,474
6026,441
6027,580
6028,432
6029,470
6030,455
6031,504
6032,599
6033,500
6034,655
6035,473
6036,570
6037,542
6038,565
6039,660
6040,620
6041,482
6042,581
6043,409
6044,403
6045,691
6046,680
6047,614
6048,497
6049,500
6050,408
6051,460
6052,545
6053,462
6054,520
6055,625
6056,504
6057,659
6058,654
6059,606
6060,427
6061,569
6062,475
6063,515
6064,468
6065,633
6066,400
6067,566
6068,617
6069,672
6070,650
6071,573
6072,569
6073,645
6074,489
6075,448
6076,693
6077,549
6078,531
6079,458
6080,598
6081,614
6082,448
6083,631
6084,646
6085,638
6086,567
6087,447
6088,450
6089,698
6090,497
6091,615
6092,576
6093,479
6094,584
6095,426
6096,594
6097,613
6098,513
6099,641
6100,523
6101,475
6102,595
6103,443
6104,585
6105,645
6106,483
6107,606
6108,550
6109,555
6110,415
6111,564
6112,544
6113,436
6114,444
6115,605
6116,461
6117,418
6118,699
6119,406
6120,648
6121,516
6122,467
6123,433
6124,593
6125,454
6126,665
6127,441
6128,696
6129,630
6130,409
6131,527
6132,578
6133,592
6134,491
6135,630
6136,477
6137,484
6138,429
6139,612
6140,448
6141,664
6142,544
6143,468
6144,457
6145,584
6146,461
6147,695
6148,565
6149,570
6150,462
6151,546
6152,560
6153,540
6154,496
6155,620
6156,442
6157,691
6158,507
6159,665
6160,494
6161,661
6162,470
6163,618
6164,420
6165,491
6166,526
6167,479
6168,637
6169,581
6170,424
6171,555
6172,404
6173,519
6174,676
6175,417
6176,597
6177,456
6178,492
6179,418
6180,592
6181,636
6182,676
6183,626
6184,632
6185,439
6186,552
6187,526
6188,636
6189,454
6190,571
6191,508
6192,583
6193,597
6194,486
6195,600
6196,674
6197,610
6198,517
6199,590
6200,441
6201,441
6202,675
6203,416
6204,682
6205,657
6206,462
6207,461
6208,499
6209,418
6210,416
6211,645
6212,650
6213,480
6214,438
6215,435
6216,596
6217,557
6218,603
6219,595
6220,615
6221,684
6222,595
6223,551
6224,413
6225,545
6226,456
6227,610
6228,667
6229,609
6230,416
6231,685
6232,602
6233,498
6234,678
6235,608
6236,528
6237,687
6238,651
6239,664
6240,670
6241,587
6242,613
6243,682
6244,610
6245,475
6246,547
6247,612
6248,508
6249,528
6250,409
6251,446
6252,495
6253,502
6254,545
6255,426
6256,619
6257,417
6258,566
6259,481
6260,471
6261,653
6262,561
6263,437
6264,600
6265,599
6266,654
6267,578
6268,434
6269,481
6270,619
6271,557
6272,403
6273,566
6274,603
6275,593
6276,634
6277,605
6278,549
6279,558
6280,678
6281,565
6282,467
6283,487
6284,616
6285,400
6286,534
6287,584
6288,539
6289,505
6290,532
6291,507
6292,577
6293,697
6294,545
6295,473
6296,507
6297,521
6298,416
6299,595
6300,696
6301,651
6302,518
6303,561
6304,597
6305,444
6306,578
6307,443
6308,670
6309,477
6310,577
6311,402
6312,613
6313,473
6314,450
6315,466
6316,492
6317,575
6318,544
6319,406
6320,668
6321,403
6322,537
6323,630
6324,487
6325,416
6326,451
6327,533
6328,610
6329,618
6330,604
6331,610
6332,676
6333,423
6334,403
6335,551
6336,658
6337,567
6338,575
6339,690
6340,455
6341,507
6342,695
6343,540
6344,554
6345,661
6346,672
6347,631
6348,640
6349,657
6350,648
6351,476
6352,579
6353,465
6354,570
6355,421
6356,506
6357,626
6358,615
6359,468
6360,483
6361,502
6362,438
6363,412
6364,696
6365,580
6366,667
6367,412
6368,519
6369,456
6370,439
6371,527
6372,572
6373,434
6374,658
6375,404
6376,617
6377,410
6378,516
6379,583
6380,515
6381,561
6382,466
6383,599
6384,430
6385,474
6386,636
6387,465
6388,469
6389,696
6390,419
6391,625
6392,598
6393,438
6394,544
6395,444
6396,490
6397,637
6398,469
6399,565
6400,529
6401,613
6402,488
6403,651
6404,471
6405,564
6406,448
6407,451
6408,688
6409,677
6410,513
6411,638
6412,532
6413,673
6414,565
6415,692
6416,642
6417,537
6418,478
6419,569
6420,522
6421,575
6422,699
6423,481
6424,486
6425,624
6426,415
6427,562
6428,497
6429,555
6430,401
6431,568
6432,491
6433,580
6434,630
6435,547
6436,679
6437,588
6438,527
6439,406
6440,446
6441,452
6442,586
6443,437
6444,625
6445,452
6446,623
6447,553
6448,447
6449,546
6450,463
6451,581
6452,524
6453,578
6454,438
6455,659
6456,402
6457,463
6458,428
6459,410
6460,496
6461,602
6462,420
6463,438
6464,622
6465,501
6466,445
6467,465
6468,490
6469,563
6470,510
6471,522
6472,592
6473,498
6474,690
6475,558
6476,502
6477,680
6478,442
6479,483
6480,590
6481,450
6482,609
6483,525
6484,468
6485,664
6486,657
6487,587
6488,629
6489,588
6490,409
6491,513
6492,475
6493,563
6494,484
6495,448
6496,576
6497,617
6498,588
6499,629
6500,654
6501,635
6502,425
6503,471
6504,660
6505,653
6506,670
6507,522
6508,543
6509,656
6510,543
6511,658
6512,446
6513,412
6514,607
6515,634
6516,548
6517,554
6518,565
6519,489
6520,585
6521,573
6522,616
6523,663
6524,496
6525,516
6526,598
6527,420
6528,599
6529,647
6530,675
6531,663
6532,457
6533,430
6534,648
6535,492
6536,664
6537,670
6538,493
6539,553
6540,684
6541,479
6542,691
6543,483
6544,436
6545,631
6546,492
6547,501
6548,565
6549,558
6550,413
6551,624
6552,472
6553,648
6554,490
6555,615
6556,489
6557,428
6558,619
6559,614
6560,620
6561,441
6562,534
6563,441
6564,563
6565,682
6566,457
6567,424
6568,472
6569,528
6570,486
6571,552
6572,581
6573,524
6574,466
6575,405
6576,524
6577,452
6578,465
6579,481
6580,486
6581,401
6582,603
6583,549
6584,692
6585,502
6586,423
6587,611
6588,464
6589,608
6590,650
6591,516
6592,515
6593,636
6594,504
6595,658
6596,445
6597,615
6598,423
6599,434
6600,423
6601,427
6602,415
6603,458
6604,642
6605,606
6606,670
6607,648
6608,666
6609,592
6610,617
6611,514
6612,467
6613,698
6614,474
6615,502
6616,696
6617,577
6618,614
6619,438
6620,658
6621,603
6622,406
6623,448
6624,425
6625,560
6626,575
6627,478
6628,401
6629,531
6630,675
6631,516
6632,563
6633,687
6634,427
6635,400
6636,587
6637,455
6638,434
6639,511
6640,685
6641,435
6642,616
6643,479
6644,482
6645,464
6646,527
6647,421
6648,615
6649,506
6650,508
6651,580
6652,563
6653,467
6654,691
6655,579
6656,580
6657,568
6658,421
6659,465
6660,420
6661,499
6662,699
6663,502
6664,446
6665,438
6666,684
6667,489
6668,484
6669,672
6670,587
6671,558
6672,642
6673,472
6674,448
6675,500
6676,401
6677,643
6678,575
6679,637
6680,458
6681,498
6682,401
6683,642
6684,696
6685,610
6686,522
6687,628
6688,481
6689,543
6690,539
6691,428
6692,669
6693,646
6694,411
6695,505
6696,431
6697,473
6698,570
6699,468
6700,536
6701,499
6702,545
6703,408
6704,461
6705,584
6706,428
6707,513
6708,542
6709,519
6710,569
6711,556
6712,659
6713,481
6714,641
6715,571
6716,630
6717,607
6718,474
6719,669
6720,513
6721,461
6722,501
6723,609
6724,654
6725,419
6726,457
6727,511
6728,595
6729,491
6730,451
6731,692
6732,407
6733,699
6734,497
6735,635
6736,468
6737,444
6738,536
6739,633
6740,431
6741,688
6742,525
6743,466
6744,429
6745,513
6746,603
6747,428
6748,530
6749,584
6750,652
6751,685
6752,461
6753,402
6754,467
6755,424
6756,578
6757,540
6758,630
6759,699
6760,562
6761,529
6762,645
6763,696
6764,571
6765,463
6766,430
6767,446
6768,529
6769,509
6770,468
6771,457
6772,505
6773,699
6774,655
6775,570
6776,561
6777,685
6778,470
6779,654
6780,454
6781,402
6782,425
6783,525
6784,452
6785,597
6786,698
6787,587
6788,585
6789,697
6790,603
6791,410
6792,545
6793,484
6794,499
6795,503
6796,445
6797,443
6798,677
6799,580
6800,586
6801,513
6802,654
6803,429
6804,663
6805,497
6806,514
6807,675
6808,680
6809,674
6810,660
6811,606
6812,610
6813,614
6814,439
6815,425
6816,426
6817,589
6818,482
6819,569
6820,566
6821,587
6822,568
6823,688
6824,628
6825,496
6826,415
6827,678
6828,534
6829,425
6830,411
6831,471
6832,532
6833,505
6834,619
6835,576
6836,681
6837,532
6838,421
6839,668
6840,560
6841,506
6842,678
6843,634
6844,417
6845,641
6846,516
6847,685
6848,681
6849,543
6850,604
6851,438
6852,553
6853,575
6854,640
6855,533
6856,445
6857,449
6858,565
6859,505
6860,615
6861,545
6862,471
6863,672
6864,646
6865,585
6866,469
6867,549
6868,645
6869,661
6870,425
6871,539
6872,498
6873,677
6874,450
6875,550
6876,503
6877,488
6878,540
6879,612
6880,632
6881,582
6882,650
6883,408
6884,478
6885,451
6886,668
6887,625
6888,450
6889,585
6890,433
6891,690
6892,629
6893,530
6894,519
6895,646
6896,591
6897,609
6898,502
6899,532
6900,538
6901,520
6902,493
6903,528
6904,490
6905,491
6906,462
6907,428
6908,609
6909,411
6910,696
6911,529
6912,692
6913,572
6914,607
6915,423
6916,498
6917,538
6918,573
6919,428
6920,542
6921,441
6922,698
6923,607
6924,591
6925,559
6926,463
6927,642
6928,657
6929,551
6930,614
6931,565
6932,430
6933,631
6934,681
6935,428
6936,594
6937,655
6938,680
6939,693
6940,486
6941,548
6942,648
6943,682
6944,597
6945,443
6946,427
6947,416
6948,526
6949,567
6950,643
6951,475
6952,630
6953,603
6954,647
6955,613
6956,614
6957,557
6958,468
6959,484
6960,666
6961,468
6962,498
6963,615
6964,560
6965,493
6966,573
6967,564
6968,514
6969,619
6970,430
6971,410
6972,529
6973,504
6974,426
6975,626
6976,401
6977,500
6978,420
6979,457
6980,579
6981,419
6982,654
6983,437
6984,547
6985,424
6986,520
6987,425
6988,568
6989,624
6990,400
6991,660
6992,412
6993,447
6994,690
6995,493
6996,660
6997,677
6998,604
6999,584
7000,574
7001,468
7002,503
7003,645
7004,560
7005,599
7006,615
7007,611
7008,415
7009,604
7010,438
7011,488
7012,655
7013,653
7014,615
7015,571
7016,536
7017,577
7018,476
7019,587
7020,414
7021,691
7022,613
7023,607
7024,568
7025,679
7026,545
7027,662
7028,403
7029,489
7030,459
7031,415
7032,626
7033,428
7034,550
7035,644
7036,669
7037,478
7038,688
7039,552
7040,676
7041,678
7042,456
7043,585
7044,492
7045,675
7046,557
7047,674
7048,580
7049,476
7050,550
7051,637
7052,688
7053,630
7054,417
7055,472
7056,588
7057,416
7058,418
7059,618
7060,519
7061,500
7062,433
7063,483
7064,595
7065,601
7066,410
7067,617
7068,652
7069,621
7070,479
7071,406
7072,671
7073,626
7074,415
7075,411
7076,690
7077,640
7078,420
7079,577
7080,627
7081,672
7082,687
7083,696
7084,533
7085,682
7086,552
7087,465
7088,536
7089,491
7090,658
7091,502
7092,454
7093,656
7094,500
7095,597
7096,625
7097,636
7098,425
7099,520
7100,581
7101,598
7102,654
7103,521
7104,430
7105,684
7106,505
7107,623
7108,672
7109,631
7110,655
7111,423
7112,508
7113,590
7114,424
7115,586
7116,687
7117,515
7118,436
7119,681
7120,536
7121,626
7122,581
7123,485
7124,452
7125,634
7126,666
7127,686
7128,499
7129,486
7130,414
7131,500
7132,564
7133,428
7134,513
7135,506
7136,529
7137,483
7138,670
7139,643
7140,613
7141,565
7142,678
7143,458
7144,489
7145,593
7146,522
7147,535
7148,538
7149,628
7150,673
7151,449
7152,517
7153,601
7154,590
7155,580
7156,477
7157,474
7158,694
7159,680
7160,420
7161,570
7162,414
7163,610
7164,447
7165,485
7166,548
7167,587
7168,550
7169,540
7170,468
7171,659
7172,408
7173,520
7174,500
7175,548
7176,545
7177,642
7178,640
7179,442
7180,494
7181,625
7182,405
7183,613
7184,605
7185,466
7186,499
7187,411
7188,636
7189,657
7190,534
7191,621
7192,555
7193,541
7194,557
7195,661
7196,682
7197,628
7198,679
7199,689
7200,567
7201,446
7202,602
7203,613
7204,645
7205,423
7206,673
7207,443
7208,555
7209,598
7210,561
7211,633
7212,562
7213,515
7214,492
7215,441
7216,683
7217,609
7218,605
7219,619
7220,679
7221,535
7222,505
7223,517
7224,636
7225,499
7226,660
7227,685
7228,502
7229,462
7230,574
7231,681
7232,692
7233,625
7234,406
7235,526
7236,491
7237,589
7238,452
7239,641
7240,531
7241,511
7242,406
7243,629
7244,555
7245,596
7246,622
7247,649
7248,482
7249,639
7250,662
7251,588
7252,689
7253,457
7254,408
7255,514
7256,609
7257,440
7258,572
7259,633
7260,680
7261,477
7262,507
7263,680
7264,438
7265,518
7266,426
7267,503
7268,473
7269,590
7270,546
7271,654
7272,683
7273,612
7274,522
7275,605
7276,639
7277,685
7278,421
7279,658
7280,504
7281,657
7282,603
7283,661
7284,506
7285,650
7286,620
7287,621
7288,657
7289,600
7290,657
7291,624
7292,601
7293,625
7294,635
7295,582
7296,599
7297,645
7298,510
7299,405
7300,635
7301,526
7302,503
7303,636
7304,554
7305,656
7306,634
7307,688
7308,439
7309,687
7310,596
7311,672
7312,663
7313,456
7314,697
7315,497
7316,536
7317,486
7318,641
7319,598
7320,483
7321,641
7322,680
7323,651
7324,589
7325,551
7326,677
7327,538
7328,575
7329,407
7330,694
7331,634
7332,562
7333,448
7334,437
7335,535
7336,618
7337,695
7338,433
7339,478
7340,635
7341,672
7342,560
7343,574
7344,620
7345,408
7346,688
7347,512
7348,604
7349,585
7350,596
7351,665
7352,661
7353,647
7354,514
7355,520
7356,540
7357,464
7358,675
7359,638
7360,409
7361,632
7362,594
7363,411
7364,576
7365,576
7366,616
7367,410
7368,517
7369,563
7370,438
7371,452
7372,617
7373,605
7374,455
7375,517
7376,652
7377,685
7378,667
7379,690
7380,579
7381,634
7382,595
7383,479
7384,534
7385,421
7386,624
7387,457
7388,492
7389,591
7390,502
7391,406
7392,527
7393,454
7394,630
7395,461
7396,639
7397,489
7398,631
7399,632
7400,691
7401,551
7402,544
7403,529
7404,540
7405,492
7406,513
7407,683
7408,542
7409,622
7410,631
7411,432
7412,675
7413,569
7414,539
7415,600
7416,422
7417,623
7418,669
7419,552
7420,484
7421,508
7422,430
7423,628
7424,639
7425,540
7426,555
7427,698
7428,498
7429,446
7430,466
7431,461
7432,508
7433,566
7434,436
7435,518
7436,485
7437,451
7438,490
7439,688
7440,697
7441,603
7442,637
7443,554
7444,639
7445,535
7446,463
7447,522
7448,653
7449,513
7450,419
7451,415
7452,544
7453,607
7454,418
7455,565
7456,437
7457,580
7458,504
7459,499
7460,489
7461,699
7462,478
7463,472
7464,575
7465,495
7466,502
7467,623
7468,405
7469,521
7470,635
7471,515
7472,562
7473,625
7474,629
7475,581
7476,648
7477,609
7478,543
7479,495
7480,643
7481,485
7482,583
7483,520
7484,491
7485,469
7486,532
7487,678
7488,536
7489,586
7490,620
7491,445
7492,677
7493,591
7494,407
7495,675
7496,578
7497,438
7498,692
7499,577
7500,561
7501,503
7502,560
7503,686
7504,522
7505,453
7506,433
7507,641
7508,512
7509,422
7510,445
7511,534
7512,517
7513,588
7514,530
7515,611
7516,512
7517,443
7518,527
7519,557
7520,672
7521,444
7522,507
7523,618
7524,576
7525,627
7526,590
7527,559
7528,666
7529,589
7530,574
7531,689
7532,544
7533,631
7534,603
7535,612
7536,439
7537,674
7538,481
7539,580
7540,482
7541,661
7542,671
7543,599
7544,639
7545,579
7546,570
7547,694
7548,576
7549,636
7550,537
7551,528
7552,448
7553,563
7554,676
7555,692
7556,515
7557,423
7558,424
7559,526
7560,633
7561,608
7562,492
7563,493
7564,624
7565,679
7566,410
7567,411
7568,434
7569,627
7570,619
7571,540
7572,422
7573,482
7574,628
7575,479
7576,689
7577,558
7578,527
7579,589
7580,430
7581,414
7582,474
7583,433
7584,595
7585,428
7586,593
7587,415
7588,476
7589,692
7590,480
7591,523
7592,418
7593,501
7594,476
7595,628
7596,696
7597,602
7598,460
7599,425
7600,470
7601,502
7602,556
7603,593
7604,674
7605,585
7606,512
7607,564
7608,460
7609,491
7610,685
7611,552
7612,624
7613,526
7614,592
7615,514
7616,661
7617,417
7618,409
7619,491
7620,538
7621,451
7622,594
7623,605
7624,686
7625,492
7626,544
7627,485
7628,552
7629,401
7630,659
7631,563
7632,405
7633,548
7634,604
7635,517
7636,488
7637,553
7638,566
7639,560
7640,669
7641,455
7642,627
7643,548
7644,445
7645,543
7646,637
7647,671
7648,519
7649,619
7650,407
7651,674
7652,465
7653,478
7654,485
7655,523
7656,601
7657,549
7658,445
7659,512
7660,490
7661,540
7662,688
7663,617
7664,476
7665,551
7666,638
7667,514
7668,493
7669,447
7670,590
7671,411
7672,555
7673,571
7674,695
7675,576
7676,456
7677,602
7678,584
7679,520
7680,625
7681,601
7682,615
7683,442
7684,422
7685,554
7686,585
7687,648
7688,636
7689,692
7690,533
7691,421
7692,487
7693,552
7694,524
7695,478
7696,450
7697,615
7698,575
7699,652
7700,645
7701,626
7702,505
7703,592
7704,435
7705,603
7706,666
7707,667
7708,569
7709,438
7710,538
7711,691
7712,451
7713,686
7714,688
7715,540
7716,545
7717,583
7718,551
7719,600
7720,527
7721,686
7722,652
7723,665
7724,587
7725,629
7726,670
7727,658
7728,698
7729,597
7730,455
7731,602
7732,670
7733,508
7734,515
7735,491
7736,537
7737,456
7738,449
7739,470
7740,481
7741,504
7742,487
7743,401
7744,483
7745,442
7746,553
7747,493
7748,697
7749,532
7750,464
7751,689
7752,656
7753,612
7754,547
7755,460
7756,548
7757,487
7758,677
7759,481
7760,528
7761,685
7762,679
7763,669
7764,691
7765,602
7766,423
7767,607
7768,679
7769,604
7770,551
7771,425
7772,593
7773,637
7774,474
7775,562
7776,698
7777,428
7778,564
7779,585
7780,453
7781,694
7782,441
7783,684
7784,537
7785,586
7786,603
7787,441
7788,687
7789,425
7790,455
7791,652
7792,521
7793,505
7794,529
7795,557
7796,630
7797,490
7798,421
7799,689
7800,509
7801,448
7802,528
7803,472
7804,452
7805,567
7806,444
7807,504
7808,549
7809,545
7810,603
7811,698
7812,566
7813,600
7814,533
7815,610
7816,447
7817,525
7818,638
7819,406
7820,671
7821,436
7822,610
7823,564
7824,524
7825,591
7826,617
7827,613
7828,461
7829,560
7830,465
7831,685
7832,638
7833,419
7834,587
7835,481
7836,601
7837,531
7838,436
7839,531
7840,476
7841,488
7842,652
7843,593
7844,575
7845,432
7846,457
7847,600
7848,427
7849,434
7850,524
7851,441
7852,484
7853,587
7854,510
7855,670
7856,504
7857,440
7858,614
7859,470
7860,455
7861,635
7862,680
7863,504
7864,561
7865,590
7866,408
7867,459
7868,624
7869,587
7870,469
7871,692
7872,686
7873,568
7874,461
7875,413
7876,563
7877,644
7878,407
7879,553
7880,435
7881,447
7882,484
7883,427
7884,595
7885,607
7886,603
7887,503
7888,629
7889,500
7890,428
7891,526
7892,409
7893,505
7894,566
7895,656
7896,694
7897,676
7898,464
7899,670
7900,587
7901,537
7902,504
7903,433
7904,509
7905,432
7906,630
7907,665
7908,581
7909,464
7910,400
7911,532
7912,479
7913,670
7914,640
7915,427
7916,622
7917,422
7918,508
7919,506
7920,544
7921,538
7922,683
7923,697
7924,498
7925,522
7926,686
7927,480
7928,409
7929,407
7930,604
7931,596
7932,597
7933,429
7934,419
7935,447
7936,529
7937,692
7938,531
7939,453
7940,680
7941,664
7942,614
7943,689
7944,442
7945,473
7946,677
7947,641
7948,529
7949,593
7950,431
7951,505
7952,603
7953,400
7954,644
7955,471
7956,414
7957,452
7958,407
7959,445
7960,513
7961,546
7962,565
7963,538
7964,516
7965,698
7966,675
7967,676
7968,577
7969,553
7970,600
7971,514
7972,558
7973,441
7974,646
7975,467
7976,595
7977,489
7978,510
7979,544
7980,674
7981,578
7982,640
7983,552
7984,503
7985,474
7986,527
7987,598
7988,553
7989,455
7990,677
7991,418
7992,558
7993,425
7994,568
7995,422
7996,446
7997,412
7998,616
7999,593
8000,543
8001,472
8002,555
8003,476
8004,568
8005,686
8006,484
8007,581
8008,696
8009,511
8010,629
8011,495
8012,567
8013,555
8014,504
8015,592
8016,531
8017,537
8018,669
8019,437
8020,444
8021,562
8022,652
8023,568
8024,684
8025,673
8026,419
8027,638
8028,669
8029,430
8030,503
8031,569
8032,585
8033,527
8034,609
8035,680
8036,652
8037,418
8038,599
8039,619
8040,535
8041,622
8042,402
8043,635
8044,627
8045,541
8046,408
8047,589
8048,564
8049,538
8050,675
8051,690
8052,452
8053,574
8054,509
8055,602
8056,535
8057,403
8058,554
8059,571
8060,446
8061,493
8062,447
8063,639
8064,612
8065,538
8066,604
8067,472
8068,403
8069,475
8070,476
8071,655
8072,501
8073,505
8074,438
8075,674
8076,487
8077,610
8078,476
8079,476
8080,427
8081,644
8082,465
8083,665
8084,604
8085,457
8086,600
8087,624
8088,541
8089,483
8090,542
8091,432
8092,551
8093,557
8094,540
8095,650
8096,511
8097,543
8098,608
8099,623
8100,442
8101,663
8102,643
8103,402
8104,524
8105,667
8106,483
8107,415
8108,458
8109,576
8110,462
8111,448
8112,645
8113,688
8114,685
8115,414
8116,654
8117,491
8118,678
8119,605
8120,493
8121,624
8122,598
8123,670
8124,633
8125,445
8126,463
8127,629
8128,648
8129,645
8130,474
8131,556
8132,622
8133,589
8134,451
8135,487
8136,465
8137,549
8138,419
8139,432
8140,680
8141,445
8142,472
8143,532
8144,454
8145,460
8146,407
8147,671
8148,645
8149,575
8150,515
8151,670
8152,592
8153,549
8154,530
8155,501
8156,669
8157,691
8158,609
8159,466
8160,409
8161,448
8162,510
8163,618
8164,456
8165,682
8166,512
8167,532
8168,470
8169,482
8170,456
8171,670
8172,510
8173,475
8174,557
8175,419
8176,530
8177,521
8178,440
8179,566
8180,529
8181,422
8182,678
8183,650
8184,408
8185,412
8186,451
8187,608
8188,437
8189,499
8190,592
8191,590
8192,450
8193,540
8194,567
8195,508
8196,606
8197,699
8198,509
8199,595
8200,551
8201,642
8202,527
8203,504
8204,409
8205,547
8206,539
8207,589
8208,493
8209,628
8210,462
8211,424
8212,667
8213,680
8214,410
8215,600
8216,525
8217,589
8218,488
8219,515
8220,576
8221,413
8222,656
8223,608
8224,680
8225,504
8226,546
8227,678
8228,408
8229,517
8230,493
8231,543
8232,688
8233,413
8234,656
8235,585
8236,606
8237,571
8238,669
8239,620
8240,551
8241,510
8242,582
8243,471
8244,682
8245,473
8246,614
8247,422
8248,467
8249,492
8250,462
8251,623
8252,624
8253,502
8254,614
8255,591
8256,559
8257,606
8258,668
8259,593
8260,551
8261,636
8262,487
8263,410
8264,586
8265,613
8266,414
8267,665
8268,696
8269,472
8270,451
8271,527
8272,427
8273,464
8274,416
8275,537
8276,628
8277,653
8278,609
8279,693
8280,630
8281,640
8282,469
8283,503
8284,603
8285,452
8286,453
8287,675
8288,430
8289,534
8290,457
8291,504
8292,665
8293,409
8294,652
8295,694
8296,555
8297,557
8298,436
8299,518
8300,466
8301,641
8302,698
8303,612
8304,500
8305,455
8306,638
8307,630
8308,491
8309,678
8310,508
8311,567
8312,699
8313,617
8314,621
8315,560
8316,415
8317,677
8318,456
8319,461
8320,641
8321,489
8322,471
8323,429
8324,687
8325,485
8326,633
8327,634
8328,664
8329,686
8330,668
8331,585
8332,530
8333,690
8334,676
8335,579
8336,689
8337,562
8338,670
8339,495
8340,661
8341,687
8342,482
8343,624
8344,622
8345,517
8346,591
8347,478
8348,477
8349,546
8350,506
8351,670
8352,643
8353,472
8354,425
8355,609
8356,491
8357,524
8358,472
8359,522
8360,583
8361,586
8362,597
8363,477
8364,585
8365,652
8366,412
8367,698
8368,475
8369,450
8370,674
8371,548
8372,618
8373,521
8374,610
8375,679
8376,425
8377,572
8378,555
8379,637
8380,481
8381,672
8382,467
8383,443
8384,460
8385,522
8386,595
8387,510
8388,657
8389,488
8390,597
8391,681
8392,599
8393,498
8394,426
8395,488
8396,545
8397,581
8398,656
8399,588
8400,639
8401,595
8402,696
8403,564
8404,670
8405,407
8406,437
8407,513
8408,455
8409,537
8410,501
8411,576
8412,568
8413,685
8414,660
8415,622
8416,598
8417,610
8418,686
8419,579
8420,649
8421,630
8422,422
8423,447
8424,508
8425,695
8426,405
8427,437
8428,568
8429,682
8430,602
8431,672
8432,643
8433,446
8434,648
8435,478
8436,509
8437,412
8438,489
8439,679
8440,620
8441,472
8442,633
8443,659
8444,512
8445,445
8446,673
8447,442
8448,607
8449,502
8450,523
8451,409
8452,586
8453,430
8454,555
8455,459
8456,648
8457,669
8458,616
8459,401
8460,423
8461,605
8462,598
8463,513
8464,679
8465,554
8466,564
8467,621
8468,490
8469,566
8470,606
8471,681
8472,464
8473,403
8474,556
8475,648
8476,656
8477,634
8478,473
8479,586
8480,461
8481,563
8482,455
8483,510
8484,617
8485,639
8486,420
8487,540
8488,664
8489,538
8490,469
8491,517
8492,597
8493,604
8494,613
8495,455
8496,686
8497,692
8498,574
8499,527
8500,691
8501,687
8502,625
8503,463
8504,447
8505,601
8506,459
8507,656
8508,464
8509,638
8510,688
8511,437
8512,424
8513,458
8514,696
8515,557
8516,456
8517,447
8518,455
8519,464
8520,667
8521,468
8522,615
8523,488
8524,680
8525,656
8526,559
8527,633
8528,530
8529,448
8530,546
8531,401
8532,544
8533,460
8534,672
8535,448
8536,530
8537,442
8538,456
8539,449
8540,577
8541,692
8542,445
8543,569
8544,670
8545,538
8546,646
8547,547
8548,629
8549,679
8550,524
8551,591
8552,479
8553,493
8554,625
8555,464
8556,487
8557,487
8558,600
8559,613
8560,603
8561,488
8562,460
8563,670
8564,493
8565,426
8566,613
8567,473
8568,460
8569,585
8570,430
8571,618
8572,411
8573,431
8574,559
8575,636
8576,626
8577,580
8578,445
8579,479
8580,534
8581,659
8582,646
8583,558
8584,602
8585,511
8586,691
8587,518
8588,416
8589,626
8590,516
8591,442
8592,514
8593,682
8594,436
8595,512
8596,434
8597,531
8598,627
8599,546
8600,521
8601,480
8602,572
8603,553
8604,549
8605,457
8606,462
8607,555
8608,567
8609,565
8610,484
8611,536
8612,588
8613,401
8614,505
8615,471
8616,525
8617,569
8618,604
8619,594
8620,557
8621,540
8622,674
8623,406
8624,453
8625,503
8626,460
8627,486
8628,657
8629,577
8630,641
8631,602
8632,430
8633,688
8634,479
8635,410
8636,653
8637,686
8638,575
8639,525
8640,446
8641,605
8642,506
8643,674
8644,522
8645,533
8646,506
8647,449
8648,494
8649,667
8650,422
8651,453
8652,653
8653,634
8654,458
8655,563
8656,658
8657,615
8658,582
8659,456
8660,544
8661,489
8662,444
8663,656
8664,420
8665,420
8666,451
8667,570
8668,466
8669,512
8670,699
8671,559
8672,665
8673,631
8674,467
8675,427
8676,515
8677,450
8678,580
8679,659
8680,478
8681,672
8682,507
8683,473
8684,574
8685,583
8686,422
8687,673
8688,528
8689,690
8690,585
8691,458
8692,400
8693,530
8694,466
8695,692
8696,684
8697,488
8698,499
8699,588
8700,640
8701,669
8702,618
8703,575
8704,632
8705,550
8706,676
8707,628
8708,570
8709,622
8710,612
8711,681
8712,440
8713,521
8714,626
8715,693
8716,487
8717,666
8718,428
8719,646
8720,643
8721,460
8722,546
8723,573
8724,677
8725,541
8726,443
8727,543
8728,454
8729,560
8730,684
8731,597
8732,558
8733,479
8734,430
8735,511
8736,445
8737,604
8738,451
8739,537
8740,473
8741,440
8742,476
8743,586
8744,451
8745,486
8746,508
8747,624
8748,647
8749,468
8750,519
8751,466
8752,460
8753,590
8754,588
8755,550
8756,685
8757,495
8758,662
8759,496
8760,512
8761,524
8762,531
8763,520
8764,596
8765,693
8766,521
8767,681
8768,659
8769,438
8770,453
8771,560
8772,688
8773,599
8774,675
8775,415
8776,572
8777,647
8778,617
8779,486
8780,481
8781,461
8782,686
8783,441
8784,411
8785,633
8786,530
8787,514
8788,617
8789,536
8790,505
8791,578
8792,415
8793,641
8794,625
8795,641
8796,540
8797,598
8798,511
8799,526
8800,420
8801,546
8802,488
8803,602
8804,484
8805,566
8806,471
8807,697
8808,408
8809,680
8810,657
8811,674
8812,637
8813,419
8814,632
8815,620
8816,416
8817,488
8818,595
8819,483
8820,486
8821,553
8822,627
8823,663
8824,622
8825,520
8826,572
8827,403
8828,527
8829,509
8830,436
8831,470
8832,688
8833,430
8834,667
8835,410
8836,431
8837,456
8838,565
8839,587
8840,418
8841,515
8842,583
8843,669
8844,432
8845,409
8846,479
8847,591
8848,589
8849,467
8850,524
8851,458
8852,496
8853,674
8854,548
8855,677
8856,664
8857,408
8858,682
8859,672
8860,407
8861,607
8862,524
8863,522
8864,432
8865,400
8866,603
8867,405
8868,696
8869,404
8870,479
8871,673
8872,576
8873,535
8874,424
8875,582
8876,567
8877,577
8878,494
8879,432
8880,510
8881,545
8882,630
8883,671
8884,437
8885,534
8886,634
8887,559
8888,437
8889,549
8890,428
8891,543
8892,475
8893,544
8894,628
8895,463
8896,668
8897,583
8898,660
8899,667
8900,568
8901,658
8902,626
8903,432
8904,613
8905,449
8906,609
8907,428
8908,438
8909,499
8910,572
8911,416
8912,455
8913,625
8914,445
8915,466
8916,596
8917,541
8918,422
8919,493
8920,641
8921,636
8922,453
8923,537
8924,671
8925,440
8926,497
8927,582
8928,527
8929,628
8930,485
8931,655
8932,608
8933,614
8934,499
8935,448
8936,600
8937,657
8938,577
8939,644
8940,522
8941,570
8942,535
8943,458
8944,592
8945,667
8946,659
8947,494
8948,524
8949,440
8950,653
8951,406
8952,615
8953,468
8954,468
8955,480
8956,429
8957,472
8958,661
8959,488
8960,607
8961,612
8962,665
8963,692
8964,606
8965,476
8966,687
8967,446
8968,509
8969,599
8970,609
8971,553
8972,409
8973,556
8974,660
8975,476
8976,656
8977,530
8978,466
8979,627
8980,562
8981,414
8982,631
8983,594
8984,429
8985,695
8986,619
8987,546
8988,658
8989,691
8990,698
8991,542
8992,634
8993,514
8994,489
8995,607
8996,563
8997,483
8998,476
8999,560
9000,404
9001,477
9002,490
9003,486
9004,669
9005,503
9006,574
9007,453
9008,610
9009,494
9010,622
9011,408
9012,452
9013,476
9014,605
9015,511
9016,564
9017,678
9018,426
9019,469
9020,617
9021,588
9022,523
9023,418
9024,656
9025,695
9026,421
9027,439
9028,437
9029,447
9030,582
9031,474
9032,608
9033,582
9034,506
9035,587
9036,663
9037,485
9038,536
9039,494
9040,644
9041,489
9042,458
9043,427
9044,471
9045,669
9046,423
9047,511
9048,699
9049,455
9050,622
9051,519
9052,578
9053,687
9054,680
9055,588
9056,465
9057,697
9058,648
9059,475
9060,536
9061,563
9062,632
9063,654
9064,693
9065,569
9066,573
9067,417
9068,469
9069,515
9070,479
9071,414
9072,575
9073,668
9074,518
9075,698
9076,587
9077,456
9078,598
9079,416
9080,687
9081,454
9082,668
9083,486
9084,428
9085,421
9086,684
9087,447
9088,404
9089,649
9090,562
9091,601
9092,500
9093,470
9094,562
9095,572
9096,540
9097,537
9098,465
9099,597
9100,627
9101,680
9102,571
9103,439
9104,406
9105,573
9106,550
9107,610
9108,485
9109,652
9110,420
9111,656
9112,432
9113,659
9114,633
9115,402
9116,626
9117,683
9118,469
9119,653
9120,543
9121,423
9122,633
9123,574
9124,558
9125,685
9126,417
9127,443
9128,554
9129,630
9130,624
9131,616
9132,455
9133,430
9134,458
9135,634
9136,506
9137,590
9138,417
9139,625
9140,566
9141,470
9142,453
9143,644
9144,475
9145,434
9146,666
9147,699
9148,520
9149,424
9150,559
9151,483
9152,513
9153,622
9154,565
9155,590
9156,574
9157,400
9158,628
9159,485
9160,461
9161,605
9162,504
9163,690
9164,649
9165,412
9166,562
9167,442
9168,510
9169,604
9170,655
9171,543
9172,545
9173,563
9174,568
9175,697
9176,632
9177,670
9178,459
9179,695
9180,634
9181,564
9182,593
9183,633
9184,582
9185,631
9186,506
9187,622
9188,479
9189,633
9190,583
9191,584
9192,533
9193,619
9194,687
9195,601
9196,545
9197,526
9198,534
9199,513
9200,663
9201,463
9202,534
9203,440
9204,695
9205,402
9206,593
9207,509
9208,620
9209,403
9210,643
9211,565
9212,425
9213,416
9214,615
9215,491
9216,430
9217,604
9218,606
9219,506
9220,545
9221,500
9222,640
9223,646
9224,562
9225,572
9226,434
9227,683
9228,420
9229,562
9230,496
9231,454
9232,526
9233,592
9234,642
9235,487
9236,614
9237,491
9238,634
9239,583
9240,437
9241,538
9242,594
9243,414
9244,656
9245,534
9246,400
9247,448
9248,495
9249,600
9250,425
9251,634
9252,643
9253,450
9254,480
9255,435
9256,466
9257,528
9258,554
9259,644
9260,510
9261,567
9262,541
9263,596
9264,508
9265,478
9266,560
9267,418
9268,526
9269,604
9270,428
9271,606
9272,679
9273,550
9274,639
9275,665
9276,581
9277,504
9278,635
9279,572
9280,557
9281,571
9282,556
9283,657
9284,563
9285,546
9286,553
9287,437
9288,530
9289,654
9290,607
9291,494
9292,570
9293,649
9294,589
9295,598
9296,620
9297,423
9298,643
9299,527
9300,492
9301,699
9302,532
9303,454
9304,557
9305,428
9306,610
9307,553
9308,692
9309,621
9310,514
9311,557
9312,658
9313,650
9314,521
9315,698
9316,662
9317,448
9318,696
9319,476
9320,526
9321,596
9322,620
9323,490
9324,407
9325,431
9326,668
9327,590
9328,562
9329,460
9330,663
9331,684
9332,494
9333,440
9334,548
9335,603
9336,666
9337,401
9338,577
9339,593
9340,595
9341,648
9342,611
9343,552
9344,557
9345,538
9346,620
9347,672
9348,553
9349,648
9350,678
9351,675
9352,401
9353,487
9354,686
9355,529
9356,477
9357,659
9358,640
9359,540
9360,627
9361,562
9362,635
9363,527
9364,599
9365,430
9366,537
9367,420
9368,633
9369,601
9370,678
9371,530
9372,547
9373,428
9374,561
9375,460
9376,524
9377,470
9378,642
9379,648
9380,620
9381,420
9382,481
9383,409
9384,411
9385,662
9386,544
9387,591
9388,649
9389,513
9390,425
9391,670
9392,432
9393,461
9394,628
9395,494
9396,434
9397,592
9398,475
9399,648
9400,482
9401,424
9402,456
9403,431
9404,411
9405,491
9406,400
9407,535
9408,595
9409,532
9410,485
9411,694
9412,678
9413,579
9414,403
9415,525
9416,574
9417,650
9418,420
9419,504
9420,465
9421,662
9422,448
9423,415
9424,544
9425,649
9426,474
9427,689
9428,681
9429,465
9430,524
9431,486
9432,440
9433,585
9434,665
9435,670
9436,441
9437,492
9438,584
9439,614
9440,416
9441,664
9442,513
9443,691
9444,691
9445,447
9446,496
9447,494
9448,473
9449,467
9450,645
9451,476
9452,607
9453,653
9454,620
9455,661
9456,658
9457,473
9458,524
9459,587
9460,653
9461,634
9462,649
9463,471
9464,634
9465,555
9466,514
9467,627
9468,644
9469,413
9470,415
9471,441
9472,509
9473,677
9474,418
9475,465
9476,566
9477,472
9478,511
9479,673
9480,484
9481,538
9482,438
9483,504
9484,680
9485,522
9486,617
9487,460
9488,499
9489,603
9490,657
9491,404
9492,596
9493,579
9494,532
9495,652
9496,664
9497,492
9498,549
9499,537
9500,607
9501,524
9502,633
9503,460
9504,665
9505,533
9506,512
9507,590
9508,586
9509,488
9510,586
9511,531
9512,522
9513,447
9514,687
9515,578
9516,579
9517,498
9518,433
9519,469
9520,570
9521,671
9522,458
9523,580
9524,418
9525,625
9526,494
9527,696
9528,480
9529,574
9530,621
9531,502
9532,453
9533,582
9534,467
9535,427
9536,673
9537,681
9538,518
9539,533
9540,528
9541,407
9542,450
9543,680
9544,574
9545,582
9546,591
9547,648
9548,634
9549,482
9550,492
9551,667
9552,519
9553,470
9554,416
9555,652
9556,521
9557,409
9558,686
9559,672
9560,692
9561,609
9562,617
9563,640
9564,599
9565,615
9566,604
9567,615
9568,479
9569,666
9570,434
9571,688
9572,417
9573,564
9574,412
9575,601
9576,628
9577,400
9578,616
9579,433
9580,665
9581,527
9582,611
9583,662
9584,479
9585,564
9586,651
9587,411
9588,611
9589,681
9590,511
9591,610
9592,638
9593,667
9594,697
9595,457
9596,433
9597,662
9598,434
9599,670
9600,626
9601,424
9602,633
9603,458
9604,650
9605,485
9606,650
9607,579
9608,606
9609,548
9610,470
9611,520
9612,652
9613,492
9614,655
9615,653
9616,687
9617,458
9618,468
9619,485
9620,673
9621,626
9622,480
9623,513
9624,583
9625,679
9626,453
9627,596
9628,692
9629,692
9630,690
9631,579
9632,621
9633,673
9634,643
9635,553
9636,672
9637,534
9638,407
9639,527
9640,455
9641,525
9642,558
9643,458
9644,457
9645,539
9646,575
9647,507
9648,610
9649,473
9650,566
9651,632
9652,581
9653,521
9654,602
9655,428
9656,601
9657,492
9658,575
9659,610
9660,583
9661,494
9662,672
9663,536
9664,636
9665,664
9666,534
9667,543
9668,418
9669,630
9670,533
9671,513
9672,538
9673,524
9674,603
9675,460
9676,649
9677,697
9678,412
9679,654
9680,484
9681,419
9682,449
9683,563
9684,491
9685,487
9686,468
9687,436
9688,652
9689,651
9690,539
9691,567
9692,453
9693,577
9694,696
9695,505
9696,536
9697,589
9698,527
9699,446
9700,404
9701,656
9702,699
9703,549
9704,693
9705,642
9706,674
9707,607
9708,514
9709,594
9710,569
9711,481
9712,553
9713,540
9714,545
9715,521
9716,651
9717,488
9718,457
9719,462
9720,679
9721,471
9722,408
9723,493
9724,551
9725,439
9726,461
9727,653
9728,468
9729,644
9730,569
9731,577
9732,588
9733,659
9734,471
9735,416
9736,456
9737,617
9738,506
9739,572
9740,618
9741,646
9742,617
9743,430
9744,446
9745,533
9746,507
9747,471
9748,507
9749,671
9750,570
9751,515
9752,473
9753,655
9754,480
9755,667
9756,527
9757,634
9758,440
9759,580
9760,556
9761,458
9762,648
9763,591
9764,423
9765,479
9766,533
9767,612
9768,565
9769,470
9770,613
9771,464
9772,620
9773,685
9774,584
9775,606
9776,498
9777,641
9778,557
9779,497
9780,441
9781,538
9782,682
9783,626
9784,471
9785,642
9786,417
9787,476
9788,444
9789,539
9790,576
9791,621
9792,491
9793,421
9794,571
9795,491
9796,591
9797,476
9798,680
9799,578
9800,637
9801,534
9802,679
9803,418
9804,482
9805,627
9806,664
9807,511
9808,650
9809,563
9810,567
9811,620
9812,590
9813,569
9814,444
9815,413
9816,630
9817,556
9818,533
9819,436
9820,452
9821,417
9822,437
9823,586
9824,595
9825,642
9826,699
9827,434
9828,614
9829,618
9830,489
9831,651
9832,407
9833,655
9834,607
9835,530
9836,623
9837,596
9838,541
9839,651
9840,495
9841,425
9842,510
9843,522
9844,585
9845,567
9846,450
9847,404
9848,476
9849,559
9850,607
9851,656
9852,604
9853,654
9854,410
9855,407
9856,431
9857,427
9858,605
9859,627
9860,527
9861,654
9862,611
9863,638
9864,606
9865,682
9866,644
9867,444
9868,504
9869,680
9870,633
9871,588
9872,443
9873,624
9874,541
9875,535
9876,575
9877,541
9878,479
9879,481
9880,534
9881,606
9882,576
9883,642
9884,454
9885,540
9886,455
9887,414
9888,584
9889,487
9890,496
9891,543
9892,407
9893,614
9894,572
9895,622
9896,439
9897,581
9898,669
9899,586
9900,644
9901,630
9902,554
9903,574
9904,514
9905,699
9906,417
9907,671
9908,411
9909,591
9910,631
9911,492
9912,617
9913,677
9914,428
9915,476
9916,408
9917,423
9918,414
9919,563
9920,412
9921,571
9922,599
9923,475
9924,563
9925,460
9926,644
9927,554
9928,656
9929,643
9930,561
9931,467
9932,676
9933,560
9934,658
9935,494
9936,645
9937,620
9938,522
9939,586
9940,661
9941,672
9942,459
9943,524
9944,450
9945,577
9946,538
9947,569
9948,438
9949,468
9950,635
9951,447
9952,456
9953,676
9954,498
9955,414
9956,578
9957,461
9958,518
9959,436
9960,533
9961,425
9962,407
9963,403
9964,420
9965,548
9966,424
9967,542
9968,644
9969,442
9970,692
9971,584
9972,441
9973,491
9974,452
9975,483
9976,433
9977,475
9978,596
9979,685
9980,487
9981,634
9982,631
9983,406
9984,691
9985,437
9986,451
9987,542
9988,620
9989,639
9990,542
9991,448
9992,676
9993,670
9994,413
9995,697
9996,414
9997,633
9998,462
9999,595
10000,426
10001,492
10002,504
10003,451
10004,580
10005,456
10006,519
10007,442
10008,534
10009,659
10010,596
10011,532
10012,654
10013,619
10014,440
10015,654
10016,401
10017,594
10018,641
10019,548
10020,597
10021,698
10022,644
10023,507
10024,611
10025,555
10026,425
10027,481
10028,482
10029,530
10030,499
10031,655
10032,448
10033,462
10034,689
10035,504
10036,504
10037,414
10038,574
10039,658
10040,610
10041,658
10042,501
10043,659
10044,558
10045,444
10046,650
10047,564
10048,592
10049,408
10050,464
10051,681
10052,580
10053,681
10054,678
10055,429
10056,665
10057,616
10058,504
10059,583
10060,547
10061,504
10062,446
10063,486
10064,528
10065,657
10066,546
10067,471
10068,539
10069,426
10070,428
10071,670
10072,573
10073,652
10074,459
10075,506
10076,619
10077,658
10078,545
10079,451
10080,459
10081,433
10082,495
10083,488
10084,630
10085,674
10086,645
10087,510
10088,633
10089,677
10090,565
10091,527
10092,636
10093,690
10094,506
10095,527
10096,594
10097,542
10098,510
10099,489
10100,650
10101,679
10102,623
10103,500
10104,531
10105,412
10106,497
10107,519
10108,692
10109,598
10110,400
10111,459
10112,649
10113,539
10114,548
10115,443
10116,585
10117,507
10118,443
10119,477
10120,625
10121,561
10122,680
10123,652
10124,531
10125,543
10126,665
10127,508
10128,593
10129,434
10130,674
10131,586
10132,642
10133,663
10134,409
10135,565
10136,428
10137,670
10138,486
10139,422
10140,609
10141,445
10142,427
10143,425
10144,665
10145,574
10146,403
10147,466
10148,534
10149,454
10150,430
10151,473
10152,418
10153,555
10154,555
10155,546
10156,486
10157,419
10158,668
10159,442
10160,427
10161,659
10162,421
10163,500
10164,438
10165,689
10166,699
10167,569
10168,695
10169,529
10170,555
10171,473
10172,489
10173,466
10174,635
10175,599
10176,626
10177,632
10178,665
10179,485
10180,501
10181,613
10182,507
10183,564
10184,490
10185,591
10186,485
10187,621
10188,500
10189,625
10190,459
10191,649
10192,447
10193,516
10194,626
10195,432
10196,443
10197,564
10198,691
10199,686
10200,624
10201,685
10202,603
10203,571
10204,411
10205,520
10206,643
10207,551
10208,551
10209,587
10210,412
10211,490
10212,599
10213,473
10214,655
10215,675
10216,470
10217,477
10218,683
10219,529
10220,442
10221,407
10222,412
10223,612
10224,510
10225,690
10226,422
10227,653
10228,414
10229,529
10230,460
10231,514
10232,466
10233,648
10234,574
10235,401
10236,571
10237,683
10238,453
10239,466
10240,501
10241,519
10242,590
10243,446
10244,621
10245,420
10246,557
10247,558
10248,634
10249,549
10250,656
10251,564
10252,476
10253,484
10254,445
10255,446
10256,612
10257,458
10258,453
10259,411
10260,591
10261,405
10262,543
10263,660
10264,472
10265,573
10266,631
10267,669
10268,621
10269,451
10270,515
10271,425
10272,452
10273,428
10274,418
10275,678
10276,516
10277,505
10278,626
10279,585
10280,660
10281,415
10282,672
10283,559
10284,649
10285,623
10286,655
10287,579
10288,419
10289,511
10290,519
10291,593
10292,510
10293,609
10294,400
10295,457
10296,492
10297,620
10298,610
10299,631
10300,661
10301,502
10302,449
10303,509
10304,487
10305,419
10306,413
10307,532
10308,695
10309,433
10310,607
10311,598
10312,479
10313,470
10314,554
10315,477
10316,477
10317,571
10318,688
10319,432
10320,699
10321,675
10322,406
10323,559
10324,639
10325,423
10326,613
10327,469
10328,615
10329,503
10330,614
10331,453
10332,693
10333,602
10334,687
10335,444
10336,597
10337,615
10338,583
10339,426
10340,565
10341,673
10342,502
10343,503
10344,644
10345,568
10346,515
10347,540
10348,524
10349,424
10350,593
10351,499
10352,404
10353,418
10354,569
10355,673
10356,653
10357,520
10358,431
10359,548
10360,665
10361,436
10362,576
10363,412
10364,582
10365,544
10366,664
10367,487
10368,445
10369,518
10370,418
10371,619
10372,632
10373,493
10374,650
10375,649
10376,681
10377,631
10378,445
10379,445
10380,413
10381,484
10382,402
10383,427
10384,556
10385,574
10386,513
10387,649
10388,458
10389,602
10390,638
10391,633
10392,494
10393,540
10394,512
10395,508
10396,688
10397,496
10398,415
10399,443
10400,629
10401,507
10402,616
10403,659
10404,595
10405,494
10406,455
10407,431
10408,630
10409,408
10410,590
10411,599
10412,560
10413,486
10414,420
10415,475
10416,540
10417,525
10418,650
10419,483
10420,447
10421,477
10422,429
10423,684
10424,535
10425,539
10426,440
10427,681
10428,449
10429,657
10430,669
10431,533
10432,633
10433,527
10434,503
10435,653
10436,494
10437,616
10438,460
10439,667
10440,640
10441,412
10442,546
10443,639
10444,488
10445,494
10446,692
10447,424
10448,671
10449,565
10450,649
10451,486
10452,541
10453,533
10454,678
10455,525
10456,540
10457,502
10458,625
10459,462
10460,693
10461,653
10462,579
10463,439
10464,663
10465,588
10466,407
10467,503
10468,624
10469,433
10470,635
10471,627
10472,587
10473,421
10474,439
10475,572
10476,578
10477,485
10478,532
10479,412
10480,427
10481,483
10482,679
10483,662
10484,565
10485,692
10486,467
10487,625
10488,569
10489,485
10490,532
10491,577
10492,651
10493,414
10494,622
10495,600
10496,506
10497,649
10498,488
10499,524
10500,512
10501,536
10502,646
10503,565
10504,549
10505,467
10506,620
10507,670
10508,419
10509,688
10510,499
10511,651
10512,476
10513,534
10514,572
10515,600
10516,616
10517,607
10518,473
10519,410
10520,686
10521,655
10522,411
10523,477
10524,571
10525,495
10526,672
10527,578
10528,463
10529,531
10530,671
10531,508
10532,672
10533,567
10534,579
10535,457
10536,478
10537,460
10538,520
10539,606
10540,433
10541,469
10542,416
10543,419
10544,468
10545,614
10546,560
10547,501
10548,605
10549,544
10550,456
10551,482
10552,668
10553,586
10554,405
10555,509
10556,537
10557,450
10558,450
10559,486
10560,467
10561,483
10562,441
10563,618
10564,456
10565,625
10566,595
10567,647
10568,565
10569,461
10570,662
10571,511
10572,652
10573,598
10574,577
10575,425
10576,645
10577,418
10578,664
10579,419
10580,505
10581,636
10582,645
10583,480
10584,549
10585,409
10586,623
10587,663
10588,548
10589,677
10590,673
10591,593
10592,571
10593,664
10594,425
10595,425
10596,433
10597,663
10598,537
10599,582
10600,641
10601,453
10602,567
10603,518
10604,542
10605,480
10606,644
10607,461
10608,445
10609,486
10610,498
10611,694
10612,452
10613,591
10614,479
10615,415
10616,593
10617,540
10618,507
10619,664
10620,689
10621,608
10622,564
10623,551
10624,689
10625,667
10626,550
10627,606
10628,654
10629,540
10630,495
10631,626
10632,592
10633,517
10634,404
10635,642
10636,420
10637,551
10638,527
10639,523
10640,545
10641,676
10642,551
10643,510
10644,515
10645,587
10646,456
10647,650
10648,549
10649,561
10650,519
10651,469
10652,498
10653,566
10654,697
10655,550
10656,401
10657,551
10658,464
10659,468
10660,520
10661,508
10662,646
10663,492
10664,667
10665,502
10666,511
10667,461
10668,699
10669,535
10670,454
10671,507
10672,657
10673,652
10674,621
10675,566
10676,559
10677,565
10678,604
10679,666
10680,537
10681,647
10682,454
10683,608
10684,416
10685,467
10686,532
10687,587
10688,537
10689,573
10690,496
10691,570
10692,553
10693,582
10694,641
10695,684
10696,426
10697,459
10698,601
10699,649
10700,468
10701,420
10702,551
10703,501
10704,494
10705,628
10706,524
10707,657
10708,635
10709,561
10710,441
10711,675
10712,467
10713,572
10714,524
10715,569
10716,446
10717,660
10718,616
10719,523
10720,692
10721,561
10722,600
10723,674
10724,605
10725,439
10726,672
10727,587
10728,492
10729,441
10730,506
10731,464
10732,534
10733,423
10734,427
10735,461
10736,672
10737,628
10738,419
10739,402
10740,617
10741,535
10742,402
10743,592
10744,472
10745,517
10746,553
10747,608
10748,433
10749,536
10750,519
10751,514
10752,412
10753,468
10754,656
10755,488
10756,446
10757,659
10758,627
10759,579
10760,409
10761,683
10762,525
10763,533
10764,554
10765,647
10766,539
10767,575
10768,573
10769,473
10770,542
10771,691
10772,511
10773,605
10774,530
10775,509
10776,466
10777,485
10778,674
10779,626
10780,409
10781,687
10782,511
10783,423
10784,690
10785,567
10786,508
10787,589
10788,595
10789,432
10790,604
10791,581
10792,546
10793,667
10794,410
10795,469
10796,655
10797,618
10798,696
10799,658
10800,402
10801,483
10802,555
10803,550
10804,575
10805,594
10806,506
10807,533
10808,675
10809,554
10810,676
10811,635
10812,639
10813,412
10814,434
10815,446
10816,613
10817,545
10818,558
10819,524
10820,509
10821,436
10822,676
10823,413
10824,631
10825,523
10826,678
10827,510
10828,523
10829,429
10830,514
10831,489
10832,611
10833,437
10834,482
10835,426
10836,616
10837,614
10838,620
10839,414
10840,658
10841,665
10842,519
10843,527
10844,610
10845,410
10846,575
10847,532
10848,413
10849,449
10850,471
10851,468
10852,415
10853,455
10854,504
10855,531
10856,447
10857,647
10858,672
10859,510
10860,437
10861,639
10862,520
10863,447
10864,409
10865,632
10866,435
10867,403
10868,443
10869,455
10870,441
10871,654
10872,627
10873,513
10874,636
10875,573
10876,654
10877,676
10878,468
10879,629
10880,466
10881,435
10882,558
10883,548
10884,426
10885,471
10886,647
10887,500
10888,589
10889,495
10890,681
10891,677
10892,416
10893,662
10894,506
10895,467
10896,527
10897,692
10898,693
10899,495
10900,400
10901,697
10902,579
10903,580
10904,634
10905,407
10906,426
10907,545
10908,490
10909,671
10910,404
10911,481
10912,618
10913,517
10914,480
10915,469
10916,514
10917,662
10918,541
10919,606
10920,510
10921,511
10922,442
10923,684
10924,527
10925,584
10926,628
10927,620
10928,516
10929,469
10930,469
10931,509
10932,531
10933,455
10934,488
10935,536
10936,530
10937,617
10938,575
10939,570
10940,499
10941,528
10942,456
10943,580
10944,645
10945,543
10946,450
10947,617
10948,503
10949,454
10950,656
10951,555
10952,452
10953,586
10954,549
10955,663
10956,649
10957,697
10958,610
10959,424
10960,693
10961,551
10962,423
10963,651
10964,459
10965,465
10966,452
10967,505
10968,495
10969,575
10970,438
10971,567
10972,441
10973,503
10974,603
10975,407
10976,681
10977,442
10978,509
10979,609
10980,636
10981,448
10982,514
10983,554
10984,536
10985,566
10986,598
10987,470
10988,406
10989,599
10990,466
10991,537
10992,641
10993,612
10994,580
10995,653
10996,500
10997,486
10998,584
10999,490
11000,647
11001,613
11002,648
11003,525
11004,403
11005,487
11006,550
11007,575
11008,610
11009,658
11010,490
11011,658
11012,590
11013,480
11014,537
11015,525
11016,629
11017,419
11018,448
11019,534
11020,428
11021,447
11022,668
11023,402
11024,657
11025,415
11026,493
11027,533
11028,532
11029,431
11030,668
11031,424
11032,458
11033,612
11034,555
11035,675
11036,609
11037,456
11038,584
11039,453
11040,608
11041,692
11042,651
11043,511
11044,405
11045,590
11046,678
11047,412
11048,443
11049,504
11050,559
11051,553
11052,641
11053,580
11054,413
11055,579
11056,691
11057,663
11058,567
11059,613
11060,549
11061,415
11062,490
11063,519
11064,652
11065,459
11066,665
11067,430
11068,420
11069,618
11070,480
11071,688
11072,430
11073,633
11074,435
11075,531
11076,531
11077,408
11078,429
11079,514
11080,403
11081,636
11082,422
11083,415
11084,421
11085,471
11086,629
11087,506
11088,607
11089,607
11090,662
11091,450
11092,464
11093,664
11094,574
11095,551
11096,665
11097,562
11098,637
11099,598
11100,415
11101,695
11102,675
11103,638
11104,468
11105,405
11106,619
11107,653
11108,694
11109,506
11110,694
11111,517
11112,567
11113,650
11114,481
11115,453
11116,639
11117,411
11118,608
11119,564
11120,693
11121,406
11122,477
11123,464
11124,501
11125,699
11126,686
11127,570
11128,476
11129,447
11130,654
11131,481
11132,608
11133,608
11134,483
11135,409
11136,428
11137,515
11138,668
11139,446
11140,490
11141,452
11142,617
11143,476
11144,603
11145,443
11146,555
11147,401
11148,456
11149,689
11150,457
11151,653
11152,579
11153,556
11154,434
11155,474
11156,688
11157,474
11158,477
11159,654
11160,664
11161,466
11162,620
11163,563
11164,619
11165,571
11166,653
11167,609
11168,587
11169,590
11170,614
11171,485
11172,505
11173,695
11174,418
11175,446
11176,464
11177,545
11178,685
11179,465
11180,404
11181,492
11182,493
11183,505
11184,532
11185,478
11186,611
11187,407
11188,558
11189,667
11190,548
11191,490
11192,635
11193,688
11194,567
11195,592
11196,586
11197,670
11198,513
11199,410
11200,454
11201,657
11202,464
11203,571
11204,671
11205,549
11206,545
11207,608
11208,685
11209,409
11210,626
11211,585
11212,461
11213,484
11214,533
11215,696
11216,570
11217,612
11218,417
11219,459
11220,487
11221,426
11222,467
11223,677
11224,439
11225,508
11226,473
11227,465
11228,567
11229,661
11230,673
11231,636
11232,614
11233,685
11234,548
11235,506
11236,540
11237,475
11238,408
11239,595
11240,694
11241,679
11242,517
11243,689
11244,460
11245,450
11246,451
11247,521
11248,566
11249,407
11250,444
11251,644
11252,683
11253,506
11254,426
11255,592
11256,461
11257,461
11258,681
11259,520
11260,679
11261,438
11262,676
11263,493
11264,514
11265,575
11266,520
11267,412
11268,562
11269,674
11270,575
11271,572
11272,674
11273,463
11274,500
11275,465
11276,444
11277,486
11278,466
11279,658
11280,604
11281,577
11282,679
11283,416
11284,695
11285,601
11286,571
11287,661
11288,593
11289,548
11290,434
11291,428
11292,662
11293,620
11294,452
11295,678
11296,475
11297,575
11298,409
11299,516
11300,679
11301,617
11302,574
11303,633
11304,651
11305,694
11306,405
11307,420
11308,472
11309,435
11310,632
11311,615
11312,605
11313,443
11314,490
11315,492
11316,482
11317,681
11318,420
11319,627
11320,529
11321,574
11322,507
11323,682
11324,470
11325,449
11326,494
11327,678
11328,531
11329,675
11330,412
11331,402
11332,623
11333,574
11334,489
11335,640
11336,434
11337,413
11338,594
11339,612
11340,402
11341,578
11342,439
11343,563
11344,634
11345,656
11346,515
11347,451
11348,541
11349,485
11350,445
11351,637
11352,409
11353,551
11354,460
11355,417
11356,485
11357,536
11358,629
11359,527
11360,503
11361,585
11362,577
11363,405
11364,435
11365,680
11366,699
11367,413
11368,636
11369,684
11370,449
11371,660
11372,509
11373,596
11374,651
11375,487
11376,425
11377,661
11378,543
11379,459
11380,667
11381,474
11382,402
11383,462
11384,635
11385,628
11386,674
11387,417
11388,479
11389,614
11390,570
11391,654
11392,525
11393,654
11394,471
11395,437
11396,603
11397,571
11398,622
11399,616
11400,644
11401,590
11402,697
11403,581
11404,604
11405,598
11406,564
11407,641
11408,529
11409,626
11410,521
11411,443
11412,595
11413,603
11414,656
11415,416
11416,671
11417,408
11418,648
11419,600
11420,458
11421,539
11422,518
11423,440
11424,666
11425,407
11426,582
11427,533
11428,580
11429,471
11430,512
11431,506
11432,689
11433,516
11434,519
11435,546
11436,609
11437,695
11438,502
11439,523
11440,644
11441,608
11442,508
11443,449
11444,504
11445,426
11446,687
11447,656
11448,672
11449,536
11450,431
11451,444
11452,664
11453,429
11454,483
11455,565
11456,400
11457,648
11458,660
11459,462
11460,563
11461,600
11462,621
11463,551
11464,531
11465,513
11466,616
11467,595
11468,680
11469,601
11470,534
11471,633
11472,540
11473,595
11474,442
11475,456
11476,541
11477,609
11478,471
11479,623
11480,426
11481,527
11482,505
11483,564
11484,614
11485,470
11486,603
11487,552
11488,466
11489,489
11490,659
11491,627
11492,478
11493,495
11494,645
11495,671
11496,556
11497,515
11498,417
11499,571
11500,415
11501,639
11502,455
11503,478
11504,502
11505,683
11506,592
11507,404
11508,505
11509,677
11510,499
11511,637
11512,668
11513,485
11514,431
11515,450
11516,478
11517,585
11518,573
11519,505
11520,462
11521,475
11522,480
11523,527
11524,582
11525,642
11526,584
11527,619
11528,470
11529,553
11530,644
11531,539
11532,470
11533,445
11534,446
11535,478
11536,548
11537,529
11538,526
11539,518
11540,661
11541,643
11542,502
11543,436
11544,541
11545,436
11546,407
11547,630
11548,695
11549,506
11550,417
11551,482
11552,687
11553,593
11554,614
11555,680
11556,619
11557,688
11558,593
11559,557
11560,503
11561,433
11562,501
11563,526
11564,613
11565,695
11566,578
11567,479
11568,540
11569,430
11570,462
11571,447
11572,486
11573,460
11574,673
11575,683
11576,479
11577,579
11578,671
11579,476
11580,620
11581,681
11582,427
11583,476
11584,563
11585,408
11586,574
11587,475
11588,644
11589,521
11590,584
11591,431
11592,649
11593,456
11594,543
11595,483
11596,455
11597,678
11598,672
11599,565
11600,557
11601,648
11602,585
11603,477
11604,421
11605,507
11606,672
11607,651
11608,414
11609,559
11610,604
11611,512
11612,567
11613,652
11614,585
11615,626
11616,415
11617,555
11618,510
11619,400
11620,440
11621,447
11622,507
11623,560
11624,560
11625,527
11626,609
11627,550
11628,654
11629,617
11630,429
11631,444
11632,479
11633,438
11634,639
11635,444
11636,477
11637,687
11638,679
11639,515
11640,668
11641,452
11642,467
11643,581
11644,433
11645,683
11646,648
11647,510
11648,493
11649,578
11650,446
11651,681
11652,491
11653,611
11654,474
11655,601
11656,696
11657,610
11658,533
11659,465
11660,679
11661,427
11662,516
11663,513
11664,474
11665,601
11666,458
11667,414
11668,630
11669,504
11670,564
11671,598
11672,434
11673,561
11674,644
11675,686
11676,418
11677,679
11678,581
11679,546
11680,575
11681,562
11682,574
11683,446
11684,655
11685,573
11686,502
11687,520
11688,544
11689,441
11690,428
11691,672
11692,413
11693,588
11694,694
11695,582
11696,435
11697,436
11698,413
11699,522
11700,482
11701,558
11702,501
11703,482
11704,443
11705,467
11706,447
11707,456
11708,474
11709,421
11710,531
11711,666
11712,686
11713,519
11714,645
11715,455
11716,437
11717,644
11718,420
11719,509
11720,493
11721,535
11722,630
11723,407
11724,689
11725,650
11726,486
11727,603
11728,618
11729,640
11730,657
11731,508
11732,655
11733,681
11734,619
11735,482
11736,506
11737,468
11738,496
11739,611
11740,685
11741,636
11742,407
11743,693
11744,588
11745,480
11746,507
11747,466
11748,573
11749,442
11750,586
11751,599
11752,438
11753,619
11754,403
11755,520
11756,476
11757,578
11758,532
11759,628
11760,675
11761,551
11762,563
11763,689
11764,508
11765,525
11766,639
11767,545
11768,651
11769,582
11770,471
11771,618
11772,606
11773,572
11774,540
11775,671
11776,613
11777,668
11778,419
11779,465
11780,546
11781,564
11782,405
11783,413
11784,531
11785,642
11786,630
11787,627
11788,561
11789,682
11790,662
11791,530
11792,624
11793,657
11794,633
11795,423
11796,670
11797,494
11798,541
11799,581
11800,605
11801,480
11802,673
11803,675
11804,607
11805,695
11806,438
11807,687
11808,523
11809,682
11810,579
11811,496
11812,590
11813,473
11814,672
11815,448
11816,609
11817,515
11818,422
11819,497
11820,589
11821,581
11822,547
11823,422
11824,504
11825,562
11826,466
11827,689
11828,688
11829,445
11830,480
11831,546
11832,621
11833,414
11834,520
11835,477
11836,694
11837,640
11838,417
11839,655
11840,676
11841,426
11842,401
11843,694
11844,638
11845,412
11846,583
11847,593
11848,455
11849,629
11850,427
11851,470
11852,609
11853,583
11854,440
11855,659
11856,483
11857,445
11858,558
11859,406
11860,535
11861,582
11862,596
11863,571
11864,675
11865,477
11866,577
11867,426
11868,519
11869,680
11870,595
11871,676
11872,417
11873,694
11874,670
11875,452
11876,693
11877,451
11878,615
11879,471
11880,427
11881,651
11882,434
11883,600
11884,648
11885,498
11886,539
11887,482
11888,447
11889,677
11890,647
11891,576
11892,451
11893,478
11894,463
11895,407
11896,613
11897,424
11898,655
11899,642
11900,597
11901,493
11902,606
11903,414
11904,577
11905,474
11906,503
11907,693
11908,567
11909,514
11910,438
11911,672
11912,534
11913,631
11914,438
11915,690
11916,446
11917,435
11918,494
11919,412
11920,545
11921,464
11922,627
11923,641
11924,407
11925,442
11926,643
11927,580
11928,484
11929,554
11930,674
11931,422
11932,514
11933,698
11934,498
11935,503
11936,450
11937,511
11938,643
11939,568
11940,471
11941,538
11942,630
11943,638
11944,652
11945,448
11946,471
11947,662
11948,621
11949,476
11950,461
11951,556
11952,693
11953,524
11954,628
11955,560
11956,428
11957,513
11958,478
11959,422
11960,505
11961,530
11962,572
11963,663
11964,684
11965,401
11966,632
11967,650
11968,507
11969,675
11970,579
11971,612
11972,692
11973,471
11974,682
11975,574
11976,522
11977,626
11978,482
11979,652
11980,545
11981,519
11982,464
11983,680
11984,682
11985,505
11986,699
11987,506
11988,435
11989,546
11990,661
11991,558
11992,664
11993,601
11994,554
11995,412
11996,696
11997,484
11998,679
11999,644
12000,699
12001,408
12002,646
12003,677
12004,637
12005,602
12006,646
12007,634
12008,480
12009,412
12010,415
12011,444
12012,538
12013,547
12014,635
12015,590
12016,500
12017,504
12018,649
12019,493
12020,619
12021,697
12022,532
12023,554
12024,427
12025,681
12026,515
12027,633
12028,400
12029,639
12030,457
12031,582
12032,425
12033,476
12034,616
12035,661
12036,422
12037,643
12038,557
12039,605
12040,486
12041,666
12042,533
12043,666
12044,667
12045,452
12046,498
12047,646
12048,435
12049,427
12050,619
12051,501
12052,662
12053,670
12054,623
12055,538
12056,679
12057,685
12058,649
12059,477
12060,696
12061,412
12062,481
12063,408
12064,612
12065,447
12066,448
12067,439
12068,679
12069,625
12070,507
12071,644
12072,654
12073,432
12074,422
12075,453
12076,448
12077,477
12078,521
12079,489
12080,592
12081,643
12082,548
12083,545
12084,540
12085,685
12086,510
12087,507
12088,680
12089,449
12090,413
12091,533
12092,475
12093,483
12094,557
12095,685
12096,493
12097,696
12098,493
12099,456
12100,563
12101,497
12102,415
12103,477
12104,471
12105,669
12106,686
12107,465
12108,467
12109,592
12110,454
12111,567
12112,424
12113,530
12114,501
12115,681
12116,695
12117,693
12118,662
12119,519
12120,630
12121,690
12122,560
12123,560
12124,477
12125,437
12126,427
12127,499
12128,693
12129,523
12130,491
12131,654
12132,496
12133,405
12134,568
12135,670
12136,507
12137,698
12138,446
12139,498
12140,413
12141,593
12142,556
12143,553
12144,514
12145,657
12146,544
12147,690
12148,409
12149,613
12150,632
12151,570
12152,420
12153,414
12154,525
12155,612
12156,587
12157,571
12158,646
12159,404
12160,630
12161,600
12162,548
12163,471
12164,625
12165,473
12166,568
12167,648
12168,679
12169,551
12170,623
12171,624
12172,437
12173,443
12174,584
12175,640
12176,609
12177,422
12178,523
12179,485
12180,442
12181,439
12182,568
12183,574
12184,419
12185,508
12186,592
12187,643
12188,679
12189,627
12190,435
12191,444
12192,427
12193,553
12194,422
12195,606
12196,490
12197,437
12198,627
12199,601
12200,653
12201,437
12202,620
12203,586
12204,442
12205,513
12206,659
12207,404
12208,467
12209,627
12210,522
12211,572
12212,552
12213,666
12214,556
12215,561
12216,613
12217,425
12218,691
12219,588
12220,521
12221,629
12222,458
12223,495
12224,661
12225,535
12226,682
12227,519
12228,424
12229,545
12230,411
12231,486
12232,508
12233,665
12234,621
12235,473
12236,501
12237,536
12238,590
12239,541
12240,472
12241,566
12242,567
12243,453
12244,658
12245,510
12246,631
12247,560
12248,418
12249,689
12250,449
12251,574
12252,583
12253,584
12254,480
12255,555
12256,674
12257,682
12258,648
12259,546
12260,406
12261,556
12262,570
12263,468
12264,493
12265,585
12266,569
12267,603
12268,441
12269,412
12270,553
12271,673
12272,697
12273,450
12274,611
12275,543
12276,402
12277,653
12278,655
12279,497
12280,572
12281,549
12282,678
12283,458
12284,512
12285,642
12286,456
12287,459
12288,615
12289,632
12290,454
12291,607
12292,462
12293,583
12294,680
12295,425
12296,576
12297,462
12298,472
12299,566
12300,624
12301,464
12302,468
12303,408
12304,635
12305,597
12306,572
12307,681
12308,427
12309,695
12310,533
12311,426
12312,437
12313,595
12314,602
12315,484
12316,429
12317,498
12318,589
12319,411
12320,490
12321,429
12322,612
12323,437
12324,459
12325,693
12326,542
12327,579
12328,684
12329,511
12330,629
12331,420
12332,544
12333,545
12334,565
12335,539
12336,602
12337,643
12338,512
12339,600
12340,658
12341,654
12342,422
12343,645
12344,486
12345,618
12346,426
12347,689
12348,688
12349,622
12350,577
12351,547
12352,626
12353,585
12354,693
12355,440
12356,590
12357,478
12358,604
12359,677
12360,671
12361,431
12362,541
12363,650
12364,693
12365,497
12366,535
12367,676
12368,442
12369,519
12370,619
12371,445
12372,635
12373,447
12374,597
12375,483
12376,430
12377,560
12378,470
12379,407
12380,451
12381,444
12382,692
12383,699
12384,437
12385,630
12386,661
12387,467
12388,578
12389,585
12390,600
12391,412
12392,613
12393,619
12394,685
12395,643
12396,657
12397,457
12398,435
12399,592
12400,449
12401,431
12402,497
12403,442
12404,446
12405,669
12406,462
12407,418
12408,500
12409,436
12410,506
12411,491
12412,584
12413,615
12414,427
12415,435
12416,417
12417,595
12418,477
12419,566
12420,489
12421,663
12422,607
12423,611
12424,670
12425,662
12426,672
12427,613
12428,463
12429,411
12430,609
12431,573
12432,655
12433,500
12434,415
12435,596
12436,657
12437,643
12438,648
12439,504
12440,581
12441,554
12442,686
12443,568
12444,446
12445,442
12446,620
12447,400
12448,599
12449,543
12450,427
12451,677
12452,440
12453,546
12454,577
12455,566
12456,522
12457,473
12458,638
12459,648
12460,662
12461,651
12462,510
12463,579
12464,587
12465,606
12466,633
12467,423
12468,425
12469,617
12470,409
12471,416
12472,644
12473,605
12474,657
12475,511
12476,604
12477,426
12478,470
12479,575
12480,601
12481,647
12482,517
12483,408
12484,485
12485,422
12486,639
12487,472
12488,426
12489,480
12490,483
12491,598
12492,442
12493,662
12494,491
12495,483
12496,699
12497,695
12498,534
12499,680
12500,458
12501,640
12502,497
12503,461
12504,663
12505,512
12506,545
12507,615
12508,655
12509,657
12510,593
12511,413
12512,502
12513,644
12514,644
12515,667
12516,623
12517,619
12518,616
12519,403
12520,435
12521,577
12522,656
12523,416
12524,598
12525,447
12526,461
12527,468
12528,546
12529,561
12530,626
12531,629
12532,577
12533,455
12534,477
12535,669
12536,605
12537,680
12538,627
12539,638
12540,687
12541,481
12542,649
12543,592
12544,505
12545,588
12546,675
12547,473
12548,409
12549,522
12550,615
12551,689
12552,439
12553,592
12554,526
12555,688
12556,470
12557,536
12558,543
12559,698
12560,668
12561,538
12562,451
12563,416
12564,564
12565,412
12566,589
12567,663
12568,620
12569,503
12570,597
12571,699
12572,568
12573,548
12574,648
12575,655
12576,441
12577,601
12578,643
12579,556
12580,685
12581,681
12582,637
12583,418
12584,452
12585,484
12586,672
12587,612
12588,503
12589,591
12590,576
12591,546
12592,480
12593,592
12594,436
12595,553
12596,529
12597,458
12598,623
12599,648
12600,639
12601,692
12602,686
12603,603
12604,498
12605,575
12606,661
12607,670
12608,542
12609,588
12610,671
12611,419
12612,699
12613,445
12614,494
12615,463
12616,530
12617,408
12618,602
12619,697
12620,573
12621,472
12622,483
12623,458
12624,420
12625,556
12626,460
12627,463
12628,567
12629,602
12630,528
12631,644
12632,505
12633,521
12634,581
12635,502
12636,660
12637,512
12638,469
12639,559
12640,639
12641,410
12642,537
12643,566
12644,646
12645,430
12646,411
12647,642
12648,507
12649,593
12650,532
12651,680
12652,690
12653,562
12654,677
12655,602
12656,495
12657,622
12658,636
12659,516
12660,591
12661,675
12662,505
12663,403
12664,417
12665,419
12666,521
12667,536
12668,479
12669,553
12670,424
12671,568
12672,458
12673,440
12674,437
12675,516
12676,674
12677,669
12678,526
12679,402
12680,692
12681,415
12682,664
12683,638
12684,662
12685,533
12686,612
12687,414
12688,528
12689,521
12690,640
12691,514
12692,596
12693,621
12694,613
12695,479
12696,662
12697,534
12698,641
12699,669
12700,686
12701,449
12702,588
12703,696
12704,413
12705,631
12706,660
12707,591
12708,602
12709,660
12710,512
12711,435
12712,478
12713,674
12714,677
12715,561
12716,416
12717,603
12718,416
12719,601
12720,609
12721,477
12722,455
12723,479
12724,457
12725,417
12726,607
12727,534
12728,409
12729,468
12730,482
12731,508
12732,443
12733,531
12734,417
12735,492
12736,693
12737,547
12738,571
12739,450
12740,418
12741,519
12742,624
12743,465
12744,540
12745,588
12746,557
12747,497
12748,557
12749,645
12750,635
12751,432
12752,640
12753,674
12754,470
12755,615
12756,478
12757,568
12758,697
12759,579
12760,515
12761,659
12762,659
12763,404
12764,696
12765,507
12766,516
12767,412
12768,541
12769,587
12770,680
12771,514
12772,635
12773,409
12774,598
12775,651
12776,449
12777,541
12778,670
12779,415
12780,401
12781,557
12782,429
12783,481
12784,430
12785,635
12786,547
12787,576
12788,434
12789,422
12790,505
12791,496
12792,629
12793,626
12794,499
12795,454
12796,594
12797,407
12798,527
12799,431
12800,492
12801,406
12802,657
12803,619
12804,639
12805,505
12806,435
12807,444
12808,697
12809,408
12810,486
12811,576
12812,529
12813,594
12814,410
12815,521
12816,634
12817,430
12818,623
12819,552
12820,611
12821,491
12822,528
12823,596
12824,441
12825,627
12826,593
12827,417
12828,642
12829,675
12830,526
12831,474
12832,461
12833,687
12834,585
12835,577
12836,565
12837,582
12838,427
12839,646
12840,421
12841,495
12842,521
12843,649
12844,536
12845,676
12846,460
12847,649
12848,494
12849,695
12850,583
12851,659
12852,686
12853,554
12854,585
12855,468
12856,660
12857,514
12858,407
12859,664
12860,670
12861,648
12862,504
12863,662
12864,623
12865,670
12866,564
12867,482
12868,694
12869,533
12870,610
12871,491
12872,526
12873,590
12874,558
12875,409
12876,506
12877,486
12878,466
12879,461
12880,545
12881,552
12882,506
12883,547
12884,585
12885,577
12886,665
12887,548
12888,646
12889,653
12890,428
12891,665
12892,412
12893,446
12894,550
12895,449
12896,614
12897,531
12898,512
12899,651
12900,452
12901,529
12902,592
12903,478
12904,456
12905,496
12906,597
12907,534
12908,546
12909,571
12910,462
12911,464
12912,694
12913,610
12914,508
12915,681
12916,571
12917,411
12918,619
12919,685
12920,571
12921,635
12922,565
12923,586
12924,569
12925,451
12926,588
12927,519
12928,504
12929,561
12930,694
12931,440
12932,564
12933,559
12934,663
12935,417
12936,572
12937,432
12938,660
12939,609
12940,563
12941,404
12942,433
12943,679
12944,544
12945,470
12946,629
12947,524
12948,677
12949,670
12950,414
12951,641
12952,552
12953,452
12954,548
12955,618
12956,512
12957,687
12958,676
12959,482
12960,617
12961,625
12962,669
12963,414
12964,689
12965,664
12966,598
12967,557
12968,606
12969,573
12970,583
12971,664
12972,645
12973,435
12974,658
12975,418
12976,422
12977,503
12978,640
12979,603
12980,652
12981,541
12982,542
12983,670
12984,509
12985,407
12986,468
12987,589
12988,578
12989,462
12990,467
12991,605
12992,405
12993,518
12994,430
12995,405
12996,606
12997,556
12998,466
12999,688
13000,539
13001,699
13002,412
13003,551
13004,508
13005,548
13006,603
13007,420
13008,459
13009,420
13010,644
13011,472
13012,475
13013,585
13014,477
13015,464
13016,689
13017,455
13018,658
13019,589
13020,405
13021,405
13022,590
13023,547
13024,657
13025,617
13026,489
13027,409
13028,486
13029,649
13030,550
13031,512
13032,429
13033,527
13034,477
13035,454
13036,433
13037,504
13038,571
13039,421
13040,686
13041,504
13042,548
13043,671
13044,675
13045,698
13046,571
13047,446
13048,513
13049,674
13050,606
13051,641
13052,595
13053,563
13054,575
13055,670
13056,509
13057,571
13058,601
13059,567
13060,501
13061,485
13062,541
13063,612
13064,450
13065,511
13066,670
13067,464
13068,582
13069,409
13070,633
13071,697
13072,643
13073,666
13074,517
13075,543
13076,600
13077,638
13078,645
13079,407
13080,551
13081,610
13082,557
13083,457
13084,485
13085,454
13086,600
13087,521
13088,507
13089,531
13090,597
13091,446
13092,627
13093,644
13094,602
13095,660
13096,577
13097,423
13098,574
13099,673
13100,660
13101,685
13102,400
13103,485
13104,468
13105,430
13106,597
13107,490
13108,415
13109,675
13110,561
13111,591
13112,550
13113,512
13114,672
13115,575
13116,548
13117,577
13118,622
13119,658
13120,672
13121,588
13122,489
13123,661
13124,555
13125,599
13126,454
13127,653
13128,572
13129,599
13130,501
13131,684
13132,550
13133,510
13134,665
13135,490
13136,576
13137,630
13138,428
13139,594
13140,638
13141,666
13142,613
13143,481
13144,527
13145,661
13146,466
13147,461
13148,532
13149,536
13150,427
13151,610
13152,604
13153,652
13154,437
13155,442
13156,516
13157,589
13158,445
13159,565
13160,602
13161,632
13162,644
13163,608
13164,647
13165,694
13166,557
13167,400
13168,616
13169,648
13170,468
13171,429
13172,514
13173,407
13174,674
13175,435
13176,443
13177,554
13178,476
13179,477
13180,500
13181,429
13182,438
13183,638
13184,412
13185,521
13186,543
13187,571
13188,646
13189,646
13190,444
13191,652
13192,690
13193,606
13194,406
13195,641
13196,509
13197,513
13198,675
13199,495
13200,693
13201,588
13202,687
13203,553
13204,457
13205,449
13206,606
13207,451
13208,549
13209,452
13210,612
13211,465
13212,631
13213,698
13214,550
13215,604
13216,654
13217,536
13218,534
13219,453
13220,464
13221,401
13222,531
13223,431
13224,642
13225,591
13226,541
13227,547
13228,488
13229,448
13230,535
13231,590
13232,548
13233,486
13234,407
13235,622
13236,415
13237,695
13238,505
13239,682
13240,503
13241,545
13242,434
13243,512
13244,452
13245,480
13246,503
13247,641
13248,430
13249,591
13250,632
13251,497
13252,433
13253,642
13254,458
13255,658
13256,416
13257,477
13258,605
13259,565
13260,690
13261,511
13262,544
13263,555
13264,577
13265,535
13266,417
13267,554
13268,671
13269,665
13270,415
13271,411
13272,474
13273,611
13274,578
13275,528
13276,682
13277,594
13278,667
13279,429
13280,408
13281,564
13282,592
13283,659
13284,591
13285,478
13286,578
13287,490
13288,614
13289,478
13290,502
13291,510
13292,646
13293,633
13294,481
13295,531
13296,634
13297,677
13298,498
13299,437
13300,560
13301,516
13302,640
13303,425
13304,535
13305,449
13306,693
13307,697
13308,692
13309,553
13310,619
13311,539
13312,448
13313,541
13314,445
13315,562
13316,684
13317,667
13318,515
13319,481
13320,443
13321,593
13322,657
13323,672
13324,673
13325,677
13326,482
13327,457
13328,452
13329,400
13330,615
13331,627
13332,653
13333,558
13334,686
13335,465
13336,494
13337,652
13338,549
13339,422
13340,643
13341,614
13342,530
13343,547
13344,508
13345,439
13346,520
13347,694
13348,519
13349,417
13350,568
13351,597
13352,542
13353,436
13354,585
13355,660
13356,630
13357,653
13358,696
13359,409
13360,629
13361,423
13362,477
13363,592
13364,508
13365,679
13366,662
13367,667
13368,658
13369,484
13370,409
13371,688
13372,458
13373,661
13374,684
13375,518
13376,567
13377,588
13378,650
13379,628
13380,589
13381,523
13382,483
13383,696
13384,614
13385,636
13386,512
13387,616
13388,645
13389,436
13390,463
13391,618
13392,433
13393,438
13394,466
13395,608
13396,551
13397,598
13398,488
13399,647
13400,478
13401,684
13402,431
13403,486
13404,438
13405,500
13406,643
13407,631
13408,467
13409,591
13410,427
13411,669
13412,625
13413,476
13414,622
13415,566
13416,683
13417,591
13418,488
13419,431
13420,536
13421,555
13422,649
13423,494
13424,416
13425,516
13426,409
13427,479
13428,533
13429,602
13430,515
13431,619
13432,652
13433,568
13434,604
13435,697
13436,647
13437,470
13438,555
13439,501
13440,412
13441,670
13442,691
13443,619
13444,414
13445,637
13446,516
13447,455
13448,531
13449,625
13450,621
13451,572
13452,684
13453,556
13454,550
13455,584
13456,577
13457,420
13458,511
13459,570
13460,537
13461,632
13462,429
13463,560
13464,477
13465,677
13466,420
13467,542
13468,435
13469,613
13470,431
13471,585
13472,573
13473,453
13474,560
13475,649
13476,650
13477,678
13478,570
13479,582
13480,401
13481,593
13482,565
13483,646
13484,643
13485,509
13486,470
13487,563
13488,684
13489,512
13490,627
13491,415
13492,430
13493,561
13494,592
13495,609
13496,631
13497,583
13498,414
13499,608
13500,571
13501,665
13502,419
13503,469
13504,407
13505,433
13506,623
13507,578
13508,645
13509,659
13510,507
13511,641
13512,423
13513,615
13514,454
13515,425
13516,680
13517,691
13518,585
13519,411
13520,528
13521,607
13522,532
13523,595
13524,661
13525,681
13526,502
13527,519
13528,582
13529,408
13530,444
13531,643
13532,669
13533,511
13534,454
13535,414
13536,436
13537,577
13538,526
13539,516
13540,471
13541,510
13542,548
13543,584
13544,504
13545,546
13546,620
13547,405
13548,659
13549,698
13550,441
13551,658
13552,670
13553,446
13554,484
13555,573
13556,457
13557,598
13558,608
13559,647
13560,610
13561,438
13562,651
13563,530
13564,690
13565,649
13566,451
13567,413
13568,555
13569,429
13570,489
13571,566
13572,468
13573,562
13574,641
13575,451
13576,541
13577,462
13578,691
13579,490
13580,551
13581,556
13582,549
13583,670
13584,468
13585,515
13586,591
13587,403
13588,474
13589,697
13590,640
13591,429
13592,542
13593,582
13594,415
13595,510
13596,600
13597,506
13598,561
13599,682
13600,668
13601,554
13602,472
13603,596
13604,642
13605,485
13606,686
13607,658
13608,685
13609,548
13610,589
13611,616
13612,485
13613,615
13614,517
13615,486
13616,439
13617,560
13618,590
13619,424
13620,551
13621,494
13622,445
13623,537
13624,687
13625,563
13626,415
13627,417
13628,535
13629,646
13630,647
13631,597
13632,400
13633,589
13634,693
13635,444
13636,431
13637,517
13638,695
13639,583
13640,590
13641,634
13642,637
13643,615
13644,473
13645,510
13646,502
13647,473
13648,651
13649,513
13650,637
13651,572
13652,478
13653,492
13654,449
13655,684
13656,622
13657,480
13658,665
13659,554
13660,632
13661,635
13662,558
13663,650
13664,681
13665,501
13666,450
13667,451
13668,608
13669,530
13670,669
13671,604
13672,618
13673,656
13674,584
13675,544
13676,577
13677,413
13678,645
13679,586
13680,658
13681,439
13682,488
13683,524
13684,408
13685,483
13686,420
13687,680
13688,571
13689,424
13690,502
13691,589
13692,635
13693,436
13694,671
13695,692
13696,551
13697,681
13698,419
13699,536
13700,428
13701,430
13702,418
13703,547
13704,682
13705,699
13706,562
13707,512
13708,549
13709,654
13710,486
13711,497
13712,531
13713,496
13714,497
13715,689
13716,626
13717,544
13718,555
13719,669
13720,561
13721,511
13722,584
13723,604
13724,496
13725,454
13726,516
13727,492
13728,692
13729,603
13730,681
13731,588
13732,483
13733,579
13734,673
13735,580
13736,580
13737,682
13738,686
13739,505
13740,528
13741,661
13742,410
13743,561
13744,580
13745,612
13746,673
13747,420
13748,674
13749,659
13750,515
13751,424
13752,653
13753,610
13754,656
13755,567
13756,420
13757,485
13758,414
13759,449
13760,595
13761,687
13762,644
13763,600
13764,592
13765,545
13766,526
13767,574
13768,533
13769,465
13770,678
13771,645
13772,636
13773,570
13774,450
13775,552
13776,479
13777,544
13778,673
13779,554
13780,542
13781,697
13782,433
13783,638
13784,537
13785,653
13786,404
13787,575
13788,613
13789,422
13790,412
13791,640
13792,675
13793,491
13794,507
13795,628
13796,551
13797,507
13798,688
13799,575
13800,685
13801,640
13802,544
13803,413
13804,674
13805,470
13806,594
13807,699
13808,410
13809,505
13810,657
13811,595
13812,544
13813,619
13814,573
13815,615
13816,492
13817,659
13818,462
13819,428
13820,674
13821,684
13822,469
13823,678
13824,630
13825,654
13826,571
13827,579
13828,663
13829,582
13830,604
13831,648
13832,612
13833,558
13834,499
13835,511
13836,565
13837,435
13838,511
13839,486
13840,582
13841,484
13842,668
13843,564
13844,489
13845,637
13846,421
13847,566
13848,614
13849,457
13850,429
13851,505
13852,566
13853,553
13854,406
13855,596
13856,445
13857,417
13858,552
13859,663
13860,473
13861,544
13862,501
13863,520
13864,575
13865,462
13866,695
13867,483
13868,414
13869,533
13870,520
13871,527
13872,687
13873,579
13874,481
13875,412
13876,423
13877,567
13878,669
13879,469
13880,488
13881,588
13882,656
13883,616
13884,431
13885,540
13886,560
13887,431
13888,551
13889,659
13890,615
13891,678
13892,684
13893,497
13894,429
13895,489
13896,547
13897,543
13898,466
13899,457
13900,680
13901,678
13902,635
13903,527
13904,608
13905,585
13906,568
13907,571
13908,659
13909,604
13910,534
13911,445
13912,408
13913,560
13914,688
13915,505
13916,689
13917,487
13918,591
13919,552
13920,536
13921,672
13922,548
13923,587
13924,540
13925,530
13926,403
13927,662
13928,425
13929,423
13930,665
13931,628
13932,668
13933,524
13934,571
13935,633
13936,694
13937,674
13938,475
13939,613
13940,557
13941,603
13942,548
13943,474
13944,628
13945,461
13946,457
13947,673
13948,507
13949,586
13950,628
13951,447
13952,667
13953,614
13954,689
13955,653
13956,486
13957,580
13958,424
13959,621
13960,448
13961,574
13962,673
13963,434
13964,616
13965,608
13966,559
13967,406
13968,668
13969,525
13970,489
13971,441
13972,558
13973,601
13974,681
13975,687
13976,490
13977,524
13978,525
13979,451
13980,502
13981,586
13982,604
13983,413
13984,503
13985,516
13986,492
13987,543
13988,509
13989,562
13990,452
13991,402
13992,467
13993,645
13994,537
13995,686
13996,465
13997,554
13998,486
13999,432
14000,467
14001,586
14002,591
14003,612
14004,487
14005,507
14006,639
14007,615
14008,576
14009,452
14010,448
14011,513
14012,494
14013,424
14014,531
14015,578
14016,544
14017,597
14018,483
14019,556
14020,484
14021,652
14022,471
14023,622
14024,675
14025,682
14026,663
14027,645
14028,460
14029,658
14030,406
14031,587
14032,403
14033,630
14034,532
14035,524
14036,414
14037,412
14038,517
14039,639
14040,662
14041,405
14042,630
14043,429
14044,421
14045,555
14046,517
14047,592
14048,594
14049,567
14050,638
14051,643
14052,468
14053,494
14054,476
14055,570
14056,400
14057,461
14058,606
14059,553
14060,673
14061,447
14062,536
14063,400
14064,634
14065,655
14066,506
14067,572
14068,529
14069,693
14070,439
14071,415
14072,526
14073,602
14074,533
14075,658
14076,413
14077,465
14078,594
14079,513
14080,558
14081,560
14082,653
14083,414
14084,436
14085,554
14086,426
14087,411
14088,466
14089,429
14090,495
14091,614
14092,593
14093,534
14094,689
14095,431
14096,438
14097,605
14098,442
14099,658
14100,648
14101,473
14102,695
14103,673
14104,589
14105,537
14106,681
14107,565
14108,677
14109,425
14110,472
14111,514
14112,450
14113,570
14114,667
14115,402
14116,609
14117,514
14118,566
14119,664
14120,626
14121,550
14122,667
14123,515
14124,487
14125,641
14126,439
14127,581
14128,608
14129,672
14130,518
14131,423
14132,657
14133,491
14134,560
14135,548
14136,516
14137,452
14138,444
14139,664
14140,661
14141,633
14142,434
14143,596
14144,424
14145,601
14146,672
14147,435
14148,622
14149,676
14150,417
14151,587
14152,656
14153,541
14154,535
14155,478
14156,691
14157,461
14158,528
14159,697
14160,656
14161,611
14162,453
14163,574
14164,499
14165,438
14166,662
14167,549
14168,520
14169,577
14170,519
14171,471
14172,618
14173,522
14174,643
14175,474
14176,405
14177,420
14178,589
14179,624
14180,502
14181,498
14182,482
14183,580
14184,551
14185,455
14186,589
14187,421
14188,467
14189,584
14190,409
14191,465
14192,663
14193,624
14194,522
14195,437
14196,522
14197,555
14198,466
14199,532
14200,539
14201,481
14202,457
14203,548
14204,530
14205,468
14206,649
14207,576
14208,471
14209,416
14210,559
14211,469
14212,512
14213,631
14214,420
14215,534
14216,662
14217,510
14218,645
14219,682
14220,407
14221,683
14222,606
14223,593
14224,446
14225,641
14226,409
14227,688
14228,530
14229,669
14230,460
14231,563
14232,412
14233,671
14234,607
14235,645
14236,532
14237,643
14238,693
14239,437
14240,455
14241,447
14242,504
14243,458
14244,476
14245,617
14246,454
14247,454
14248,528
14249,484
14250,613
14251,514
14252,692
14253,448
14254,466
14255,674
14256,528
14257,428
14258,432
14259,518
14260,579
14261,550
14262,532
14263,584
14264,533
14265,576
14266,421
14267,640
14268,476
14269,603
14270,403
14271,564
14272,527
14273,444
14274,617
14275,634
14276,535
14277,567
14278,636
14279,492
14280,404
14281,555
14282,644
14283,480
14284,646
14285,536
14286,462
14287,515
14288,512
14289,430
14290,406
14291,402
14292,642
14293,455
14294,472
14295,409
14296,460
14297,449
14298,521
14299,574
14300,400
14301,437
14302,589
14303,478
14304,589
14305,583
14306,466
14307,416
14308,695
14309,608
14310,440
14311,514
14312,499
14313,538
14314,693
14315,416
14316,691
14317,473
14318,662
14319,415
14320,413
14321,680
14322,403
14323,526
14324,405
14325,528
14326,631
14327,594
14328,464
14329,502
14330,676
14331,557
14332,623
14333,688
14334,677
14335,581
14336,403
14337,614
14338,616
14339,608
14340,473
14341,626
14342,492
14343,464
14344,409
14345,677
14346,485
14347,425
14348,617
14349,494
14350,643
14351,506
14352,647
14353,413
14354,560
14355,470
14356,551
14357,474
14358,614
14359,450
14360,542
14361,435
14362,566
14363,635
14364,659
14365,591
14366,601
14367,661
14368,584
14369,557
14370,645
14371,509
14372,498
14373,640
14374,601
14375,521
14376,516
14377,495
14378,633
14379,466
14380,617
14381,414
14382,672
14383,618
14384,673
14385,546
14386,551
14387,414
14388,483
14389,591
14390,440
14391,660
14392,535
14393,677
14394,505
14395,406
14396,429
14397,525
14398,478
14399,466
14400,422
14401,588
14402,473
14403,404
14404,481
14405,424
14406,663
14407,401
14408,677
14409,623
14410,471
14411,467
14412,493
14413,418
14414,527
14415,481
14416,653
14417,620
14418,496
14419,451
14420,574
14421,581
14422,514
14423,400
14424,462
14425,647
14426,630
14427,625
14428,418
14429,430
14430,520
14431,423
14432,610
14433,560
14434,654
14435,458
14436,513
14437,559
14438,619
14439,568
14440,411
14441,641
14442,538
14443,496
14444,546
14445,581
14446,456
14447,441
14448,598
14449,430
14450,579
14451,401
14452,687
14453,537
14454,504
14455,617
14456,621
14457,504
14458,526
14459,664
14460,599
14461,651
14462,414
14463,625
14464,504
14465,632
14466,618
14467,676
14468,660
14469,589
14470,597
14471,676
14472,438
14473,561
14474,520
14475,661
14476,615
14477,448
14478,491
14479,528
14480,427
14481,547
14482,464
14483,617
14484,450
14485,473
14486,598
14487,591
14488,588
14489,411
14490,638
14491,480
14492,669
14493,689
14494,447
14495,608
14496,434
14497,518
14498,464
14499,641
14500,435
14501,651
14502,642
14503,441
14504,468
14505,506
14506,438
14507,468
14508,579
14509,411
14510,603
14511,435
14512,525
14513,462
14514,481
14515,698
14516,433
14517,639
14518,496
14519,448
14520,545
14521,524
14522,588
14523,456
14524,508
14525,404
14526,423
14527,620
14528,693
14529,409
14530,564
14531,614
14532,525
14533,666
14534,679
14535,487
14536,513
14537,420
14538,547
14539,644
14540,665
14541,616
14542,639
14543,631
14544,631
14545,641
14546,589
14547,628
14548,465
14549,678
14550,668
14551,608
14552,415
14553,696
14554,619
14555,656
14556,667
14557,628
14558,518
14559,577
14560,419
14561,435
14562,507
14563,588
14564,577
14565,495
14566,419
14567,563
14568,496
14569,542
14570,461
14571,641
14572,637
14573,530
14574,492
14575,490
14576,532
14577,522
14578,517
14579,597
14580,681
14581,400
14582,610
14583,662
14584,611
14585,486
14586,552
14587,586
14588,460
14589,684
14590,494
14591,673
14592,440
14593,546
14594,645
14595,531
14596,696
14597,522
14598,542
14599,581
14600,591
14601,606
14602,630
14603,421
14604,479
14605,529
14606,691
14607,675
14608,454
14609,465
14610,626
14611,425
14612,652
14613,596
14614,529
14615,642
14616,611
14617,589
14618,689
14619,625
14620,645
14621,455
14622,454
14623,675
14624,552
14625,452
14626,510
14627,603
14628,511
14629,657
14630,415
14631,565
14632,679
14633,557
14634,648
14635,580
14636,590
14637,538
14638,477
14639,449
14640,484
14641,582
14642,582
14643,403
14644,510
14645,650
14646,532
14647,499
14648,571
14649,686
14650,518
14651,574
14652,429
14653,454
14654,595
14655,440
14656,572
14657,618
14658,607
14659,557
14660,627
14661,484
14662,572
14663,644
14664,572
14665,611
14666,483
14667,572
14668,582
14669,532
14670,687
14671,661
14672,681
14673,692
14674,668
14675,596
14676,424
14677,540
14678,622
14679,419
14680,646
14681,600
14682,514
14683,588
14684,425
14685,453
14686,569
14687,410
14688,426
14689,482
14690,689
14691,437
14692,486
14693,555
14694,685
14695,585
14696,581
14697,542
14698,605
14699,541
14700,584
14701,640
14702,407
14703,471
14704,687
14705,494
14706,556
14707,440
14708,668
14709,554
14710,674
14711,553
14712,452
14713,578
14714,639
14715,536
14716,654
14717,623
14718,579
14719,581
14720,658
14721,642
14722,495
14723,596
14724,413
14725,519
14726,668
14727,570
14728,471
14729,578
14730,569
14731,558
14732,553
14733,481
14734,456
14735,406
14736,511
14737,447
14738,479
14739,432
14740,514
14741,402
14742,403
14743,659
14744,441
14745,408
14746,544
14747,496
14748,675
14749,541
14750,677
14751,426
14752,442
14753,530
14754,615
14755,493
14756,407
14757,485
14758,537
14759,645
14760,420
14761,664
14762,547
14763,583
14764,626
14765,691
14766,435
14767,645
14768,472
14769,549
14770,400
14771,468
14772,692
14773,629
14774,610
14775,471
14776,495
14777,483
14778,627
14779,698
14780,635
14781,692
14782,621
14783,622
14784,680
14785,620
14786,615
14787,630
14788,568
14789,441
14790,657
14791,595
14792,495
14793,413
14794,512
14795,476
14796,676
14797,559
14798,518
14799,560
14800,545
14801,562
14802,578
14803,488
14804,622
14805,665
14806,638
14807,433
14808,566
14809,524
14810,623
14811,549
14812,588
14813,442
14814,428
14815,519
14816,430
14817,580
14818,561
14819,527
14820,654
14821,693
14822,653
14823,529
14824,411
14825,434
14826,597
14827,647
14828,509
14829,644
14830,649
14831,562
14832,447
14833,470
14834,533
14835,638
14836,467
14837,677
14838,431
14839,522
14840,421
14841,554
14842,509
14843,670
14844,699
14845,514
14846,619
14847,629
14848,651
14849,648
14850,408
14851,433
14852,627
14853,472
14854,611
14855,471
14856,457
14857,619
14858,674
14859,648
14860,415
14861,474
14862,505
14863,535
14864,473
14865,653
14866,417
14867,442
14868,449
14869,402
14870,631
14871,618
14872,458
14873,683
14874,463
14875,469
14876,541
14877,601
14878,606
14879,620
14880,645
14881,480
14882,650
14883,450
14884,684
14885,603
14886,424
14887,440
14888,468
14889,403
14890,639
14891,430
14892,516
14893,594
14894,489
14895,577
14896,544
14897,601
14898,602
14899,423
14900,504
14901,674
14902,459
14903,414
14904,484
14905,596
14906,634
14907,662
14908,405
14909,688
14910,457
14911,544
14912,441
14913,599
14914,573
14915,494
14916,616
14917,510
14918,579
14919,562
14920,518
14921,627
14922,544
14923,541
14924,521
14925,684
14926,625
14927,656
14928,684
14929,564
14930,620
14931,468
14932,623
14933,523
14934,411
14935,451
14936,528
14937,534
14938,544
14939,526
14940,625
14941,470
14942,672
14943,586
14944,402
14945,684
14946,421
14947,565
14948,645
14949,633
14950,557
14951,550
14952,612
14953,617
14954,645
14955,675
14956,550
14957,595
14958,420
14959,656
14960,416
14961,450
14962,669
14963,482
14964,523
14965,689
14966,661
14967,448
14968,405
14969,516
14970,517
14971,662
14972,528
14973,570
14974,426
14975,598
14976,496
14977,416
14978,572
14979,500
14980,585
14981,583
14982,614
14983,650
14984,615
14985,428
14986,501
14987,522
14988,453
14989,682
14990,501
14991,516
14992,503
14993,444
14994,513
14995,430
14996,563
14997,588
14998,692
14999,594
15000,691
15001,660
15002,606
15003,451
15004,448
15005,405
15006,623
15007,422
15008,544
15009,509
15010,611
15011,699
15012,440
15013,571
15014,585
15015,613
15016,451
15017,469
15018,595
15019,550
15020,508
15021,517
15022,494
15023,655
15024,443
15025,466
15026,555
15027,605
15028,673
15029,554
15030,578
15031,459
15032,473
15033,448
15034,670
15035,472
15036,595
15037,578
15038,447
15039,471
15040,512
15041,644
15042,558
15043,673
15044,667
15045,429
15046,496
15047,650
15048,406
15049,491
15050,512
15051,658
15052,506
15053,462
15054,670
15055,598
15056,545
15057,460
15058,519
15059,460
15060,425
15061,514
15062,439
15063,515
15064,535
15065,676
15066,698
15067,420
15068,430
15069,646
15070,426
15071,472
15072,496
15073,560
15074,699
15075,698
15076,686
15077,611
15078,475
15079,542
15080,433
15081,403
15082,497
15083,616
15084,427
15085,600
15086,672
15087,526
15088,601
15089,408
15090,686
15091,487
15092,418
15093,480
15094,506
15095,629
15096,511
15097,619
15098,522
15099,643
15100,577
15101,464
15102,402
15103,606
15104,420
15105,692
15106,414
15107,605
15108,601
15109,519
15110,536
15111,699
15112,694
15113,424
15114,633
15115,520
15116,489
15117,599
15118,579
15119,475
15120,536
15121,537
15122,409
15123,600
15124,618
15125,459
15126,546
15127,506
15128,437
15129,533
15130,620
15131,532
15132,452
15133,461
15134,422
15135,443
15136,445
15137,546
15138,615
15139,446
15140,423
15141,544
15142,488
15143,573
15144,463
15145,518
15146,622
15147,555
15148,577
15149,455
15150,458
15151,619
15152,584
15153,446
15154,501
15155,443
15156,414
15157,635
15158,450
15159,433
15160,523
15161,476
15162,522
15163,604
15164,627
15165,469
15166,629
15167,420
15168,507
15169,640
15170,650
15171,534
15172,489
15173,478
15174,576
15175,697
15176,501
15177,511
15178,580
15179,503
15180,415
15181,495
15182,692
15183,545
15184,401
15185,518
15186,493
15187,590
15188,402
15189,510
15190,576
15191,656
15192,421
15193,619
15194,572
15195,623
15196,464
15197,676
15198,648
15199,659
15200,530
15201,512
15202,685
15203,686
15204,610
15205,419
15206,614
15207,650
15208,670
15209,579
15210,593
15211,478
15212,579
15213,562
15214,601
15215,413
15216,645
15217,413
15218,498
15219,432
15220,656
15221,433
15222,418
15223,551
15224,659
15225,563
15226,476
15227,536
15228,607
15229,641
15230,466
15231,515
15232,601
15233,649
15234,677
15235,511
15236,633
15237,575
15238,542
15239,431
15240,580
15241,466
15242,403
15243,685
15244,668
15245,635
15246,676
15247,440
15248,520
15249,674
15250,630
15251,485
15252,462
15253,591
15254,692
15255,430
15256,545
15257,506
15258,509
15259,675
15260,609
15261,538
15262,485
15263,443
15264,481
15265,463
15266,454
15267,473
15268,528
15269,655
15270,630
15271,536
15272,511
15273,545
15274,432
15275,659
15276,486
15277,664
15278,429
15279,631
15280,475
15281,528
15282,670
15283,488
15284,569
15285,527
15286,573
15287,425
15288,460
15289,466
15290,425
15291,482
15292,459
15293,438
15294,522
15295,691
15296,676
15297,681
15298,590
15299,691
15300,551
15301,632
15302,545
15303,670
15304,533
15305,570
15306,427
15307,535
15308,640
15309,627
15310,686
15311,433
15312,401
15313,594
15314,493
15315,534
15316,603
15317,649
15318,546
15319,653
15320,575
15321,524
15322,650
15323,530
15324,449
15325,492
15326,619
15327,419
15328,604
15329,490
15330,572
15331,588
15332,401
15333,567
15334,423
15335,467
15336,593
15337,483
15338,606
15339,448
15340,431
15341,569
15342,528
15343,501
15344,434
15345,598
15346,476
15347,413
15348,530
15349,637
15350,679
15351,464
15352,537
15353,668
15354,627
15355,600
15356,541
15357,499
15358,537
15359,567
15360,498
15361,465
15362,446
15363,630
15364,545
15365,606
15366,545
15367,551
15368,678
15369,539
15370,550
15371,420
15372,653
15373,463
15374,617
15375,471
15376,561
15377,529
15378,468
15379,624
15380,645
15381,467
15382,506
15383,508
15384,502
15385,540
15386,464
15387,533
15388,598
15389,554
15390,478
15391,649
15392,486
15393,640
15394,487
15395,571
15396,416
15397,622
15398,693
15399,618
15400,633
15401,647
15402,451
15403,414
15404,511
15405,583
15406,406
15407,450
15408,640
15409,644
15410,585
15411,686
15412,491
15413,505
15414,412
15415,545
15416,518
15417,602
15418,540
15419,514
15420,551
15421,456
15422,556
15423,532
15424,562
15425,674
15426,582
15427,476
15428,443
15429,605
15430,437
15431,421
15432,472
15433,640
15434,553
15435,636
15436,404
15437,620
15438,485
15439,576
15440,658
15441,619
15442,437
15443,541
15444,634
15445,602
15446,693
15447,571
15448,524
15449,464
15450,680
15451,671
15452,643
15453,414
15454,625
15455,530
15456,594
15457,692
15458,608
15459,512
15460,643
15461,565
15462,590
15463,656
15464,617
15465,674
15466,451
15467,557
15468,454
15469,413
15470,668
15471,489
15472,426
15473,488
15474,440
15475,667
15476,537
15477,405
15478,641
15479,561
15480,579
15481,696
15482,405
15483,670
15484,671
15485,555
15486,484
15487,599
15488,409
15489,537
15490,641
15491,600
15492,555
15493,674
15494,624
15495,467
15496,583
15497,594
15498,441
15499,550
15500,483
15501,533
15502,697
15503,429
15504,408
15505,569
15506,689
15507,567
15508,544
15509,627
15510,475
15511,622
15512,576
15513,588
15514,445
15515,416
15516,465
15517,660
15518,522
15519,630
15520,524
15521,511
15522,671
15523,480
15524,645
15525,614
15526,634
15527,481
15528,693
15529,475
15530,414
15531,619
15532,629
15533,664
15534,663
15535,509
15536,599
15537,625
15538,584
15539,430
15540,501
15541,658
15542,498
15543,698
15544,684
15545,665
15546,539
15547,685
15548,615
15549,431
15550,487
15551,462
15552,678
15553,473
15554,523
15555,668
15556,684
15557,520
15558,611
15559,547
15560,477
15561,413
15562,535
15563,679
15564,478
15565,642
15566,592
15567,641
15568,450
15569,631
15570,658
15571,617
15572,605
15573,519
15574,479
15575,441
15576,420
15577,409
15578,552
15579,693
15580,485
15581,512
15582,588
15583,511
15584,574
15585,403
15586,621
15587,620
15588,570
15589,612
15590,652
15591,523
15592,527
15593,612
15594,511
15595,484
15596,403
15597,464
15598,519
15599,642
15600,536
15601,646
15602,444
15603,545
15604,575
15605,441
15606,696
15607,488
15608,617
15609,627
15610,697
15611,690
15612,466
15613,650
15614,440
15615,498
15616,478
15617,598
15618,546
15619,505
15620,592
15621,521
15622,476
15623,511
15624,696
15625,569
15626,405
15627,596
15628,497
15629,629
15630,567
15631,696
15632,664
15633,407
15634,571
15635,594
15636,668
15637,418
15638,448
15639,557
15640,465
15641,458
15642,558
15643,670
15644,520
15645,653
15646,660
15647,534
15648,673
15649,455
15650,495
15651,513
15652,427
15653,401
15654,611
15655,467
15656,527
15657,423
15658,652
15659,629
15660,575
15661,620
15662,435
15663,401
15664,673
15665,576
15666,663
15667,585
15668,414
15669,678
15670,593
15671,597
15672,463
15673,689
15674,417
15675,463
15676,650
15677,416
15678,540
15679,644
15680,689
15681,486
15682,598
15683,560
15684,539
15685,475
15686,418
15687,449
15688,631
15689,694
15690,411
15691,414
15692,427
15693,691
15694,649
15695,497
15696,438
15697,437
15698,699
15699,578
15700,496
15701,681
15702,637
15703,563
15704,496
15705,656
15706,661
15707,692
15708,657
15709,648
15710,644
15711,650
15712,522
15713,568
15714,574
15715,668
15716,603
15717,465
15718,458
15719,618
15720,665
15721,540
15722,635
15723,617
15724,414
15725,537
15726,631
15727,488
15728,476
15729,535
15730,509
15731,490
15732,589
15733,472
15734,572
15735,434
15736,609
15737,697
15738,532
15739,682
15740,597
15741,431
15742,535
15743,647
15744,545
15745,542
15746,633
15747,443
15748,431
15749,630
15750,427
15751,559
15752,606
15753,417
15754,502
15755,469
15756,518
15757,538
15758,559
15759,631
15760,547
15761,642
15762,434
15763,638
15764,548
15765,510
15766,416
15767,625
15768,539
15769,543
15770,659
15771,616
15772,561
15773,491
15774,573
15775,604
15776,552
15777,502
15778,601
15779,679
15780,464
15781,516
15782,552
15783,555
15784,563
15785,481
15786,405
15787,466
15788,637
15789,471
15790,494
15791,477
15792,466
15793,575
15794,571
15795,654
15796,462
15797,645
15798,591
15799,470
15800,628
15801,462
15802,696
15803,644
15804,406
15805,659
15806,488
15807,576
15808,603
15809,533
15810,481
15811,420
15812,527
15813,594
15814,593
15815,583
15816,646
15817,559
15818,593
15819,509
15820,465
15821,653
15822,682
15823,459
15824,517
15825,443
15826,609
15827,435
15828,418
15829,490
15830,611
15831,621
15832,616
15833,622
15834,497
15835,418
15836,696
15837,425
15838,427
15839,463
15840,622
15841,479
15842,450
15843,501
15844,575
15845,409
15846,636
15847,499
15848,627
15849,463
15850,418
15851,540
15852,424
15853,627
15854,488
15855,491
15856,441
15857,694
15858,480
15859,506
15860,510
15861,676
15862,613
15863,630
15864,520
15865,533
15866,607
15867,656
15868,584
15869,685
15870,579
15871,447
15872,486
15873,418
15874,445
15875,455
15876,628
15877,544
15878,491
15879,481
15880,624
15881,478
15882,549
15883,682
15884,559
15885,555
15886,555
15887,601
15888,516
15889,553
15890,518
15891,598
15892,662
15893,583
15894,547
15895,565
15896,474
15897,635
15898,671
15899,578
15900,682
15901,450
15902,474
15903,543
15904,587
15905,522
15906,650
15907,695
15908,529
15909,651
15910,579
15911,509
15912,477
15913,401
15914,675
15915,689
15916,696
15917,568
15918,639
15919,422
15920,693
15921,571
15922,685
15923,592
15924,568
15925,517
15926,405
15927,531
15928,492
15929,650
15930,409
15931,450
15932,693
15933,528
15934,648
15935,501
15936,482
15937,590
15938,542
15939,636
15940,686
15941,676
15942,690
15943,568
15944,543
15945,583
15946,444
15947,642
15948,667
15949,652
15950,688
15951,611
15952,576
15953,420
15954,451
15955,632
15956,522
15957,499
15958,613
15959,534
15960,617
15961,487
15962,679
15963,439
15964,639
15965,535
15966,581
15967,664
15968,658
15969,581
15970,420
15971,595
15972,611
15973,415
15974,601
15975,617
15976,492
15977,532
15978,538
15979,556
15980,469
15981,414
15982,634
15983,611
15984,689
15985,459
15986,651
15987,401
15988,635
15989,418
15990,448
15991,477
15992,427
15993,447
15994,495
15995,564
15996,575
15997,472
15998,428
15999,556
16000,678
16001,682
16002,406
16003,581
16004,508
16005,605
16006,633
16007,586
16008,407
16009,452
16010,598
16011,536
16012,658
16013,571
16014,485
16015,445
16016,585
16017,555
16018,408
16019,514
16020,553
16021,529
16022,480
16023,689
16024,546
16025,694
16026,668
16027,532
16028,449
16029,422
16030,487
16031,511
16032,510
16033,471
16034,553
16035,456
16036,656
16037,555
16038,512
16039,446
16040,637
16041,505
16042,586
16043,558
16044,597
16045,576
16046,660
16047,686
16048,692
16049,542
16050,596
16051,624
16052,442
16053,550
16054,695
16055,462
16056,529
16057,654
16058,613
16059,472
16060,503
16061,557
16062,671
16063,637
16064,557
16065,508
16066,408
16067,458
16068,591
16069,535
16070,650
16071,545
16072,457
16073,576
16074,687
16075,644
16076,447
16077,499
16078,612
16079,564
16080,525
16081,520
16082,487
16083,616
16084,460
16085,578
16086,589
16087,562
16088,480
16089,569
16090,595
16091,602
16092,446
16093,557
16094,593
16095,678
16096,668
16097,598
16098,623
16099,662
16100,565
16101,579
16102,591
16103,615
16104,683
16105,506
16106,497
16107,629
16108,656
16109,442
16110,641
16111,441
16112,494
16113,653
16114,587
16115,566
16116,670
16117,524
16118,560
16119,486
16120,625
16121,544
16122,647
16123,405
16124,430
16125,596
16126,631
16127,695
16128,534
16129,412
16130,403
16131,577
16132,633
16133,658
16134,539
16135,464
16136,682
16137,604
16138,416
16139,599
16140,431
16141,611
16142,672
16143,689
16144,690
16145,633
16146,581
16147,545
16148,449
16149,502
16150,432
16151,488
16152,640
16153,665
16154,622
16155,635
16156,552
16157,456
16158,511
16159,414
16160,668
16161,513
16162,651
16163,541
16164,513
16165,689
16166,424
16167,654
16168,667
16169,525
16170,649
16171,686
16172,452
16173,442
16174,565
16175,441
16176,575
16177,466
16178,465
16179,482
16180,504
16181,686
16182,585
16183,683
16184,403
16185,537
16186,578
16187,636
16188,417
16189,408
16190,428
16191,543
16192,548
16193,463
16194,586
16195,626
16196,517
16197,653
16198,430
16199,560
16200,614
16201,568
16202,480
16203,445
16204,448
16205,697
16206,682
16207,487
16208,520
16209,402
16210,626
16211,478
16212,544
16213,641
16214,431
16215,662
16216,610
16217,470
16218,596
16219,457
16220,511
16221,447
16222,584
16223,564
16224,614
16225,520
16226,612
16227,440
16228,688
16229,567
16230,433
16231,674
16232,596
16233,590
16234,620
16235,409
16236,519
16237,522
16238,646
16239,620
16240,660
16241,457
16242,527
16243,586
16244,604
16245,485
16246,503
16247,542
16248,604
16249,528
16250,645
16251,437
16252,508
16253,451
16254,400
16255,410
16256,634
16257,527
16258,613
16259,642
16260,443
16261,405
16262,555
16263,407
16264,404
16265,581
16266,511
16267,672
16268,664
16269,611
16270,477
16271,669
16272,553
16273,620
16274,424
16275,607
16276,402
16277,614
16278,511
16279,591
16280,446
16281,620
16282,586
16283,449
16284,596
16285,615
16286,620
16287,489
16288,631
16289,657
16290,552
16291,655
16292,657
16293,464
16294,589
16295,490
16296,572
16297,646
16298,655
16299,515
16300,448
16301,626
16302,468
16303,525
16304,612
16305,452
16306,511
16307,558
16308,639
16309,549
16310,538
16311,512
16312,542
16313,537
16314,430
16315,692
16316,507
16317,683
16318,558
16319,413
16320,521
16321,614
16322,671
16323,424
16324,693
16325,568
16326,502
16327,439
16328,634
16329,488
16330,499
16331,543
16332,481
16333,476
16334,458
16335,628
16336,490
16337,400
16338,668
16339,685
16340,596
16341,673
16342,477
16343,540
16344,687
16345,470
16346,449
16347,479
16348,634
16349,686
16350,554
16351,459
16352,432
16353,526
16354,620
16355,599
16356,525
16357,440
16358,674
16359,696
16360,484
16361,488
16362,441
16363,519
16364,678
16365,432
16366,675
16367,552
16368,489
16369,503
16370,411
16371,559
16372,595
16373,661
16374,490
16375,596
16376,468
16377,619
16378,613
16379,545
16380,632
16381,633
16382,613
16383,460
16384,477
16385,494
16386,615
16387,612
16388,599
16389,430
16390,689
16391,534
16392,482
16393,446
16394,605
16395,476
16396,658
16397,491
16398,499
16399,594
16400,591
16401,467
16402,641
16403,489
16404,409
16405,663
16406,667
16407,517
16408,649
16409,458
16410,594
16411,449
16412,695
16413,496
16414,526
16415,645
16416,486
16417,476
16418,603
16419,545
16420,548
16421,510
16422,528
16423,652
16424,565
16425,696
16426,536
16427,678
16428,410
16429,470
16430,558
16431,615
16432,425
16433,685
16434,561
16435,501
16436,468
16437,532
16438,588
16439,610
16440,642
16441,565
16442,460
16443,678
16444,512
16445,429
16446,560
16447,633
16448,569
16449,585
16450,456
16451,639
16452,656
16453,600
16454,505
16455,689
16456,500
16457,496
16458,552
16459,428
16460,552
16461,472
16462,653
16463,403
16464,636
16465,437
16466,419
16467,512
16468,422
16469,535
16470,647
16471,496
16472,432
16473,534
16474,654
16475,677
16476,532
16477,637
16478,414
16479,676
16480,525
16481,416
16482,449
16483,534
16484,517
16485,459
16486,524
16487,515
16488,572
16489,586
16490,487
16491,602
16492,581
16493,567
16494,580
16495,699
16496,529
16497,548
16498,608
16499,510
16500,536
16501,610
16502,545
16503,483
16504,429
16505,464
16506,423
16507,610
16508,621
16509,489
16510,505
16511,571
16512,629
16513,476
16514,467
16515,491
16516,487
16517,449
16518,502
16519,445
16520,578
16521,666
16522,667
16523,407
16524,664
16525,477
16526,639
16527,657
16528,595
16529,530
16530,660
16531,641
16532,570
16533,546
16534,669
16535,548
16536,698
16537,427
16538,548
16539,679
16540,581
16541,565
16542,416
16543,549
16544,444
16545,588
16546,538
16547,460
16548,693
16549,432
16550,698
16551,511
16552,690
16553,436
16554,499
16555,422
16556,617
16557,488
16558,608
16559,670
16560,636
16561,608
16562,677
16563,605
16564,477
16565,497
16566,493
16567,479
16568,437
16569,627
16570,533
16571,595
16572,681
16573,500
16574,474
16575,693
16576,607
16577,482
16578,542
16579,455
16580,686
16581,610
16582,578
16583,457
16584,472
16585,614
16586,665
16587,472
16588,670
16589,633
16590,418
16591,512
16592,462
16593,583
16594,676
16595,561
16596,642
16597,544
16598,545
16599,480
16600,442
16601,692
16602,575
16603,468
16604,455
16605,518
16606,603
16607,454
16608,437
16609,642
16610,600
16611,635
16612,414
16613,543
16614,476
16615,662
16616,584
16617,454
16618,403
16619,698
16620,439
16621,629
16622,685
16623,537
16624,502
16625,406
16626,563
16627,675
16628,448
16629,495
16630,458
16631,630
16632,576
16633,489
16634,681
16635,435
16636,570
16637,525
16638,698
16639,603
16640,688
16641,496
16642,637
16643,572
16644,487
16645,416
16646,539
16647,653
16648,677
16649,550
16650,539
16651,513
16652,467
16653,578
16654,524
16655,632
16656,546
16657,510
16658,637
16659,402
16660,610
16661,424
16662,583
16663,460
16664,522
16665,454
16666,562
16667,586
16668,438
16669,584
16670,482
16671,594
16672,433
16673,512
16674,629
16675,682
16676,686
16677,554
16678,564
16679,581
16680,638
16681,536
16682,665
16683,586
16684,439
16685,566
16686,659
16687,542
16688,603
16689,575
16690,661
16691,651
16692,599
16693,598
16694,595
16695,476
16696,418
16697,461
16698,680
16699,649
16700,626
16701,526
16702,457
16703,603
16704,642
16705,651
16706,598
16707,639
16708,538
16709,521
16710,448
16711,514
16712,650
16713,406
16714,618
16715,476
16716,578
16717,544
16718,553
16719,520
16720,523
16721,549
16722,667
16723,400
16724,560
16725,643
16726,650
16727,463
16728,698
16729,647
16730,696
16731,514
16732,694
16733,400
16734,440
16735,572
16736,487
16737,497
16738,487
16739,650
16740,540
16741,470
16742,536
16743,498
16744,550
16745,574
16746,566
16747,656
16748,623
16749,464
16750,468
16751,466
16752,449
16753,490
16754,514
16755,456
16756,417
16757,671
16758,529
16759,668
16760,479
16761,698
16762,601
16763,624
16764,558
16765,603
16766,536
16767,472
16768,447
16769,417
16770,666
16771,418
16772,499
16773,515
16774,473
16775,679
16776,668
16777,524
16778,515
16779,573
16780,580
16781,625
16782,556
16783,563
16784,470
16785,621
16786,525
16787,544
16788,575
16789,551
16790,581
16791,484
16792,520
16793,528
16794,405
16795,582
16796,437
16797,515
16798,501
16799,407
16800,617
16801,606
16802,477
16803,454
16804,627
16805,487
16806,409
16807,689
16808,563
16809,638
16810,543
16811,417
16812,470
16813,574
16814,687
16815,698
16816,647
16817,592
16818,667
16819,603
16820,522
16821,457
16822,600
16823,511
16824,527
16825,435
16826,633
16827,446
16828,514
16829,654
16830,622
16831,523
16832,559
16833,495
16834,506
16835,519
16836,500
16837,502
16838,565
16839,585
16840,431
16841,465
16842,578
16843,666
16844,436
16845,600
16846,448
16847,674
16848,567
16849,662
16850,532
16851,697
16852,575
16853,410
16854,600
16855,696
16856,402
16857,613
16858,695
16859,431
16860,447
16861,651
16862,598
16863,488
16864,508
16865,690
16866,507
16867,439
16868,451
16869,511
16870,694
16871,467
16872,588
16873,608
16874,464
16875,461
16876,657
16877,533
16878,521
16879,570
16880,609
16881,695
16882,488
16883,566
16884,427
16885,637
16886,462
16887,654
16888,440
16889,428
16890,678
16891,479
16892,450
16893,511
16894,489
16895,628
16896,549
16897,642
16898,537
16899,534
16900,488
16901,414
16902,573
16903,489
16904,612
16905,460
16906,619
16907,460
16908,565
16909,411
16910,615
16911,476
16912,631
16913,511
16914,465
16915,581
16916,603
16917,605
16918,685
16919,504
16920,641
16921,634
16922,575
16923,610
16924,430
16925,634
16926,641
16927,552
16928,595
16929,668
16930,569
16931,631
16932,583
16933,674
16934,431
16935,576
16936,464
16937,597
16938,426
16939,550
16940,667
16941,484
16942,465
16943,532
16944,481
16945,497
16946,472
16947,429
16948,524
16949,609
16950,671
16951,612
16952,532
16953,556
16954,446
16955,421
16956,482
16957,633
16958,459
16959,587
16960,457
16961,658
16962,561
16963,401
16964,670
16965,542
16966,587
16967,623
16968,579
16969,422
16970,436
16971,506
16972,696
16973,628
16974,496
16975,680
16976,509
16977,436
16978,439
16979,484
16980,587
16981,639
16982,418
16983,660
16984,557
16985,511
16986,543
16987,655
16988,417
16989,583
16990,686
16991,530
16992,680
16993,644
16994,407
16995,592
16996,406
16997,535
16998,418
16999,538
17000,576
17001,410
17002,440
17003,513
17004,579
17005,593
17006,595
17007,624
17008,660
17009,515
17010,549
17011,517
17012,564
17013,651
17014,666
17015,443
17016,580
17017,476
17018,515
17019,466
17020,412
17021,491
17022,645
17023,666
17024,538
17025,643
17026,672
17027,590
17028,496
17029,604
17030,536
17031,476
17032,436
17033,685
17034,534
17035,541
17036,653
17037,447
17038,654
17039,533
17040,689
17041,607
17042,500
17043,445
17044,469
17045,535
17046,679
17047,466
17048,403
17049,623
17050,400
17051,689
17052,508
17053,664
17054,462
17055,665
17056,537
17057,443
17058,661
17059,615
17060,520
17061,551
17062,612
17063,633
17064,510
17065,621
17066,625
17067,609
17068,470
17069,488
17070,661
17071,587
17072,511
17073,638
17074,655
17075,549
17076,526
17077,673
17078,538
17079,502
17080,641
17081,516
17082,613
17083,416
17084,578
17085,623
17086,669
17087,533
17088,513
17089,531
17090,538
17091,631
17092,491
17093,666
17094,498
17095,606
17096,407
17097,492
17098,557
17099,498
17100,624
17101,607
17102,472
17103,458
17104,686
17105,463
17106,655
17107,447
17108,678
17109,597
17110,557
17111,406
17112,647
17113,631
17114,505
17115,497
17116,667
17117,459
17118,539
17119,589
17120,524
17121,562
17122,459
17123,430
17124,475
17125,642
17126,657
17127,589
17128,695
17129,576
17130,687
17131,693
17132,606
17133,614
17134,540
17135,484
17136,581
17137,527
17138,668
17139,438
17140,422
17141,641
17142,506
17143,541
17144,544
17145,679
17146,644
17147,590
17148,689
17149,578
17150,511
17151,613
17152,537
17153,599
17154,406
17155,412
17156,479
17157,685
17158,558
17159,671
17160,600
17161,549
17162,695
17163,692
17164,671
17165,442
17166,414
17167,647
17168,571
17169,617
17170,536
17171,626
17172,443
17173,419
17174,518
17175,633
17176,661
17177,482
17178,430
17179,673
17180,633
17181,427
17182,651
17183,652
17184,638
17185,574
17186,593
17187,579
17188,694
17189,614
17190,602
17191,649
17192,656
17193,474
17194,601
17195,541
17196,605
17197,598
17198,570
17199,627
17200,578
17201,674
17202,461
17203,603
17204,532
17205,471
17206,477
17207,588
17208,470
17209,662
17210,445
17211,623
17212,649
17213,475
17214,473
17215,541
17216,472
17217,501
17218,493
17219,468
17220,464
17221,592
17222,461
17223,419
17224,640
17225,602
17226,699
17227,594
17228,461
17229,506
17230,524
17231,666
17232,601
17233,561
17234,511
17235,431
17236,497
17237,646
17238,660
17239,590
17240,428
17241,447
17242,649
17243,625
17244,671
17245,552
17246,684
17247,579
17248,552
17249,633
17250,422
17251,493
17252,644
17253,689
17254,559
17255,684
17256,408
17257,584
17258,694
17259,534
17260,509
17261,468
17262,535
17263,495
17264,518
17265,673
17266,576
17267,636
17268,671
17269,676
17270,537
17271,531
17272,443
17273,522
17274,535
17275,525
17276,674
17277,463
17278,695
17279,631
17280,450
17281,536
17282,557
17283,455
17284,480
17285,631
17286,527
17287,525
17288,479
17289,574
17290,544
17291,525
17292,581
17293,618
17294,677
17295,482
17296,540
17297,494
17298,593
17299,509
17300,451
17301,502
17302,500
17303,541
17304,600
17305,598
17306,683
17307,616
17308,445
17309,427
17310,401
17311,416
17312,476
17313,564
17314,496
17315,504
17316,423
17317,599
17318,434
17319,401
17320,688
17321,537
17322,461
17323,698
17324,596
17325,458
17326,664
17327,587
17328,462
17329,678
17330,429
17331,570
17332,420
17333,698
17334,600
17335,534
17336,671
17337,422
17338,486
17339,430
17340,520
17341,468
17342,533
17343,545
17344,662
17345,692
17346,485
17347,415
17348,615
17349,515
17350,517
17351,669
17352,561
17353,587
17354,503
17355,540
17356,566
17357,699
17358,427
17359,671
17360,449
17361,555
17362,520
17363,539
17364,415
17365,448
17366,563
17367,461
17368,553
17369,549
17370,472
17371,468
17372,576
17373,401
17374,518
17375,406
17376,654
17377,474
17378,594
17379,586
17380,402
17381,583
17382,672
17383,451
17384,662
17385,532
17386,624
17387,460
17388,415
17389,628
17390,594
17391,650
17392,447
17393,634
17394,520
17395,449
17396,440
17397,421
17398,581
17399,404
17400,544
17401,477
17402,630
17403,696
17404,608
17405,562
17406,567
17407,677
17408,636
17409,575
17410,452
17411,409
17412,545
17413,626
17414,635
17415,641
17416,470
17417,557
17418,418
17419,454
17420,614
17421,608
17422,420
17423,681
17424,648
17425,427
17426,695
17427,610
17428,684
17429,419
17430,419
17431,519
17432,496
17433,519
17434,424
17435,552
17436,644
17437,659
17438,403
17439,542
17440,681
17441,619
17442,559
17443,475
17444,498
17445,579
17446,526
17447,431
17448,664
17449,412
17450,601
17451,417
17452,492
17453,679
17454,459
17455,613
17456,499
17457,400
17458,442
17459,567
17460,591
17461,433
17462,433
17463,575
17464,595
17465,557
17466,644
17467,470
17468,513
17469,684
17470,542
17471,496
17472,611
17473,584
17474,604
17475,615
17476,645
17477,638
17478,692
17479,407
17480,477
17481,676
17482,601
17483,613
17484,493
17485,474
17486,556
17487,552
17488,541
17489,477
17490,581
17491,594
17492,557
17493,545
17494,453
17495,676
17496,482
17497,555
17498,403
17499,670
17500,463
17501,511
17502,638
17503,543
17504,419
17505,463
17506,688
17507,480
17508,596
17509,468
17510,585
17511,566
17512,604
17513,563
17514,493
17515,648
17516,467
17517,420
17518,484
17519,423
17520,510
17521,482
17522,477
17523,539
17524,670
17525,568
17526,596
17527,661
17528,614
17529,466
17530,628
17531,560
17532,521
17533,548
17534,592
17535,630
17536,510
17537,544
17538,620
17539,463
17540,525
17541,617
17542,683
17543,635
17544,412
17545,552
17546,638
17547,589
17548,550
17549,485
17550,420
17551,581
17552,557
17553,475
17554,602
17555,628
17556,551
17557,662
17558,471
17559,624
17560,530
17561,427
17562,698
17563,496
17564,445
17565,400
17566,565
17567,644
17568,618
17569,501
17570,690
17571,603
17572,601
17573,453
17574,679
17575,677
17576,415
17577,412
17578,486
17579,477
17580,466
17581,610
17582,613
17583,584
17584,432
17585,514
17586,674
17587,597
17588,542
17589,627
17590,519
17591,423
17592,426
17593,474
17594,640
17595,422
17596,560
17597,440
17598,637
17599,638
17600,455
17601,497
17602,545
17603,661
17604,439
17605,592
17606,638
17607,441
17608,621
17609,595
17610,687
17611,409
17612,634
17613,664
17614,468
17615,538
17616,618
17617,595
17618,473
17619,502
17620,624
17621,522
17622,501
17623,663
17624,560
17625,632
17626,674
17627,657
17628,538
17629,626
17630,672
17631,485
17632,690
17633,616
17634,465
17635,656
17636,534
17637,454
17638,642
17639,651
17640,420
17641,562
17642,663
17643,467
17644,506
17645,466
17646,598
17647,591
17648,401
17649,656
17650,400
17651,514
17652,487
17653,596
17654,491
17655,673
17656,559
17657,572
17658,432
17659,472
17660,595
17661,683
17662,486
17663,623
17664,443
17665,537
17666,669
17667,435
17668,433
17669,487
17670,545
17671,415
17672,632
17673,440
17674,654
17675,680
17676,525
17677,407
17678,575
17679,627
17680,417
17681,455
17682,434
17683,517
17684,681
17685,653
17686,612
17687,460
17688,487
17689,670
17690,431
17691,532
17692,463
17693,598
17694,655
17695,554
17696,630
17697,434
17698,425
17699,422
17700,540
17701,684
17702,555
17703,512
17704,538
17705,608
17706,485
17707,684
17708,459
17709,453
17710,492
17711,664
17712,612
17713,409
17714,602
17715,595
17716,457
17717,655
17718,622
17719,579
17720,434
17721,502
17722,560
17723,599
17724,559
17725,582
17726,535
17727,625
17728,642
17729,505
17730,470
17731,476
17732,453
17733,676
17734,510
17735,623
17736,474
17737,413
17738,657
17739,588
17740,638
17741,490
17742,583
17743,416
17744,411
17745,565
17746,545
17747,681
17748,436
17749,469
17750,568
17751,569
17752,652
17753,696
17754,541
17755,672
17756,624
17757,582
17758,620
17759,452
17760,517
17761,558
17762,535
17763,476
17764,444
17765,417
17766,604
17767,482
17768,449
17769,680
17770,565
17771,642
17772,563
17773,455
17774,438
17775,527
17776,521
17777,646
17778,585
17779,607
17780,638
17781,614
17782,691
17783,623
17784,487
17785,424
17786,619
17787,674
17788,534
17789,632
17790,465
17791,479
17792,654
17793,524
17794,545
17795,502
17796,676
17797,523
17798,666
17799,677
17800,510
17801,488
17802,557
17803,615
17804,435
17805,486
17806,517
17807,581
17808,467
17809,558
17810,684
17811,563
17812,472
17813,518
17814,594
17815,488
17816,475
17817,620
17818,538
17819,640
17820,553
17821,452
17822,541
17823,430
17824,622
17825,691
17826,665
17827,681
17828,675
17829,443
17830,461
17831,600
17832,408
17833,470
17834,489
17835,423
17836,539
17837,477
17838,613
17839,415
17840,428
17841,690
17842,442
17843,452
17844,675
17845,631
17846,611
17847,407
17848,521
17849,441
17850,632
17851,469
17852,415
17853,468
17854,452
17855,572
17856,661
17857,688
17858,414
17859,669
17860,566
17861,462
17862,660
17863,520
17864,639
17865,506
17866,579
17867,415
17868,614
17869,476
17870,624
17871,492
17872,580
17873,573
17874,618
17875,542
17876,681
17877,658
17878,446
17879,404
17880,461
17881,483
17882,532
17883,462
17884,680
17885,443
17886,552
17887,669
17888,570
17889,555
17890,674
17891,419
17892,613
17893,478
17894,538
17895,497
17896,551
17897,597
17898,672
17899,555
17900,449
17901,627
17902,409
17903,548
17904,457
17905,561
17906,506
17907,688
17908,585
17909,445
17910,528
17911,486
17912,648
17913,656
17914,676
17915,677
17916,403
17917,464
17918,601
17919,462
17920,542
17921,643
17922,691
17923,684
17924,579
17925,573
17926,510
17927,574
17928,552
17929,616
17930,696
17931,639
17932,625
17933,585
17934,447
17935,607
17936,556
17937,624
17938,543
17939,510
17940,531
17941,512
17942,488
17943,560
17944,474
17945,680
17946,406
17947,512
17948,435
17949,665
17950,512
17951,691
17952,622
17953,610
17954,417
17955,640
17956,533
17957,619
17958,501
17959,539
17960,568
17961,590
17962,424
17963,432
17964,405
17965,593
17966,629
17967,536
17968,615
17969,582
17970,567
17971,681
17972,437
17973,562
17974,541
17975,647
17976,502
17977,598
17978,599
17979,441
17980,546
17981,465
17982,592
17983,697
17984,437
17985,540
17986,505
17987,551
17988,437
17989,496
17990,507
17991,518
17992,550
17993,473
17994,456
17995,651
17996,691
17997,654
17998,653
17999,658
18000,669
18001,433
18002,637
18003,578
18004,503
18005,428
18006,626
18007,631
18008,516
18009,606
18010,584
18011,537
18012,563
18013,474
18014,632
18015,683
18016,654
18017,408
18018,602
18019,490
18020,549
18021,575
18022,432
18023,583
18024,556
18025,452
18026,695
18027,601
18028,673
18029,574
18030,643
18031,668
18032,473
18033,495
18034,572
18035,554
18036,582
18037,688
18038,657
18039,474
18040,573
18041,630
18042,646
18043,560
18044,585
18045,542
18046,681
18047,527
18048,565
18049,426
18050,645
18051,534
18052,601
18053,420
18054,478
18055,557
18056,493
18057,407
18058,658
18059,454
18060,435
18061,405
18062,441
18063,449
18064,511
18065,545
18066,629
18067,610
18068,429
18069,694
18070,515
18071,625
18072,458
18073,475
18074,615
18075,531
18076,480
18077,466
18078,629
18079,676
18080,471
18081,608
18082,671
18083,543
18084,650
18085,683
18086,578
18087,479
18088,456
18089,573
18090,637
18091,565
18092,483
18093,447
18094,526
18095,568
18096,466
18097,593
18098,554
18099,559
18100,583
18101,665
18102,567
18103,544
18104,585
18105,661
18106,673
18107,622
18108,441
18109,403
18110,675
18111,683
18112,592
18113,503
18114,646
18115,699
18116,422
18117,412
18118,543
18119,617
18120,582
18121,641
18122,592
18123,671
18124,564
18125,579
18126,516
18127,665
18128,437
18129,443
18130,473
18131,625
18132,412
18133,411
18134,449
18135,648
18136,518
18137,456
18138,581
18139,663
18140,505
18141,590
18142,536
18143,587
18144,519
18145,641
18146,471
18147,642
18148,530
18149,668
18150,451
18151,461
18152,518
18153,663
18154,638
18155,654
18156,572
18157,636
18158,494
18159,456
18160,466
18161,445
18162,493
18163,537
18164,492
18165,631
18166,448
18167,422
18168,461
18169,666
18170,517
18171,487
18172,488
18173,454
18174,552
18175,638
18176,664
18177,667
18178,512
18179,565
18180,555
18181,407
18182,601
18183,616
18184,691
18185,449
18186,506
18187,408
18188,632
18189,587
18190,509
18191,544
18192,627
18193,513
18194,462
18195,674
18196,523
18197,485
18198,469
18199,446
18200,598
18201,600
18202,675
18203,436
18204,602
18205,529
18206,691
18207,463
18208,662
18209,519
18210,677
18211,601
18212,445
18213,567
18214,509
18215,445
18216,611
18217,427
18218,486
18219,690
18220,556
18221,664
18222,664
18223,421
18224,655
18225,590
18226,631
18227,585
18228,582
18229,601
18230,464
18231,442
18232,620
18233,416
18234,684
18235,582
18236,443
18237,587
18238,662
18239,573
18240,453
18241,619
18242,445
18243,659
18244,594
18245,460
18246,565
18247,559
18248,550
18249,510
18250,436
18251,402
18252,412
18253,561
18254,663
18255,482
18256,664
18257,618
18258,545
18259,697
18260,696
18261,560
18262,628
18263,633
18264,488
18265,614
18266,496
18267,612
18268,499
18269,544
18270,409
18271,443
18272,650
18273,626
18274,648
18275,568
18276,529
18277,418
18278,634
18279,400
18280,529
18281,426
18282,401
18283,649
18284,621
18285,537
18286,674
18287,540
18288,655
18289,494
18290,572
18291,456
18292,501
18293,568
18294,469
18295,448
18296,404
18297,601
18298,601
18299,578
18300,456
18301,585
18302,491
18303,691
18304,626
18305,511
18306,547
18307,668
18308,602
18309,455
18310,584
18311,453
18312,436
18313,610
18314,692
18315,669
18316,619
18317,627
18318,610
18319,697
18320,400
18321,422
18322,683
18323,587
18324,417
18325,448
18326,446
18327,514
18328,438
18329,616
18330,609
18331,661
18332,610
18333,452
18334,680
18335,532
18336,663
18337,694
18338,510
18339,442
18340,637
18341,646
18342,403
18343,572
18344,592
18345,402
18346,677
18347,455
18348,673
18349,575
18350,515
18351,483
18352,558
18353,685
18354,479
18355,465
18356,608
18357,409
18358,598
18359,458
18360,633
18361,643
18362,453
18363,408
18364,500
18365,694
18366,602
18367,552
18368,509
18369,665
18370,551
18371,482
18372,533
18373,559
18374,438
18375,575
18376,412
18377,466
18378,647
18379,440
18380,583
18381,434
18382,689
18383,475
18384,469
18385,633
18386,410
18387,682
18388,423
18389,673
18390,426
18391,453
18392,454
18393,632
18394,676
18395,519
18396,624
18397,457
18398,654
18399,575
18400,453
18401,545
18402,658
18403,551
18404,661
18405,418
18406,570
18407,596
18408,472
18409,484
18410,683
18411,531
18412,519
18413,615
18414,535
18415,515
18416,460
18417,416
18418,433
18419,419
18420,607
18421,561
18422,698
18423,409
18424,493
18425,506
18426,504
18427,470
18428,483
18429,608
18430,658
18431,638
18432,631
18433,681
18434,605
18435,663
18436,584
18437,513
18438,478
18439,449
18440,494
18441,657
18442,461
18443,541
18444,621
18445,510
18446,503
18447,414
18448,669
18449,558
18450,556
18451,426
18452,484
18453,408
18454,675
18455,626
18456,585
18457,478
18458,615
18459,456
18460,543
18461,466
18462,674
18463,504
18464,587
18465,563
18466,666
18467,450
18468,525
18469,479
18470,582
18471,416
18472,569
18473,679
18474,613
18475,597
18476,406
18477,410
18478,411
18479,509
18480,532
18481,527
18482,547
18483,453
18484,478
18485,496
18486,648
18487,526
18488,429
18489,423
18490,600
18491,530
18492,521
18493,549
18494,413
18495,428
18496,449
18497,639
18498,682
18499,555
18500,536
18501,553
18502,480
18503,486
18504,663
18505,657
18506,584
18507,579
18508,585
18509,522
18510,495
18511,492
18512,402
18513,401
18514,547
18515,684
18516,544
18517,661
18518,461
18519,625
18520,430
18521,589
18522,667
18523,411
18524,590
18525,424
18526,490
18527,487
18528,673
18529,510
18530,479
18531,539
18532,613
18533,417
18534,453
18535,496
18536,682
18537,633
18538,639
18539,453
18540,486
18541,660
18542,635
18543,522
18544,453
18545,615
18546,596
18547,438
18548,627
18549,636
18550,531
18551,567
18552,436
18553,466
18554,510
18555,618
18556,608
18557,486
18558,578
18559,412
18560,699
18561,524
18562,632
18563,650
18564,525
18565,634
18566,537
18567,448
18568,585
18569,604
18570,477
18571,593
18572,502
18573,504
18574,686
18575,610
18576,649
18577,692
18578,600
18579,423
18580,699
18581,482
18582,696
18583,578
18584,697
18585,605
18586,439
18587,512
18588,403
18589,507
18590,513
18591,566
18592,660
18593,505
18594,623
18595,661
18596,650
18597,413
18598,597
18599,525
18600,605
18601,539
18602,461
18603,682
18604,453
18605,411
18606,535
18607,543
18608,681
18609,535
18610,620
18611,608
18612,522
18613,515
18614,556
18615,669
18616,416
18617,668
18618,618
18619,637
18620,432
18621,684
18622,436
18623,502
18624,610
18625,679
18626,541
18627,638
18628,628
18629,532
18630,524
18631,452
18632,487
18633,497
18634,494
18635,587
18636,655
18637,472
18638,681
18639,417
18640,563
18641,545
18642,652
18643,559
18644,448
18645,575
18646,464
18647,688
18648,449
18649,403
18650,518
18651,563
18652,622
18653,555
18654,661
18655,572
18656,422
18657,460
18658,533
18659,423
18660,692
18661,444
18662,578
18663,462
18664,428
18665,495
18666,665
18667,690
18668,454
18669,552
18670,618
18671,572
18672,495
18673,522
18674,411
18675,403
18676,466
18677,544
18678,464
18679,481
18680,504
18681,580
18682,504
18683,625
18684,427
18685,415
18686,676
18687,697
18688,453
18689,687
18690,513
18691,437
18692,629
18693,565
18694,581
18695,604
18696,644
18697,520
18698,658
18699,609
18700,695
18701,593
18702,467
18703,513
18704,619
18705,619
18706,617
18707,636
18708,697
18709,493
18710,652
18711,614
18712,657
18713,639
18714,613
18715,497
18716,415
18717,553
18718,415
18719,597
18720,507
18721,422
18722,441
18723,436
18724,564
18725,515
18726,549
18727,405
18728,431
18729,544
18730,693
18731,692
18732,576
18733,576
18734,460
18735,476
18736,485
18737,590
18738,406
18739,484
18740,661
18741,658
18742,446
18743,493
18744,623
18745,678
18746,402
18747,528
18748,648
18749,628
18750,530
18751,627
18752,576
18753,430
18754,465
18755,605
18756,500
18757,430
18758,590
18759,465
18760,634
18761,677
18762,601
18763,624
18764,482
18765,445
18766,488
18767,585
18768,588
18769,645
18770,445
18771,656
18772,460
18773,504
18774,413
18775,476
18776,629
18777,566
18778,465
18779,431
18780,495
18781,457
18782,503
18783,533
18784,616
18785,466
18786,577
18787,646
18788,693
18789,634
18790,530
18791,511
18792,453
18793,689
18794,638
18795,639
18796,694
18797,511
18798,487
18799,627
18800,689
18801,607
18802,673
18803,469
18804,619
18805,630
18806,689
18807,654
18808,541
18809,468
18810,488
18811,535
18812,542
18813,586
18814,410
18815,547
18816,691
18817,437
18818,607
18819,609
18820,400
18821,464
18822,400
18823,642
18824,424
18825,449
18826,640
18827,431
18828,432
18829,599
18830,633
18831,425
18832,441
18833,460
18834,440
18835,529
18836,597
18837,686
18838,550
18839,603
18840,581
18841,606
18842,546
18843,603
18844,447
18845,657
18846,538
18847,571
18848,500
18849,586
18850,693
18851,420
18852,697
18853,409
18854,586
18855,532
18856,432
18857,468
18858,479
18859,590
18860,500
18861,684
18862,620
18863,452
18864,559
18865,441
18866,446
18867,558
18868,583
18869,645
18870,410
18871,553
18872,619
18873,554
18874,682
18875,586
18876,461
18877,547
18878,543
18879,502
18880,699
18881,492
18882,685
18883,518
18884,428
18885,429
18886,687
18887,537
18888,450
18889,691
18890,633
18891,454
18892,691
18893,639
18894,435
18895,488
18896,611
18897,644
18898,486
18899,639
18900,587
18901,456
18902,512
18903,622
18904,469
18905,626
18906,655
18907,579
18908,583
18909,590
18910,631
18911,675
18912,632
18913,453
18914,656
18915,489
18916,625
18917,646
18918,550
18919,512
18920,668
18921,556
18922,698
18923,558
18924,624
18925,413
18926,508
18927,495
18928,594
18929,457
18930,693
18931,553
18932,463
18933,557
18934,664
18935,520
18936,687
18937,410
18938,613
18939,561
18940,504
18941,546
18942,581
18943,436
18944,481
18945,411
18946,403
18947,442
18948,450
18949,660
18950,533
18951,486
18952,455
18953,616
18954,467
18955,443
18956,542
18957,441
18958,538
18959,472
18960,666
18961,593
18962,554
18963,645
18964,617
18965,652
18966,676
18967,676
18968,471
18969,528
18970,585
18971,412
18972,619
18973,405
18974,638
18975,511
18976,627
18977,416
18978,472
18979,411
18980,485
18981,579
18982,521
18983,603
18984,469
18985,507
18986,600
18987,451
18988,436
18989,516
18990,658
18991,663
18992,463
18993,441
18994,442
18995,524
18996,669
18997,632
18998,531
18999,401
19000,514
19001,400
19002,464
19003,524
19004,655
19005,542
19006,645
19007,515
19008,489
19009,695
19010,441
19011,434
19012,440
19013,523
19014,456
19015,693
19016,634
19017,495
19018,531
19019,575
19020,451
19021,437
19022,404
19023,612
19024,519
19025,608
19026,616
19027,423
19028,604
19029,625
19030,617
19031,610
19032,425
19033,651
19034,402
19035,401
19036,491
19037,401
19038,549
19039,470
19040,403
19041,437
19042,469
19043,600
19044,651
19045,686
19046,691
19047,553
19048,532
19049,473
19050,673
19051,670
19052,584
19053,404
19054,692
19055,485
19056,613
19057,414
19058,672
19059,450
19060,652
19061,444
19062,590
19063,521
19064,586
19065,613
19066,548
19067,569
19068,608
19069,481
19070,595
19071,645
19072,439
19073,567
19074,442
19075,610
19076,578
19077,422
19078,494
19079,559
19080,643
19081,416
19082,511
19083,502
19084,485
19085,434
19086,429
19087,591
19088,578
19089,503
19090,564
19091,521
19092,533
19093,689
19094,623
19095,424
19096,412
19097,629
19098,501
19099,602
19100,666
19101,621
19102,503
19103,510
19104,468
19105,657
19106,567
19107,692
19108,448
19109,649
19110,474
19111,600
19112,433
19113,510
19114,636
19115,431
19116,608
19117,531
19118,505
19119,432
19120,442
19121,506
19122,664
19123,625
19124,578
19125,621
19126,524
19127,675
19128,566
19129,550
19130,440
19131,699
19132,434
19133,630
19134,614
19135,500
19136,456
19137,614
19138,555
19139,463
19140,461
19141,461
19142,493
19143,425
19144,520
19145,449
19146,651
19147,435
19148,688
19149,499
19150,535
19151,593
19152,620
19153,678
19154,454
19155,509
19156,548
19157,664
19158,561
19159,586
19160,528
19161,507
19162,467
19163,465
19164,543
19165,452
19166,527
19167,606
19168,615
19169,467
19170,461
19171,609
19172,451
19173,515
19174,464
19175,529
19176,576
19177,677
19178,562
19179,551
19180,635
19181,557
19182,505
19183,654
19184,512
19185,429
19186,411
19187,576
19188,445
19189,570
19190,529
19191,644
19192,602
19193,625
19194,479
19195,434
19196,451
19197,560
19198,483
19199,425
19200,624
19201,553
19202,692
19203,494
19204,624
19205,666
19206,440
19207,532
19208,465
19209,609
19210,552
19211,571
19212,458
19213,583
19214,579
19215,411
19216,467
19217,601
19218,405
19219,414
19220,441
19221,430
19222,580
19223,661
19224,688
19225,420
19226,581
19227,583
19228,643
19229,548
19230,655
19231,499
19232,454
19233,585
19234,485
19235,573
19236,421
19237,643
19238,459
19239,503
19240,538
19241,558
19242,631
19243,476
19244,417
19245,421
19246,583
19247,544
19248,437
19249,680
19250,687
19251,542
19252,412
19253,585
19254,666
19255,668
19256,496
19257,693
19258,400
19259,694
19260,426
19261,435
19262,559
19263,430
19264,526
19265,661
19266,609
19267,549
19268,430
19269,499
19270,618
19271,652
19272,570
19273,656
19274,456
19275,408
19276,404
19277,513
19278,664
19279,572
19280,619
19281,604
19282,423
19283,569
19284,502
19285,459
19286,485
19287,654
19288,564
19289,566
19290,483
19291,601
19292,489
19293,488
19294,519
19295,555
19296,587
19297,587
19298,661
19299,451
19300,539
19301,418
19302,474
19303,629
19304,529
19305,454
19306,670
19307,499
19308,468
19309,698
19310,416
19311,515
19312,551
19313,515
19314,429
19315,450
19316,459
19317,628
19318,658
19319,404
19320,427
19321,653
19322,630
19323,599
19324,670
19325,445
19326,427
19327,406
19328,631
19329,598
19330,493
19331,481
19332,487
19333,585
19334,642
19335,467
19336,586
19337,638
19338,617
19339,507
19340,437
19341,675
19342,409
19343,425
19344,447
19345,413
19346,499
19347,586
19348,411
19349,678
19350,566
19351,521
19352,494
19353,424
19354,416
19355,428
19356,471
19357,669
19358,649
19359,694
19360,543
19361,673
19362,622
19363,474
19364,501
19365,419
19366,516
19367,573
19368,572
19369,403
19370,547
19371,513
19372,566
19373,699
19374,517
19375,499
19376,673
19377,574
19378,558
19379,626
19380,437
19381,597
19382,535
19383,503
19384,592
19385,649
19386,412
19387,454
19388,484
19389,508
19390,442
19391,470
19392,667
19393,458
19394,443
19395,671
19396,413
19397,511
19398,627
19399,568
19400,690
19401,645
19402,665
19403,642
19404,557
19405,699
19406,417
19407,482
19408,630
19409,652
19410,566
19411,441
19412,648
19413,647
19414,685
19415,419
19416,441
19417,486
19418,660
19419,696
19420,639
19421,566
19422,618
19423,532
19424,606
19425,450
19426,505
19427,583
19428,600
19429,410
19430,653
19431,549
19432,495
19433,505
19434,542
19435,565
19436,400
19437,445
19438,641
19439,677
19440,402
19441,541
19442,460
19443,693
19444,624
19445,569
19446,533
19447,440
19448,630
19449,625
19450,538
19451,509
19452,696
19453,456
19454,522
19455,639
19456,485
19457,575
19458,462
19459,438
19460,537
19461,640
19462,625
19463,605
19464,563
19465,426
19466,582
19467,597
19468,506
19469,588
19470,435
19471,484
19472,554
19473,568
19474,683
19475,671
19476,434
19477,583
19478,498
19479,636
19480,521
19481,422
19482,462
19483,549
19484,594
19485,479
19486,552
19487,416
19488,438
19489,601
19490,679
19491,487
19492,699
19493,691
19494,469
19495,523
19496,479
19497,444
19498,632
19499,553
19500,579
19501,430
19502,484
19503,444
19504,642
19505,439
19506,581
19507,696
19508,480
19509,437
19510,456
19511,429
19512,665
19513,626
19514,691
19515,453
19516,496
19517,403
19518,490
19519,488
19520,491
19521,549
19522,633
19523,458
19524,584
19525,443
19526,579
19527,475
19528,543
19529,500
19530,671
19531,454
19532,588
19533,476
19534,695
19535,618
19536,676
19537,465
19538,535
19539,633
19540,598
19541,665
19542,442
19543,627
19544,626
19545,462
19546,570
19547,649
19548,649
19549,637
19550,455
19551,570
19552,433
19553,529
19554,529
19555,550
19556,542
19557,517
19558,603
19559,634
19560,416
19561,481
19562,413
19563,480
19564,606
19565,603
19566,671
19567,431
19568,422
19569,501
19570,561
19571,497
19572,543
19573,503
19574,570
19575,463
19576,643
19577,470
19578,673
19579,524
19580,506
19581,547
19582,591
19583,625
19584,641
19585,683
19586,562
19587,407
19588,551
19589,494
19590,613
19591,463
19592,464
19593,669
19594,424
19595,499
19596,504
19597,530
19598,418
19599,624
19600,505
19601,453
19602,625
19603,414
19604,447
19605,538
19606,433
19607,609
19608,418
19609,595
19610,514
19611,474
19612,549
19613,435
19614,641
19615,550
19616,462
19617,553
19618,587
19619,622
19620,492
19621,404
19622,565
19623,424
19624,497
19625,667
19626,549
19627,651
19628,483
19629,684
19630,571
19631,620
19632,508
19633,426
19634,645
19635,454
19636,532
19637,451
19638,652
19639,668
19640,697
19641,478
19642,417
19643,657
19644,506
19645,446
19646,645
19647,488
19648,602
19649,639
19650,667
19651,412
19652,536
19653,572
19654,629
19655,597
19656,642
19657,442
19658,678
19659,478
19660,678
19661,631
19662,500
19663,561
19664,543
19665,508
19666,632
19667,510
19668,631
19669,637
19670,596
19671,672
19672,485
19673,694
19674,440
19675,447
19676,476
19677,577
19678,656
19679,516
19680,418
19681,458
19682,595
19683,506
19684,683
19685,433
19686,694
19687,650
19688,525
19689,505
19690,579
19691,509
19692,627
19693,520
19694,506
19695,530
19696,422
19697,544
19698,553
19699,506
19700,545
19701,651
19702,469
19703,430
19704,492
19705,536
19706,562
19707,480
19708,475
19709,462
19710,499
19711,447
19712,473
19713,591
19714,429
19715,556
19716,665
19717,655
19718,438
19719,454
19720,427
19721,517
19722,608
19723,474
19724,464
19725,499
19726,445
19727,555
19728,639
19729,658
19730,535
19731,597
19732,586
19733,515
19734,457
19735,469
19736,492
19737,628
19738,536
19739,504
19740,416
19741,453
19742,511
19743,571
19744,543
19745,484
19746,411
19747,651
19748,615
19749,525
19750,497
19751,427
19752,665
19753,451
19754,542
19755,531
19756,606
19757,461
19758,531
19759,440
19760,600
19761,498
19762,683
19763,446
19764,536
19765,529
19766,594
19767,516
19768,468
19769,427
19770,413
19771,445
19772,415
19773,608
19774,557
19775,626
19776,640
19777,457
19778,529
19779,616
19780,413
19781,642
19782,544
19783,502
19784,616
19785,463
19786,557
19787,561
19788,417
19789,615
19790,448
19791,455
19792,457
19793,554
19794,454
19795,418
19796,550
19797,507
19798,446
19799,606
19800,527
19801,584
19802,457
19803,542
19804,496
19805,446
19806,590
19807,539
19808,502
19809,630
19810,448
19811,511
19812,486
19813,681
19814,651
19815,473
19816,446
19817,475
19818,495
19819,430
19820,421
19821,416
19822,611
19823,547
19824,634
19825,486
19826,437
19827,452
19828,427
19829,476
19830,599
19831,572
19832,673
19833,449
19834,576
19835,626
19836,526
19837,420
19838,598
19839,588
19840,551
19841,559
19842,495
19843,474
19844,481
19845,527
19846,532
19847,538
19848,645
19849,690
19850,511
19851,602
19852,569
19853,486
19854,518
19855,497
19856,639
19857,537
19858,481
19859,635
19860,535
19861,681
19862,402
19863,458
19864,515
19865,530
19866,600
19867,691
19868,497
19869,615
19870,523
19871,472
19872,529
19873,426
19874,564
19875,467
19876,413
19877,497
19878,678
19879,646
19880,511
19881,606
19882,632
19883,460
19884,484
19885,582
19886,638
19887,649
19888,470
19889,627
19890,484
19891,670
19892,689
19893,635
19894,690
19895,438
19896,605
19897,582
19898,586
19899,532
19900,429
19901,654
19902,542
19903,502
19904,473
19905,454
19906,635
19907,459
19908,423
19909,421
19910,431
19911,402
19912,469
19913,559
19914,487
19915,458
19916,651
19917,618
19918,600
19919,476
19920,654
19921,646
19922,669
19923,538
19924,477
19925,479
19926,409
19927,523
19928,585
19929,433
19930,520
19931,479
19932,605
19933,452
19934,555
19935,673
19936,534
19937,497
19938,640
19939,444
19940,598
19941,690
19942,513
19943,676
19944,640
19945,555
19946,443
19947,479
19948,537
19949,550
19950,641
19951,542
19952,698
19953,449
19954,661
19955,560
19956,461
19957,454
19958,430
19959,689
19960,568
19961,665
19962,584
19963,402
19964,560
19965,659
19966,447
19967,653
19968,473
19969,565
19970,659
19971,403
19972,518
19973,672
19974,625
19975,469
19976,581
19977,663
19978,580
19979,404
19980,596
19981,446
19982,439
19983,521
19984,534
19985,539
19986,552
19987,427
19988,476
19989,574
19990,448
19991,673
19992,426
19993,620
19994,521
19995,468
19996,470
19997,549
19998,586
19999,645
20000,595
20001,431
20002,508
20003,400
20004,581
20005,573
20006,568
20007,647
20008,507
20009,696
20010,663
20011,429
20012,624
20013,488
20014,633
20015,567
20016,630
20017,525
20018,460
20019,519
20020,589
20021,520
20022,447
20023,601
20024,458
20025,584
20026,622
20027,410
20028,680
20029,588
20030,636
20031,433
20032,534
20033,461
20034,626
20035,492
20036,515
20037,532
20038,692
20039,592
20040,429
20041,697
20042,460
20043,427
20044,476
20045,520
20046,402
20047,436
20048,546
20049,491
20050,672
20051,486
20052,439
20053,577
20054,684
20055,441
20056,684
20057,465
20058,523
20059,544
20060,519
20061,508
20062,491
20063,459
20064,626
20065,639
20066,611
20067,497
20068,413
20069,617
20070,569
20071,679
20072,609
20073,655
20074,570
20075,472
20076,546
20077,505
20078,493
20079,462
20080,553
20081,654
20082,434
20083,695
20084,652
20085,556
20086,533
20087,528
20088,679
20089,651
20090,534
20091,410
20092,691
20093,547
20094,479
20095,590
20096,429
20097,628
20098,483
20099,549
20100,588
20101,420
20102,436
20103,645
20104,682
20105,501
20106,693
20107,631
20108,687
20109,644
20110,576
20111,612
20112,501
20113,685
20114,421
20115,418
20116,686
20117,675
20118,546
20119,439
20120,566
20121,490
20122,471
20123,682
20124,539
20125,638
20126,477
20127,598
20128,416
20129,617
20130,628
20131,537
20132,546
20133,609
20134,557
20135,552
20136,562
20137,500
20138,554
20139,409
20140,582
20141,533
20142,405
20143,657
20144,610
20145,450
20146,546
20147,527
20148,657
20149,450
20150,553
20151,469
20152,675
20153,678
20154,533
20155,619
20156,562
20157,535
20158,456
20159,576
20160,514
20161,548
20162,640
20163,522
20164,691
20165,468
20166,462
20167,620
20168,415
20169,477
20170,521
20171,657
20172,616
20173,513
20174,545
20175,636
20176,485
20177,566
20178,528
20179,564
20180,676
20181,656
20182,531
20183,457
20184,656
20185,540
20186,573
20187,574
20188,608
20189,603
20190,406
20191,450
20192,658
20193,577
20194,430
20195,553
20196,454
20197,555
20198,443
20199,480
20200,565
20201,429
20202,535
20203,413
20204,505
20205,474
20206,478
20207,593
20208,495
20209,439
20210,655
20211,506
20212,416
20213,414
20214,671
20215,412
20216,646
20217,613
20218,550
20219,691
20220,442
20221,513
20222,480
20223,540
20224,429
20225,429
20226,665
20227,498
20228,493
20229,610
20230,694
20231,436
20232,488
20233,654
20234,613
20235,413
20236,591
20237,694
20238,581
20239,529
20240,623
20241,442
20242,580
20243,568
20244,663
20245,495
20246,602
20247,467
20248,491
20249,665
20250,577
20251,550
20252,446
20253,402
20254,502
20255,672
20256,421
20257,515
20258,503
20259,658
20260,697
20261,529
20262,694
20263,447
20264,426
20265,414
20266,662
20267,697
20268,664
20269,533
20270,475
20271,429
20272,525
20273,483
20274,453
20275,682
20276,662
20277,621
20278,401
20279,545
20280,417
20281,415
20282,558
20283,697
20284,608
20285,604
20286,512
20287,577
20288,608
20289,523
20290,414
20291,697
20292,444
20293,493
20294,506
20295,677
20296,527
20297,437
20298,496
20299,597
20300,591
20301,406
20302,443
20303,406
20304,593
20305,400
20306,461
20307,488
20308,417
20309,507
20310,534
20311,466
20312,492
20313,537
20314,588
20315,458
20316,586
20317,634
20318,468
20319,497
20320,407
20321,533
20322,455
20323,513
20324,487
20325,537
20326,507
20327,422
20328,543
20329,543
20330,455
20331,507
20332,405
20333,429
20334,526
20335,520
20336,498
20337,565
20338,640
20339,449
20340,667
20341,472
20342,699
20343,451
20344,664
20345,626
20346,592
20347,638
20348,409
20349,627
20350,692
20351,451
20352,639
20353,498
20354,480
20355,412
20356,527
20357,410
20358,480
20359,660
20360,405
20361,621
20362,697
20363,480
20364,402
20365,459
20366,620
20367,448
20368,627
20369,689
20370,692
20371,697
20372,592
20373,656
20374,502
20375,545
20376,689
20377,656
20378,677
20379,588
20380,577
20381,415
20382,485
20383,647
20384,616
20385,441
20386,593
20387,562
20388,675
20389,529
20390,662
20391,576
20392,664
20393,426
20394,484
20395,595
20396,642
20397,576
20398,529
20399,544
20400,482
20401,487
20402,419
20403,629
20404,525
20405,450
20406,487
20407,569
20408,462
20409,488
20410,588
20411,589
20412,488
20413,425
20414,575
20415,663
20416,441
20417,518
20418,568
20419,507
20420,546
20421,575
20422,588
20423,559
20424,473
20425,417
20426,539
20427,514
20428,624
20429,445
20430,437
20431,605
20432,408
20433,652
20434,507
20435,497
20436,674
20437,470
20438,438
20439,697
20440,489
20441,618
20442,506
20443,495
20444,431
20445,525
20446,546
20447,679
20448,423
20449,608
20450,519
20451,673
20452,539
20453,696
20454,481
20455,607
20456,432
20457,423
20458,460
20459,588
20460,483
20461,624
20462,567
20463,585
20464,471
20465,473
20466,552
20467,495
20468,452
20469,573
20470,509
20471,450
20472,652
20473,472
20474,611
20475,611
20476,650
20477,567
20478,662
20479,629
20480,638
20481,674
20482,542
20483,469
20484,573
20485,508
20486,602
20487,584
20488,690
20489,491
20490,658
20491,605
20492,451
20493,580
20494,402
20495,483
20496,613
20497,433
20498,449
20499,688
20500,658
20501,657
20502,671
20503,581
20504,432
20505,664
20506,439
20507,609
20508,671
20509,535
20510,486
20511,459
20512,563
20513,402
20514,414
20515,501
20516,654
20517,624
20518,609
20519,422
20520,634
20521,530
20522,557
20523,572
20524,416
20525,584
20526,583
20527,542
20528,443
20529,411
20530,407
20531,479
20532,696
20533,561
20534,615
20535,647
20536,428
20537,671
20538,532
20539,404
20540,643
20541,429
20542,516
20543,577
20544,660
20545,634
20546,540
20547,449
20548,669
20549,507
20550,445
20551,481
20552,525
20553,483
20554,689
20555,470
20556,574
20557,490
20558,648
20559,531
20560,568
20561,459
20562,640
20563,589
20564,680
20565,631
20566,688
20567,674
20568,414
20569,440
20570,607
20571,459
20572,639
20573,495
20574,677
20575,559
20576,681
20577,608
20578,532
20579,496
20580,618
20581,470
20582,673
20583,533
20584,465
20585,526
20586,604
20587,697
20588,516
20589,666
20590,681
20591,548
20592,593
20593,567
20594,578
20595,547
20596,456
20597,404
20598,413
20599,679
20600,615
20601,574
20602,402
20603,536
20604,499
20605,482
20606,679
20607,531
20608,400
20609,515
20610,601
20611,539
20612,545
20613,665
20614,601
20615,551
20616,621
20617,478
20618,599
20619,649
20620,498
20621,612
20622,542
20623,589
20624,451
20625,511
20626,534
20627,511
20628,412
20629,672
20630,632
20631,443
20632,472
20633,660
20634,630
20635,432
20636,467
20637,415
20638,549
20639,691
20640,501
20641,585
20642,424
20643,471
20644,480
20645,460
20646,417
20647,641
20648,457
20649,456
20650,496
20651,614
20652,411
20653,410
20654,562
20655,682
20656,616
20657,640
20658,444
20659,480
20660,654
20661,466
20662,501
20663,490
20664,441
20665,675
20666,673
20667,476
20668,633
20669,601
20670,620
20671,661
20672,438
20673,410
20674,511
20675,507
20676,493
20677,483
20678,457
20679,692
20680,415
20681,492
20682,564
20683,614
20684,543
20685,673
20686,537
20687,603
20688,609
20689,418
20690,693
20691,692
20692,561
20693,529
20694,443
20695,482
20696,523
20697,426
20698,406
20699,598
20700,511
20701,488
20702,527
20703,629
20704,417
20705,688
20706,560
20707,680
20708,565
20709,659
20710,589
20711,665
20712,690
20713,678
20714,616
20715,606
20716,552
20717,580
20718,611
20719,672
20720,602
20721,604
20722,552
20723,569
20724,640
20725,686
20726,644
20727,479
20728,491
20729,548
20730,429
20731,522
20732,428
20733,658
20734,585
20735,474
20736,444
20737,468
20738,609
20739,638
20740,591
20741,502
20742,640
20743,652
20744,619
20745,616
20746,601
20747,428
20748,611
20749,553
20750,630
20751,501
20752,576
20753,580
20754,631
20755,411
20756,585
20757,648
20758,665
20759,534
20760,644
20761,430
20762,658
20763,503
20764,400
20765,606
20766,534
20767,670
20768,488
20769,594
20770,521
20771,515
20772,595
20773,435
20774,466
20775,532
20776,680
20777,410
20778,617
20779,555
20780,639
20781,459
20782,537
20783,449
20784,566
20785,564
20786,588
20787,491
20788,693
20789,688
20790,474
20791,444
20792,452
20793,574
20794,560
20795,466
20796,669
20797,523
20798,581
20799,581
20800,435
20801,611
20802,533
20803,577
20804,565
20805,445
20806,555
20807,635
20808,459
20809,404
20810,580
20811,544
20812,664
20813,622
20814,636
20815,412
20816,667
20817,665
20818,415
20819,491
20820,647
20821,418
20822,502
20823,494
20824,682
20825,612
20826,436
20827,460
20828,690
20829,643
20830,405
20831,564
20832,412
20833,424
20834,623
20835,522
20836,528
20837,521
20838,434
20839,482
20840,581
20841,475
20842,503
20843,631
20844,442
20845,492
20846,543
20847,653
20848,477
20849,662
20850,469
20851,548
20852,691
20853,613
20854,546
20855,424
20856,508
20857,580
20858,650
20859,602
20860,569
20861,574
20862,569
20863,401
20864,533
20865,526
20866,445
20867,593
20868,608
20869,695
20870,457
20871,477
20872,601
20873,688
20874,461
20875,667
20876,525
20877,448
20878,487
20879,660
20880,578
20881,468
20882,459
20883,648
20884,568
20885,668
20886,511
20887,499
20888,614
20889,512
20890,496
20891,517
20892,435
20893,689
20894,523
20895,439
20896,540
20897,425
20898,541
20899,456
20900,549
20901,604
20902,475
20903,684
20904,609
20905,657
20906,658
20907,583
20908,410
20909,559
20910,659
20911,487
20912,583
20913,415
20914,643
20915,485
20916,598
20917,409
20918,563
20919,423
20920,463
20921,637
20922,637
20923,421
20924,579
20925,446
20926,678
20927,623
20928,617
20929,636
20930,603
20931,418
20932,579
20933,561
20934,684
20935,460
20936,484
20937,434
20938,404
20939,475
20940,652
20941,406
20942,568
20943,529
20944,537
20945,699
20946,490
20947,562
20948,652
20949,600
20950,419
20951,628
20952,562
20953,564
20954,631
20955,637
20956,519
20957,506
20958,649
20959,683
20960,597
20961,619
20962,550
20963,685
20964,664
20965,619
20966,615
20967,555
20968,615
20969,513
20970,560
20971,497
20972,556
20973,561
20974,441
20975,579
20976,450
20977,651
20978,519
20979,474
20980,561
20981,548
20982,522
20983,540
20984,581
20985,676
20986,656
20987,644
20988,485
20989,470
20990,668
20991,579
20992,678
20993,548
20994,405
20995,547
20996,567
20997,408
20998,577
20999,683
21000,515
21001,495
21002,455
21003,606
21004,504
21005,434
21006,608
21007,680
21008,546
21009,686
21010,480
21011,449
21012,486
21013,590
21014,400
21015,537
21016,535
21017,553
21018,561
21019,418
21020,642
21021,528
21022,575
21023,679
21024,483
21025,621
21026,544
21027,505
21028,410
21029,565
21030,595
21031,630
21032,546
21033,637
21034,412
21035,618
21036,656
21037,401
21038,609
21039,624
21040,593
21041,595
21042,659
21043,456
21044,512
21045,612
21046,678
21047,643
21048,516
21049,486
21050,662
21051,699
21052,512
21053,563
21054,403
21055,517
21056,422
21057,632
21058,489
21059,654
21060,491
21061,554
21062,514
21063,606
21064,480
21065,502
21066,479
21067,502
21068,639
21069,664
21070,432
21071,434
21072,648
21073,449
21074,679
21075,641
21076,551
21077,546
21078,438
21079,588
21080,424
21081,643
21082,622
21083,629
21084,552
21085,687
21086,507
21087,432
21088,510
21089,520
21090,415
21091,626
21092,410
21093,602
21094,601
21095,497
21096,515
21097,680
21098,631
21099,510
21100,411
21101,420
21102,526
21103,684
21104,520
21105,523
21106,432
21107,569
21108,476
21109,696
21110,462
21111,669
21112,615
21113,589
21114,474
21115,573
21116,466
21117,492
21118,452
21119,493
21120,512
21121,628
21122,649
21123,608
21124,581
21125,666
21126,680
21127,554
21128,482
21129,585
21130,538
21131,454
21132,418
21133,666
21134,541
21135,563
21136,651
21137,631
21138,696
21139,459
21140,421
21141,525
21142,502
21143,620
21144,509
21145,457
21146,464
21147,457
21148,557
21149,475
21150,418
21151,589
21152,649
21153,478
21154,483
21155,571
21156,611
21157,548
21158,409
21159,429
21160,679
21161,454
21162,526
21163,579
21164,631
21165,492
21166,407
21167,646
21168,595
21169,562
21170,439
21171,653
21172,484
21173,671
21174,477
21175,612
21176,654
21177,490
21178,592
21179,652
21180,677
21181,542
21182,643
21183,611
21184,594
21185,669
21186,418
21187,439
21188,497
21189,403
21190,432
21191,698
21192,564
21193,426
21194,572
21195,512
21196,494
21197,632
21198,533
21199,523
21200,515
21201,412
21202,564
21203,607
21204,484
21205,647
21206,455
21207,571
21208,540
21209,531
21210,600
21211,688
21212,578
21213,428
21214,435
21215,508
21216,545
21217,675
21218,545
21219,567
21220,656
21221,674
21222,486
21223,553
21224,684
21225,497
21226,610
21227,447
21228,673
21229,593
21230,651
21231,682
21232,661
21233,661
21234,430
21235,504
21236,568
21237,635
21238,673
21239,629
21240,422
21241,563
21242,680
21243,406
21244,609
21245,652
21246,532
21247,673
21248,505
21249,631
21250,432
21251,478
21252,434
21253,509
21254,462
21255,696
21256,577
21257,631
21258,503
21259,693
21260,434
21261,593
21262,573
21263,501
21264,692
21265,484
21266,600
21267,572
21268,428
21269,696
21270,455
21271,415
21272,539
21273,465
21274,546
21275,557
21276,468
21277,422
21278,589
21279,647
21280,544
21281,576
21282,594
21283,412
21284,565
21285,549
21286,444
21287,573
21288,566
21289,596
21290,605
21291,481
21292,467
21293,496
21294,566
21295,476
21296,636
21297,595
21298,690
21299,535
21300,695
21301,435
21302,647
21303,653
21304,613
21305,651
21306,469
21307,633
21308,415
21309,573
21310,586
21311,693
21312,624
21313,673
21314,411
21315,618
21316,400
21317,510
21318,676
21319,528
21320,492
21321,438
21322,558
21323,585
21324,655
21325,638
21326,503
21327,428
21328,488
21329,450
21330,546
21331,435
21332,683
21333,500
21334,506
21335,690
21336,504
21337,620
21338,475
21339,626
21340,483
21341,475
21342,648
21343,654
21344,449
21345,609
21346,557
21347,632
21348,476
21349,622
21350,520
21351,506
21352,640
21353,427
21354,591
21355,648
21356,612
21357,420
21358,554
21359,426
21360,476
21361,456
21362,518
21363,564
21364,463
21365,447
21366,549
21367,557
21368,555
21369,550
21370,624
21371,659
21372,655
21373,460
21374,659
21375,561
21376,430
21377,470
21378,401
21379,449
21380,534
21381,545
21382,578
21383,663
21384,603
21385,698
21386,586
21387,429
21388,458
21389,408
21390,566
21391,678
21392,590
21393,641
21394,677
21395,553
21396,559
21397,664
21398,634
21399,598
21400,432
21401,488
21402,494
21403,620
21404,468
21405,693
21406,636
21407,559
21408,675
21409,689
21410,441
21411,465
21412,420
21413,469
21414,660
21415,645
21416,634
21417,671
21418,498
21419,434
21420,570
21421,509
21422,694
21423,409
21424,601
21425,656
21426,661
21427,580
21428,465
21429,693
21430,560
21431,466
21432,499
21433,476
21434,434
21435,444
21436,549
21437,467
21438,653
21439,416
21440,660
21441,612
21442,655
21443,615
21444,685
21445,406
21446,598
21447,490
21448,546
21449,549
21450,451
21451,642
21452,618
21453,405
21454,508
21455,465
21456,409
21457,601
21458,681
21459,613
21460,467
21461,646
21462,449
21463,416
21464,410
21465,523
21466,624
21467,643
21468,428
21469,684
21470,458
21471,542
21472,699
21473,625
21474,563
21475,483
21476,516
21477,603
21478,693
21479,544
21480,426
21481,416
21482,462
21483,666
21484,463
21485,438
21486,529
21487,514
21488,444
21489,615
21490,487
21491,576
21492,664
21493,504
21494,570
21495,507
21496,560
21497,682
21498,439
21499,425
21500,482
21501,572
21502,572
21503,681
21504,469
21505,405
21506,683
21507,594
21508,412
21509,462
21510,412
21511,648
21512,604
21513,652
21514,439
21515,564
21516,430
21517,416
21518,536
21519,564
21520,680
21521,622
21522,521
21523,477
21524,487
21525,512
21526,499
21527,638
21528,510
21529,489
21530,538
21531,534
21532,411
21533,643
21534,581
21535,594
21536,521
21537,452
21538,572
21539,578
21540,692
21541,458
21542,453
21543,656
21544,644
21545,548
21546,683
21547,415
21548,575
21549,427
21550,528
21551,622
21552,643
21553,637
21554,631
21555,491
21556,402
21557,480
21558,443
21559,554
21560,423
21561,498
21562,570
21563,547
21564,522
21565,511
21566,529
21567,467
21568,616
21569,495
21570,544
21571,432
21572,685
21573,404
21574,517
21575,539
21576,629
21577,559
21578,693
21579,648
21580,672
21581,585
21582,439
21583,623
21584,551
21585,539
21586,527
21587,546
21588,684
21589,617
21590,619
21591,544
21592,676
21593,641
21594,459
21595,497
21596,580
21597,513
21598,502
21599,456
21600,684
21601,528
21602,485
21603,599
21604,470
21605,497
21606,699
21607,575
21608,632
21609,474
21610,542
21611,422
21612,580
21613,444
21614,491
21615,668
21616,433
21617,565
21618,469
21619,595
21620,532
21621,646
21622,567
21623,676
21624,555
21625,422
21626,599
21627,674
21628,449
21629,585
21630,419
21631,515
21632,491
21633,452
21634,522
21635,664
21636,403
21637,568
21638,680
21639,689
21640,472
21641,536
21642,655
21643,540
21644,607
21645,659
21646,662
21647,670
21648,437
21649,602
21650,623
21651,451
21652,480
21653,610
21654,406
21655,444
21656,676
21657,658
21658,541
21659,657
21660,684
21661,436
21662,444
21663,519
21664,445
21665,539
21666,452
21667,687
21668,673
21669,668
21670,678
21671,461
21672,453
21673,468
21674,641
21675,669
21676,651
21677,683
21678,470
21679,499
21680,460
21681,502
21682,518
21683,416
21684,590
21685,611
21686,477
21687,445
21688,492
21689,412
21690,627
21691,416
21692,461
21693,442
21694,467
21695,611
21696,602
21697,613
21698,508
21699,683
21700,493
21701,624
21702,624
21703,638
21704,517
21705,490
21706,688
21707,680
21708,418
21709,574
21710,505
21711,688
21712,647
21713,541
21714,697
21715,592
21716,690
21717,607
21718,647
21719,541
21720,621
21721,624
21722,583
21723,587
21724,512
21725,580
21726,598
21727,469
21728,485
21729,438
21730,530
21731,409
21732,402
21733,549
21734,466
21735,592
21736,496
21737,418
21738,497
21739,456
21740,506
21741,487
21742,540
21743,543
21744,451
21745,611
21746,440
21747,490
21748,438
21749,412
21750,495
21751,508
21752,503
21753,630
21754,442
21755,608
21756,487
21757,492
21758,573
21759,525
21760,508
21761,446
21762,613
21763,491
21764,580
21765,440
21766,658
21767,520
21768,476
21769,494
21770,668
21771,417
21772,692
21773,570
21774,561
21775,451
21776,435
21777,586
21778,647
21779,451
21780,418
21781,491
21782,538
21783,619
21784,498
21785,635
21786,606
21787,543
21788,598
21789,686
21790,663
21791,616
21792,588
21793,443
21794,690
21795,588
21796,593
21797,669
21798,659
21799,638
21800,511
21801,468
21802,448
21803,550
21804,638
21805,514
21806,474
21807,497
21808,510
21809,684
21810,655
21811,516
21812,575
21813,627
21814,505
21815,638
21816,499
21817,575
21818,648
21819,475
21820,402
21821,480
21822,687
21823,407
21824,486
21825,685
21826,473
21827,522
21828,693
21829,542
21830,557
21831,508
21832,594
21833,435
21834,489
21835,695
21836,600
21837,445
21838,506
21839,569
21840,545
21841,577
21842,460
21843,402
21844,481
21845,662
21846,686
21847,494
21848,463
21849,645
21850,476
21851,658
21852,492
21853,690
21854,670
21855,420
21856,461
21857,659
21858,636
21859,540
21860,566
21861,466
21862,457
21863,611
21864,529
21865,424
21866,410
21867,656
21868,480
21869,685
21870,418
21871,509
21872,433
21873,687
21874,654
21875,525
21876,608
21877,533
21878,485
21879,474
21880,534
21881,572
21882,612
21883,418
21884,518
21885,684
21886,626
21887,611
21888,588
21889,550
21890,622
21891,527
21892,647
21893,450
21894,590
21895,636
21896,421
21897,509
21898,432
21899,526
21900,443
21901,406
21902,527
21903,490
21904,529
21905,416
21906,585
21907,509
21908,685
21909,562
21910,474
21911,598
21912,686
21913,581
21914,496
21915,450
21916,433
21917,420
21918,583
21919,692
21920,463
21921,523
21922,500
21923,518
21924,477
21925,580
21926,598
21927,589
21928,502
21929,674
21930,529
21931,640
21932,533
21933,556
21934,557
21935,589
21936,499
21937,451
21938,448
21939,499
21940,650
21941,453
21942,536
21943,561
21944,691
21945,480
21946,619
21947,484
21948,482
21949,466
21950,633
21951,597
21952,658
21953,576
21954,697
21955,679
21956,699
21957,528
21958,579
21959,691
21960,606
21961,693
21962,574
21963,428
21964,578
21965,440
21966,591
21967,636
21968,624
21969,513
21970,677
21971,416
21972,485
21973,580
21974,544
21975,624
21976,453
21977,467
21978,506
21979,476
21980,426
21981,554
21982,471
21983,579
21984,446
21985,641
21986,676
21987,504
21988,494
21989,618
21990,569
21991,682
21992,527
21993,599
21994,434
21995,543
21996,691
21997,465
21998,618
21999,455
22000,544
22001,612
22002,493
22003,505
22004,483
22005,535
22006,545
22007,648
22008,417
22009,524
22010,401
22011,599
22012,537
22013,602
22014,681
22015,429
22016,455
22017,518
22018,531
22019,630
22020,551
22021,420
22022,467
22023,525
22024,442
22025,581
22026,499
22027,639
22028,599
22029,515
22030,514
22031,541
22032,518
22033,492
22034,408
22035,472
22036,425
22037,638
22038,544
22039,467
22040,587
22041,530
22042,620
22043,680
22044,676
22045,539
22046,453
22047,400
22048,527
22049,400
22050,572
22051,665
22052,695
22053,655
22054,573
22055,444
22056,540
22057,426
22058,632
22059,608
22060,449
22061,460
22062,642
22063,668
22064,539
22065,556
22066,484
22067,483
22068,675
22069,430
22070,407
22071,679
22072,602
22073,432
22074,697
22075,542
22076,436
22077,546
22078,627
22079,433
22080,636
22081,611
22082,539
22083,589
22084,495
22085,593
22086,695
22087,551
22088,622
22089,595
22090,487
22091,698
22092,416
22093,610
22094,631
22095,582
22096,561
22097,469
22098,459
22099,578
22100,476
22101,434
22102,415
22103,693
22104,570
22105,431
22106,662
22107,614
22108,445
22109,588
22110,673
22111,470
22112,695
22113,487
22114,660
22115,581
22116,421
22117,473
22118,489
22119,565
22120,633
22121,528
22122,691
22123,494
22124,427
22125,434
22126,630
22127,524
22128,478
22129,460
22130,616
22131,681
22132,562
22133,456
22134,590
22135,531
22136,441
22137,572
22138,566
22139,649
22140,592
22141,677
22142,637
22143,629
22144,564
22145,642
22146,489
22147,578
22148,457
22149,662
22150,535
22151,637
22152,642
22153,550
22154,646
22155,618
22156,408
22157,693
22158,412
22159,662
22160,624
22161,630
22162,577
22163,646
22164,466
22165,696
22166,556
22167,564
22168,583
22169,607
22170,415
22171,699
22172,640
22173,629
22174,417
22175,546
22176,643
22177,450
22178,658
22179,637
22180,645
22181,448
22182,683
22183,437
22184,683
22185,431
22186,642
22187,440
22188,691
22189,502
22190,691
22191,506
22192,645
22193,486
22194,465
22195,537
22196,599
22197,492
22198,677
22199,419
22200,688
22201,489
22202,449
22203,409
22204,478
22205,436
22206,458
22207,487
22208,503
22209,676
22210,503
22211,653
22212,629
22213,436
22214,541
22215,442
22216,515
22217,483
22218,658
22219,486
22220,690
22221,495
22222,654
22223,535
22224,647
22225,491
22226,646
22227,657
22228,586
22229,523
22230,659
22231,568
22232,510
22233,689
22234,486
22235,412
22236,662
22237,687
22238,422
22239,599
22240,641
22241,638
22242,564
22243,625
22244,575
22245,428
22246,564
22247,422
22248,693
22249,443
22250,660
22251,579
22252,695
22253,538
22254,647
22255,640
22256,505
22257,572
22258,448
22259,522
22260,434
22261,505
22262,595
22263,508
22264,524
22265,694
22266,436
22267,587
22268,422
22269,660
22270,593
22271,551
22272,417
22273,426
22274,423
22275,428
22276,538
22277,545
22278,522
22279,527
22280,516
22281,531
22282,688
22283,605
22284,635
22285,441
22286,559
22287,651
22288,578
22289,524
22290,659
22291,675
22292,612
22293,589
22294,457
22295,602
22296,479
22297,627
22298,494
22299,403
22300,564
22301,699
22302,441
22303,684
22304,628
22305,642
22306,611
22307,699
22308,454
22309,572
22310,676
22311,628
22312,429
22313,422
22314,404
22315,462
22316,620
22317,481
22318,641
22319,652
22320,451
22321,438
22322,658
22323,670
22324,471
22325,469
22326,619
22327,403
22328,689
22329,691
22330,630
22331,479
22332,465
22333,535
22334,590
22335,458
22336,665
22337,406
22338,601
22339,636
22340,667
22341,478
22342,445
22343,642
22344,687
22345,559
22346,514
22347,513
22348,525
22349,489
22350,460
22351,501
22352,513
22353,573
22354,491
22355,582
22356,604
22357,594
22358,424
22359,633
22360,415
22361,540
22362,507
22363,699
22364,479
22365,475
22366,675
22367,667
22368,511
22369,474
22370,613
22371,433
22372,540
22373,565
22374,630
22375,691
22376,427
22377,694
22378,490
22379,514
22380,558
22381,657
22382,489
22383,644
22384,697
22385,430
22386,627
22387,527
22388,669
22389,669
22390,608
22391,577
22392,590
22393,467
22394,666
22395,669
22396,527
22397,663
22398,620
22399,641
22400,643
22401,418
22402,554
22403,628
22404,457
22405,680
22406,444
22407,501
22408,447
22409,449
22410,480
22411,699
22412,458
22413,560
22414,502
22415,673
22416,582
22417,515
22418,666
22419,563
22420,542
22421,493
22422,649
22423,639
22424,458
22425,414
22426,684
22427,602
22428,636
22429,695
22430,686
22431,472
22432,613
22433,410
22434,624
22435,602
22436,630
22437,450
22438,456
22439,531
22440,679
22441,696
22442,624
22443,573
22444,691
22445,665
22446,646
22447,477
22448,534
22449,539
22450,652
22451,575
22452,459
22453,653
22454,407
22455,506
22456,570
22457,457
22458,689
22459,483
22460,516
22461,599
22462,421
22463,618
22464,625
22465,670
22466,501
22467,544
22468,546
22469,660
22470,678
22471,413
22472,665
22473,686
22474,540
22475,692
22476,430
22477,570
22478,604
22479,690
22480,510
22481,467
22482,582
22483,595
22484,525
22485,574
22486,661
22487,685
22488,554
22489,468
22490,507
22491,434
22492,443
22493,542
22494,610
22495,684
22496,405
22497,617
22498,426
22499,626
22500,683
22501,455
22502,504
22503,417
22504,604
22505,442
22506,488
22507,473
22508,556
22509,665
22510,533
22511,488
22512,635
22513,531
22514,628
22515,433
22516,482
22517,531
22518,603
22519,686
22520,657
22521,691
22522,524
22523,550
22524,646
22525,574
22526,479
22527,506
22528,699
22529,457
22530,490
22531,534
22532,568
22533,521
22534,635
22535,475
22536,422
22537,472
22538,487
22539,502
22540,493
22541,665
22542,652
22543,457
22544,408
22545,412
22546,530
22547,621
22548,552
22549,470
22550,419
22551,480
22552,627
22553,418
22554,564
22555,506
22556,613
22557,638
22558,546
22559,580
22560,597
22561,686
22562,452
22563,639
22564,689
22565,686
22566,587
22567,405
22568,682
22569,662
22570,448
22571,599
22572,459
22573,432
22574,643
22575,571
22576,606
22577,682
22578,421
22579,446
22580,557
22581,657
22582,542
22583,446
22584,426
22585,426
22586,544
22587,474
22588,586
22589,409
22590,520
22591,688
22592,564
22593,663
22594,560
22595,696
22596,517
22597,662
22598,483
22599,545
22600,570
22601,413
22602,548
22603,650
22604,456
22605,532
22606,569
22607,501
22608,505
22609,570
22610,527
22611,649
22612,431
22613,615
22614,661
22615,643
22616,684
22617,689
22618,662
22619,484
22620,444
22621,599
22622,600
22623,567
22624,639
22625,685
22626,589
22627,470
22628,544
22629,608
22630,607
22631,621
22632,686
22633,562
22634,471
22635,639
22636,526
22637,484
22638,414
22639,647
22640,682
22641,401
22642,473
22643,463
22644,660
22645,638
22646,678
22647,600
22648,692
22649,685
22650,620
22651,561
22652,582
22653,664
22654,531
22655,519
22656,618
22657,559
22658,699
22659,508
22660,637
22661,692
22662,466
22663,586
22664,435
22665,448
22666,655
22667,506
22668,407
22669,635
22670,577
22671,641
22672,440
22673,644
22674,512
22675,655
22676,565
22677,477
22678,606
22679,595
22680,463
22681,539
22682,441
22683,608
22684,472
22685,552
22686,534
22687,663
22688,615
22689,608
22690,603
22691,509
22692,430
22693,411
22694,526
22695,593
22696,539
22697,426
22698,445
22699,534
22700,457
22701,412
22702,499
22703,448
22704,690
22705,493
22706,494
22707,544
22708,471
22709,409
22710,561
22711,613
22712,403
22713,623
22714,428
22715,602
22716,476
22717,458
22718,595
22719,506
22720,408
22721,419
22722,548
22723,416
22724,411
22725,481
22726,466
22727,532
22728,452
22729,605
22730,632
22731,453
22732,467
22733,690
22734,568
22735,560
22736,414
22737,590
22738,414
22739,686
22740,409
22741,456
22742,598
22743,560
22744,662
22745,652
22746,518
22747,479
22748,523
22749,471
22750,567
22751,683
22752,435
22753,574
22754,598
22755,515
22756,619
22757,465
22758,664
22759,533
22760,518
22761,521
22762,486
22763,688
22764,536
22765,452
22766,604
22767,450
22768,439
22769,649
22770,617
22771,578
22772,438
22773,582
22774,623
22775,563
22776,633
22777,592
22778,484
22779,642
22780,572
22781,436
22782,486
22783,528
22784,593
22785,442
22786,558
22787,504
22788,628
22789,616
22790,663
22791,448
22792,522
22793,424
22794,530
22795,623
22796,498
22797,689
22798,596
22799,508
22800,619
22801,663
22802,607
22803,481
22804,424
22805,585
22806,407
22807,523
22808,548
22809,497
22810,615
22811,500
22812,617
22813,658
22814,410
22815,458
22816,649
22817,539
22818,437
22819,521
22820,464
22821,545
22822,524
22823,590
22824,662
22825,695
22826,581
22827,558
22828,686
22829,561
22830,662
22831,616
22832,580
22833,490
22834,416
22835,524
22836,659
22837,613
22838,638
22839,579
22840,571
22841,542
22842,643
22843,631
22844,571
22845,676
22846,476
22847,448
22848,647
22849,682
22850,686
22851,431
22852,557
22853,417
22854,462
22855,527
22856,415
22857,562
22858,650
22859,536
22860,694
22861,578
22862,628
22863,579
22864,471
22865,482
22866,535
22867,617
22868,508
22869,518
22870,417
22871,553
22872,410
22873,537
22874,461
22875,470
22876,460
22877,531
22878,460
22879,668
22880,411
22881,434
22882,450
22883,442
22884,627
22885,510
22886,414
22887,576
22888,561
22889,438
22890,425
22891,511
22892,450
22893,497
22894,569
22895,455
22896,620
22897,545
22898,659
22899,528
22900,449
22901,419
22902,573
22903,682
22904,425
22905,559
22906,409
22907,481
22908,655
22909,504
22910,539
22911,601
22912,423
22913,445
22914,616
22915,454
22916,477
22917,558
22918,671
22919,547
22920,437
22921,510
22922,414
22923,477
22924,475
22925,674
22926,596
22927,618
22928,462
22929,431
22930,632
22931,509
22932,564
22933,593
22934,406
22935,538
22936,686
22937,455
22938,559
22939,548
22940,686
22941,656
22942,538
22943,691
22944,586
22945,583
22946,661
22947,544
22948,660
22949,401
22950,411
22951,660
22952,568
22953,547
22954,599
22955,469
22956,453
22957,658
22958,427
22959,519
22960,532
22961,489
22962,415
22963,686
22964,683
22965,629
22966,536
22967,694
22968,626
22969,426
22970,516
22971,488
22972,506
22973,620
22974,622
22975,521
22976,432
22977,490
22978,583
22979,657
22980,412
22981,423
22982,433
22983,646
22984,418
22985,429
22986,448
22987,579
22988,625
22989,477
22990,606
22991,434
22992,649
22993,470
22994,678
22995,551
22996,626
22997,642
22998,409
22999,447
23000,511
23001,603
23002,556
23003,425
23004,565
23005,648
23006,661
23007,663
23008,416
23009,475
23010,653
23011,605
23012,433
23013,546
23014,627
23015,517
23016,564
23017,437
23018,695
23019,536
23020,645
23021,597
23022,465
23023,479
23024,451
23025,528
23026,400
23027,566
23028,415
23029,544
23030,511
23031,501
23032,481
23033,498
23034,558
23035,439
23036,554
23037,435
23038,646
23039,403
23040,680
23041,648
23042,411
23043,682
23044,615
23045,481
23046,413
23047,455
23048,681
23049,598
23050,565
23051,691
23052,545
23053,477
23054,511
23055,422
23056,515
23057,541
23058,596
23059,677
23060,427
23061,698
23062,475
23063,417
23064,499
23065,523
23066,691
23067,524
23068,406
23069,422
23070,561
23071,516
23072,420
23073,651
23074,483
23075,440
23076,602
23077,527
23078,541
23079,502
23080,506
23081,416
23082,424
23083,463
23084,636
23085,575
23086,690
23087,692
23088,555
23089,452
23090,472
23091,582
23092,588
23093,412
23094,446
23095,559
23096,683
23097,452
23098,686
23099,407
23100,471
23101,497
23102,486
23103,500
23104,680
23105,688
23106,636
23107,595
23108,496
23109,495
23110,660
23111,520
23112,672
23113,451
23114,562
23115,589
23116,676
23117,484
23118,593
23119,580
23120,420
23121,602
23122,601
23123,550
23124,558
23125,425
23126,465
23127,662
23128,566
23129,687
23130,553
23131,605
23132,552
23133,583
23134,558
23135,593
23136,401
23137,614
23138,574
23139,474
23140,684
23141,526
23142,448
23143,431
23144,557
23145,414
23146,642
23147,416
23148,421
23149,643
23150,480
23151,543
23152,407
23153,566
23154,686
23155,667
23156,688
23157,585
23158,411
23159,680
23160,482
23161,454
23162,530
23163,524
23164,450
23165,426
23166,564
23167,680
23168,432
23169,461
23170,544
23171,570
23172,685
23173,696
23174,516
23175,403
23176,465
23177,459
23178,686
23179,628
23180,499
23181,518
23182,468
23183,551
23184,679
23185,620
23186,622
23187,564
23188,610
23189,678
23190,462
23191,661
23192,405
23193,647
23194,628
23195,685
23196,656
23197,462
23198,427
23199,452
23200,651
23201,437
23202,538
23203,452
23204,493
23205,493
23206,662
23207,536
23208,655
23209,436
23210,541
23211,546
23212,407
23213,650
23214,534
23215,458
23216,522
23217,662
23218,519
23219,658
23220,417
23221,491
23222,563
23223,543
23224,637
23225,573
23226,482
23227,556
23228,508
23229,577
23230,649
23231,652
23232,454
23233,554
23234,490
23235,525
23236,568
23237,538
23238,404
23239,465
23240,510
23241,583
23242,667
23243,569
23244,643
23245,537
23246,427
23247,406
23248,450
23249,535
23250,577
23251,528
23252,596
23253,666
23254,506
23255,447
23256,537
23257,502
23258,446
23259,552
23260,405
23261,410
23262,416
23263,542
23264,671
23265,465
23266,655
23267,526
23268,530
23269,417
23270,606
23271,488
23272,642
23273,416
23274,622
23275,609
23276,498
23277,412
23278,669
23279,586
23280,673
23281,532
23282,413
23283,680
23284,443
23285,694
23286,503
23287,461
23288,452
23289,517
23290,530
23291,698
23292,598
23293,435
23294,678
23295,615
23296,473
23297,454
23298,411
23299,482
23300,431
23301,485
23302,631
23303,674
23304,600
23305,450
23306,655
23307,640
23308,604
23309,595
23310,643
23311,400
23312,488
23313,681
23314,538
23315,486
23316,401
23317,567
23318,518
23319,479
23320,510
23321,564
23322,618
23323,404
23324,614
23325,594
23326,681
23327,405
23328,699
23329,457
23330,501
23331,447
23332,675
23333,562
23334,595
23335,531
23336,465
23337,482
23338,664
23339,628
23340,672
23341,618
23342,624
23343,512
23344,539
23345,584
23346,572
23347,410
23348,558
23349,604
23350,629
23351,425
23352,558
23353,677
23354,547
23355,665
23356,482
23357,425
23358,470
23359,436
23360,532
23361,525
23362,514
23363,491
23364,641
23365,599
23366,606
23367,516
23368,618
23369,642
23370,691
23371,681
23372,571
23373,475
23374,608
23375,504
23376,425
23377,478
23378,527
23379,536
23380,435
23381,458
23382,629
23383,523
23384,487
23385,540
23386,672
23387,450
23388,454
23389,549
23390,552
23391,618
23392,618
23393,657
23394,444
23395,668
23396,559
23397,677
23398,454
23399,544
23400,634
23401,578
23402,607
23403,535
23404,674
23405,582
23406,460
23407,462
23408,614
23409,538
23410,533
23411,433
23412,592
23413,486
23414,609
23415,480
23416,589
23417,632
23418,568
23419,650
23420,567
23421,630
23422,549
23423,551
23424,437
23425,696
23426,674
23427,504
23428,461
23429,415
23430,549
23431,541
23432,515
23433,464
23434,593
23435,560
23436,677
23437,695
23438,438
23439,568
23440,467
23441,406
23442,484
23443,598
23444,531
23445,475
23446,649
23447,608
23448,483
23449,622
23450,652
23451,430
23452,600
23453,451
23454,471
23455,420
23456,415
23457,415
23458,574
23459,477
23460,639
23461,436
23462,631
23463,612
23464,592
23465,459
23466,588
23467,666
23468,525
23469,602
23470,431
23471,660
23472,493
23473,499
23474,684
23475,424
23476,516
23477,598
23478,678
23479,469
23480,478
23481,413
23482,428
23483,543
23484,409
23485,446
23486,659
23487,411
23488,697
23489,625
23490,659
23491,483
23492,405
23493,646
23494,434
23495,574
23496,464
23497,546
23498,456
23499,592
23500,412
23501,417
23502,645
23503,562
23504,513
23505,681
23506,632
23507,565
23508,425
23509,525
23510,680
23511,685
23512,682
23513,538
23514,500
23515,410
23516,615
23517,429
23518,493
23519,515
23520,670
23521,690
23522,438
23523,423
23524,663
23525,442
23526,569
23527,568
23528,425
23529,579
23530,549
23531,532
23532,542
23533,563
23534,500
23535,462
23536,492
23537,606
23538,471
23539,459
23540,428
23541,418
23542,472
23543,645
23544,486
23545,582
23546,596
23547,643
23548,517
23549,481
23550,646
23551,633
23552,552
23553,671
23554,434
23555,612
23556,610
23557,538
23558,588
23559,699
23560,651
23561,549
23562,618
23563,481
23564,589
23565,633
23566,575
23567,631
23568,462
23569,636
23570,432
23571,612
23572,459
23573,401
23574,456
23575,686
23576,537
23577,678
23578,613
23579,638
23580,684
23581,430
23582,605
23583,673
23584,410
23585,446
23586,402
23587,529
23588,471
23589,558
23590,529
23591,421
23592,534
23593,419
23594,619
23595,529
23596,431
23597,489
23598,658
23599,697
23600,648
23601,572
23602,446
23603,596
23604,433
23605,653
23606,647
23607,441
23608,688
23609,522
23610,426
23611,458
23612,546
23613,514
23614,598
23615,527
23616,552
23617,670
23618,482
23619,422
23620,410
23621,586
23622,515
23623,561
23624,502
23625,642
23626,406
23627,571
23628,655
23629,646
23630,591
23631,513
23632,422
23633,675
23634,535
23635,594
23636,657
23637,677
23638,469
23639,435
23640,507
23641,423
23642,539
23643,421
23644,603
23645,623
23646,622
23647,480
23648,590
23649,685
23650,546
23651,681
23652,410
23653,675
23654,455
23655,572
23656,603
23657,647
23658,665
23659,421
23660,423
23661,593
23662,495
23663,662
23664,471
23665,642
23666,437
23667,488
23668,427
23669,491
23670,453
23671,558
23672,627
23673,440
23674,436
23675,524
23676,578
23677,436
23678,500
23679,430
23680,589
23681,545
23682,489
23683,405
23684,538
23685,494
23686,518
23687,519
23688,522
23689,684
23690,578
23691,406
23692,526
23693,476
23694,633
23695,473
23696,670
23697,519
23698,434
23699,606
23700,669
23701,492
23702,576
23703,673
23704,578
23705,528
23706,524
23707,426
23708,463
23709,459
23710,618
23711,616
23712,568
23713,548
23714,669
23715,515
23716,644
23717,547
23718,491
23719,484
23720,486
23721,519
23722,423
23723,488
23724,436
23725,670
23726,411
23727,494
23728,430
23729,632
23730,699
23731,685
23732,434
23733,420
23734,510
23735,544
23736,411
23737,643
23738,545
23739,638
23740,491
23741,514
23742,414
23743,671
23744,421
23745,517
23746,494
23747,656
23748,661
23749,486
23750,457
23751,629
23752,507
23753,418
23754,540
23755,559
23756,499
23757,664
23758,637
23759,637
23760,448
23761,564
23762,686
23763,458
23764,582
23765,546
23766,495
23767,442
23768,656
23769,612
23770,588
23771,530
23772,699
23773,688
23774,536
23775,429
23776,545
23777,504
23778,686
23779,590
23780,577
23781,638
23782,400
23783,509
23784,674
23785,633
23786,463
23787,643
23788,452
23789,661
23790,416
23791,633
23792,472
23793,490
23794,405
23795,597
23796,595
23797,695
23798,536
23799,666
23800,515
23801,442
23802,630
23803,457
23804,605
23805,693
23806,493
23807,435
23808,629
23809,626
23810,582
23811,661
23812,530
23813,464
23814,585
23815,516
23816,585
23817,673
23818,550
23819,550
23820,435
23821,494
23822,533
23823,561
23824,443
23825,699
23826,682
23827,639
23828,451
23829,680
23830,473
23831,694
23832,637
23833,566
23834,539
23835,538
23836,634
23837,402
23838,655
23839,677
23840,403
23841,669
23842,611
23843,615
23844,669
23845,415
23846,463
23847,638
23848,415
23849,451
23850,418
23851,492
23852,660
23853,697
23854,416
23855,510
23856,493
23857,409
23858,611
23859,636
23860,653
23861,415
23862,543
23863,441
23864,402
23865,555
23866,572
23867,423
23868,674
23869,474
23870,439
23871,439
23872,461
23873,637
23874,644
23875,417
23876,539
23877,481
23878,588
23879,507
23880,633
23881,667
23882,503
23883,533
23884,432
23885,636
23886,577
23887,411
23888,628
23889,668
23890,530
23891,648
23892,457
23893,403
23894,635
23895,572
23896,435
23897,678
23898,636
23899,674
23900,695
23901,457
23902,417
23903,435
23904,528
23905,400
23906,463
23907,461
23908,545
23909,671
23910,416
23911,679
23912,497
23913,626
23914,642
23915,600
23916,578
23917,669
23918,633
23919,511
23920,465
23921,644
23922,644
23923,471
23924,448
23925,589
23926,692
23927,576
23928,560
23929,549
23930,469
23931,432
23932,683
23933,659
23934,476
23935,509
23936,538
23937,434
23938,634
23939,599
23940,550
23941,433
23942,523
23943,431
23944,671
23945,523
23946,477
23947,475
23948,459
23949,484
23950,479
23951,571
23952,657
23953,678
23954,620
23955,445
23956,472
23957,453
23958,620
23959,408
23960,571
23961,483
23962,411
23963,431
23964,688
23965,671
23966,577
23967,513
23968,425
23969,636
23970,571
23971,632
23972,436
23973,664
23974,412
23975,505
23976,525
23977,529
23978,655
23979,514
23980,698
23981,523
23982,655
23983,538
23984,605
23985,446
23986,616
23987,522
23988,430
23989,454
23990,552
23991,685
23992,435
23993,684
23994,655
23995,577
23996,435
23997,653
23998,561
23999,420
24000,693
24001,474
24002,606
24003,577
24004,436
24005,519
24006,517
24007,400
24008,608
24009,607
24010,553
24011,649
24012,570
24013,506
24014,542
24015,407
24016,493
24017,496
24018,406
24019,673
24020,411
24021,401
24022,406
24023,411
24024,456
24025,477
24026,473
24027,632
24028,678
24029,429
24030,494
24031,455
24032,409
24033,546
24034,486
24035,652
24036,586
24037,632
24038,652
24039,623
24040,403
24041,511
24042,592
24043,540
24044,539
24045,494
24046,440
24047,401
24048,677
24049,549
24050,440
24051,515
24052,519
24053,636
24054,669
24055,690
24056,408
24057,638
24058,517
24059,409
24060,424
24061,572
24062,624
24063,410
24064,500
24065,664
24066,482
24067,675
24068,660
24069,620
24070,618
24071,488
24072,414
24073,645
24074,575
24075,403
24076,420
24077,607
24078,536
24079,615
24080,516
24081,578
24082,645
24083,527
24084,477
24085,628
24086,692
24087,661
24088,481
24089,465
24090,495
24091,544
24092,464
24093,408
24094,585
24095,557
24096,430
24097,550
24098,641
24099,555
24100,458
24101,409
24102,523
24103,681
24104,636
24105,416
24106,422
24107,408
24108,606
24109,444
24110,426
24111,587
24112,539
24113,408
24114,633
24115,491
24116,476
24117,643
24118,554
24119,617
24120,684
24121,549
24122,487
24123,505
24124,693
24125,494
24126,652
24127,438
24128,654
24129,453
24130,642
24131,509
24132,653
24133,511
24134,573
24135,588
24136,620
24137,648
24138,451
24139,561
24140,434
24141,436
24142,510
24143,576
24144,408
24145,674
24146,520
24147,504
24148,555
24149,425
24150,695
24151,424
24152,468
24153,550
24154,464
24155,549
24156,644
24157,457
24158,555
24159,511
24160,522
24161,602
24162,403
24163,528
24164,425
24165,688
24166,426
24167,441
24168,470
24169,463
24170,424
24171,471
24172,667
24173,494
24174,516
24175,563
24176,677
24177,464
24178,659
24179,627
24180,599
24181,619
24182,579
24183,627
24184,651
24185,698
24186,403
24187,540
24188,565
24189,653
24190,552
24191,466
24192,454
24193,495
24194,566
24195,461
24196,573
24197,652
24198,511
24199,614
24200,638
24201,626
24202,629
24203,632
24204,562
24205,525
24206,652
24207,598
24208,596
24209,521
24210,663
24211,453
24212,534
24213,550
24214,499
24215,633
24216,431
24217,461
24218,595
24219,429
24220,642
24221,505
24222,694
24223,532
24224,421
24225,555
24226,613
24227,625
24228,684
24229,570
24230,441
24231,459
24232,476
24233,601
24234,619
24235,586
24236,495
24237,611
24238,661
24239,476
24240,430
24241,438
24242,613
24243,525
24244,564
24245,645
24246,508
24247,487
24248,599
24249,670
24250,450
24251,597
24252,422
24253,552
24254,622
24255,620
24256,550
24257,665
24258,472
24259,476
24260,431
24261,464
24262,417
24263,563
24264,686
24265,453
24266,462
24267,656
24268,638
24269,408
24270,519
24271,489
24272,574
24273,402
24274,529
24275,453
24276,692
24277,583
24278,623
24279,411
24280,594
24281,646
24282,553
24283,477
24284,539
24285,489
24286,543
24287,471
24288,576
24289,662
24290,670
24291,504
24292,471
24293,473
24294,542
24295,461
24296,545
24297,445
24298,628
24299,504
24300,508
24301,520
24302,442
24303,498
24304,593
24305,613
24306,628
24307,584
24308,511
24309,671
24310,501
24311,609
24312,626
24313,680
24314,421
24315,647
24316,558
24317,628
24318,586
24319,542
24320,423
24321,540
24322,639
24323,691
24324,481
24325,447
24326,570
24327,661
24328,467
24329,413
24330,429
24331,509
24332,611
24333,663
24334,601
24335,483
24336,452
24337,655
24338,473
24339,619
24340,542
24341,499
24342,528
24343,618
24344,670
24345,421
24346,577
24347,447
24348,516
24349,578
24350,672
24351,578
24352,448
24353,654
24354,429
24355,484
24356,676
24357,433
24358,497
24359,475
24360,574
24361,648
24362,533
24363,577
24364,627
24365,462
24366,667
24367,657
24368,543
24369,451
24370,498
24371,444
24372,441
24373,456
24374,432
24375,513
24376,699
24377,513
24378,455
24379,443
24380,611
24381,433
24382,669
24383,595
24384,524
24385,478
24386,654
24387,544
24388,482
24389,629
24390,536
24391,426
24392,576
24393,606
24394,612
24395,436
24396,692
24397,578
24398,559
24399,411
24400,568
24401,479
24402,413
24403,453
24404,653
24405,464
24406,457
24407,495
24408,420
24409,659
24410,472
24411,647
24412,526
24413,445
24414,667
24415,527
24416,429
24417,493
24418,623
24419,499
24420,470
24421,480
24422,699
24423,507
24424,501
24425,490
24426,415
24427,509
24428,662
24429,559
24430,652
24431,488
24432,494
24433,671
24434,646
24435,605
24436,685
24437,647
24438,466
24439,445
24440,442
24441,628
24442,633
24443,598
24444,431
24445,663
24446,512
24447,675
24448,545
24449,405
24450,507
24451,659
24452,470
24453,561
24454,499
24455,432
24456,542
24457,643
24458,623
24459,613
24460,519
24461,567
24462,616
24463,616
24464,453
24465,607
24466,479
24467,550
24468,454
24469,404
24470,434
24471,518
24472,596
24473,453
24474,658
24475,661
24476,401
24477,481
24478,404
24479,573
24480,538
24481,592
24482,537
24483,696
24484,515
24485,443
24486,688
24487,618
24488,455
24489,641
24490,657
24491,400
24492,688
24493,502
24494,691
24495,548
24496,483
24497,425
24498,574
24499,622
24500,528
24501,541
24502,697
24503,534
24504,454
24505,455
24506,475
24507,531
24508,441
24509,509
24510,469
24511,683
24512,525
24513,695
24514,578
24515,697
24516,596
24517,660
24518,500
24519,460
24520,582
24521,696
24522,408
24523,605
24524,453
24525,579
24526,503
24527,525
24528,433
24529,564
24530,697
24531,669
24532,688
24533,517
24534,491
24535,499
24536,486
24537,633
24538,523
24539,602
24540,431
24541,438
24542,493
24543,409
24544,614
24545,499
24546,643
24547,457
24548,418
24549,516
24550,535
24551,695
24552,412
24553,500
24554,554
24555,481
24556,487
24557,504
24558,529
24559,671
24560,413
24561,527
24562,459
24563,626
24564,416
24565,444
24566,437
24567,523
24568,463
24569,652
24570,661
24571,511
24572,501
24573,448
24574,676
24575,626
24576,422
24577,584
24578,463
24579,556
24580,682
24581,548
24582,568
24583,532
24584,531
24585,596
24586,534
24587,434
24588,619
24589,584
24590,404
24591,470
24592,640
24593,696
24594,592
24595,567
24596,635
24597,693
24598,697
24599,647
24600,564
24601,470
24602,630
24603,454
24604,581
24605,421
24606,682
24607,504
24608,574
24609,693
24610,438
24611,459
24612,699
24613,698
24614,611
24615,554
24616,572
24617,422
24618,639
24619,608
24620,521
24621,652
24622,540
24623,552
24624,613
24625,447
24626,416
24627,695
24628,468
24629,484
24630,681
24631,607
24632,439
24633,495
24634,649
24635,535
24636,472
24637,672
24638,568
24639,597
24640,505
24641,500
24642,634
24643,679
24644,505
24645,434
24646,556
24647,672
24648,639
24649,606
24650,644
24651,492
24652,508
24653,513
24654,423
24655,692
24656,651
24657,666
24658,608
24659,454
24660,426
24661,401
24662,467
24663,547
24664,529
24665,482
24666,441
24667,555
24668,556
24669,506
24670,683
24671,587
24672,504
24673,511
24674,532
24675,670
24676,509
24677,472
24678,692
24679,542
24680,659
24681,644
24682,554
24683,548
24684,459
24685,485
24686,591
24687,581
24688,686
24689,672
24690,654
24691,406
24692,525
24693,482
24694,427
24695,665
24696,682
24697,650
24698,587
24699,698
24700,468
24701,498
24702,592
24703,626
24704,581
24705,492
24706,542
24707,602
24708,531
24709,666
24710,533
24711,578
24712,585
24713,417
24714,496
24715,433
24716,699
24717,586
24718,510
24719,646
24720,470
24721,611
24722,507
24723,576
24724,627
24725,418
24726,647
24727,608
24728,615
24729,600
24730,656
24731,505
24732,670
24733,670
24734,520
24735,644
24736,465
24737,627
24738,536
24739,593
24740,593
24741,545
24742,544
24743,471
24744,591
24745,443
24746,556
24747,415
24748,477
24749,451
24750,401
24751,631
24752,460
24753,531
24754,451
24755,696
24756,579
24757,430
24758,554
24759,520
24760,450
24761,494
24762,575
24763,410
24764,411
24765,444
24766,689
24767,604
24768,618
24769,655
24770,647
24771,420
24772,440
24773,677
24774,676
24775,594
24776,470
24777,669
24778,472
24779,598
24780,475
24781,674
24782,682
24783,545
24784,412
24785,528
24786,629
24787,484
24788,561
24789,450
24790,614
24791,400
24792,522
24793,687
24794,599
24795,582
24796,615
24797,639
24798,467
24799,481
24800,541
24801,440
24802,638
24803,402
24804,493
24805,458
24806,627
24807,417
24808,638
24809,473
24810,568
24811,663
24812,559
24813,568
24814,605
24815,408
24816,514
24817,551
24818,486
24819,494
24820,630
24821,585
24822,513
24823,673
24824,428
24825,602
24826,401
24827,477
24828,630
24829,497
24830,516
24831,509
24832,566
24833,696
24834,486
24835,421
24836,609
24837,671
24838,677
24839,538
24840,631
24841,632
24842,479
24843,454
24844,690
24845,433
24846,651
24847,524
24848,410
24849,521
24850,434
24851,468
24852,538
24853,411
24854,524
24855,698
24856,546
24857,476
24858,467
24859,605
24860,635
24861,458
24862,657
24863,653
24864,642
24865,676
24866,619
24867,624
24868,500
24869,521
24870,617
24871,474
24872,636
24873,639
24874,564
24875,556
24876,610
24877,676
24878,615
24879,617
24880,632
24881,411
24882,482
24883,512
24884,670
24885,594
24886,540
24887,523
24888,540
24889,607
24890,514
24891,605
24892,687
24893,548
24894,609
24895,511
24896,541
24897,423
24898,448
24899,687
24900,410
24901,587
24902,467
24903,489
24904,509
24905,563
24906,605
24907,431
24908,473
24909,650
24910,420
24911,695
24912,697
24913,472
24914,440
24915,493
24916,531
24917,498
24918,452
24919,628
24920,527
24921,611
24922,684
24923,678
24924,558
24925,632
24926,470
24927,604
24928,588
24929,550
24930,407
24931,499
24932,415
24933,553
24934,556
24935,492
24936,661
24937,436
24938,560
24939,573
24940,417
24941,415
24942,669
24943,467
24944,429
24945,624
24946,563
24947,413
24948,678
24949,555
24950,521
24951,662
24952,569
24953,409
24954,571
24955,412
24956,612
24957,560
24958,631
24959,559
24960,526
24961,447
24962,660
24963,460
24964,521
24965,489
24966,654
24967,489
24968,402
24969,679
24970,516
24971,497
24972,561
24973,697
24974,696
24975,481
24976,547
24977,405
24978,584
24979,651
24980,424
24981,440
24982,568
24983,402
24984,570
24985,456
24986,482
24987,578
24988,532
24989,485
24990,670
24991,493
24992,649
24993,694
24994,597
24995,478
24996,565
24997,438
24998,613
24999,530
25000,556
25001,558
25002,626
25003,444
25004,600
25005,421
25006,641
25007,628
25008,637
25009,548
25010,672
25011,466
25012,406
25013,632
25014,691
25015,655
25016,466
25017,649
25018,476
25019,486
25020,651
25021,621
25022,471
25023,601
25024,458
25025,675
25026,620
25027,556
25028,580
25029,612
25030,528
25031,642
25032,571
25033,669
25034,562
25035,423
25036,592
25037,693
25038,528
25039,440
25040,430
25041,435
25042,652
25043,614
25044,686
25045,655
25046,585
25047,460
25048,661
25049,675
25050,510
25051,540
25052,632
25053,422
25054,478
25055,430
25056,403
25057,517
25058,465
25059,686
25060,575
25061,522
25062,630
25063,442
25064,403
25065,589
25066,649
25067,543
25068,557
25069,464
25070,669
25071,474
25072,428
25073,637
25074,552
25075,493
25076,636
25077,514
25078,695
25079,618
25080,645
25081,431
25082,419
25083,452
25084,605
25085,618
25086,594
25087,594
25088,481
25089,400
25090,566
25091,582
25092,672
25093,556
25094,600
25095,591
25096,698
25097,475
25098,539
25099,595
25100,460
25101,482
25102,404
25103,618
25104,653
25105,487
25106,608
25107,579
25108,607
25109,672
25110,464
25111,420
25112,576
25113,421
25114,435
25115,649
25116,548
25117,472
25118,490
25119,575
25120,525
25121,603
25122,645
25123,498
25124,670
25125,443
25126,621
25127,496
25128,435
25129,567
25130,429
25131,681
25132,484
25133,520
25134,686
25135,647
25136,583
25137,652
25138,672
25139,608
25140,423
25141,521
25142,624
25143,522
25144,693
25145,572
25146,542
25147,568
25148,456
25149,441
25150,518
25151,520
25152,650
25153,581
25154,564
25155,663
25156,609
25157,410
25158,581
25159,650
25160,537
25161,617
25162,638
25163,486
25164,697
25165,692
25166,491
25167,607
25168,603
25169,585
25170,484
25171,551
25172,555
25173,692
25174,420
25175,560
25176,555
25177,542
25178,656
25179,506
25180,683
25181,449
25182,434
25183,623
25184,555
25185,590
25186,583
25187,636
25188,696
25189,457
25190,438
25191,640
25192,424
25193,516
25194,639
25195,574
25196,627
25197,652
25198,510
25199,640
25200,623
25201,697
25202,451
25203,620
25204,687
25205,551
25206,517
25207,678
25208,534
25209,608
25210,526
25211,692
25212,406
25213,621
25214,476
25215,677
25216,626
25217,674
25218,694
25219,516
25220,691
25221,670
25222,556
25223,459
25224,583
25225,543
25226,560
25227,488
25228,415
25229,648
25230,497
25231,503
25232,699
25233,634
25234,673
25235,660
25236,638
25237,661
25238,514
25239,667
25240,411
25241,472
25242,577
25243,659
25244,658
25245,669
25246,519
25247,568
25248,467
25249,458
25250,529
25251,665
25252,474
25253,489
25254,553
25255,617
25256,427
25257,529
25258,465
25259,543
25260,676
25261,502
25262,436
25263,648
25264,555
25265,531
25266,446
25267,594
25268,502
25269,570
25270,488
25271,645
25272,457
25273,504
25274,579
25275,468
25276,552
25277,424
25278,434
25279,414
25280,505
25281,617
25282,473
25283,684
25284,437
25285,596
25286,679
25287,674
25288,573
25289,443
25290,553
25291,552
25292,690
25293,541
25294,655
25295,533
25296,431
25297,425
25298,654
25299,622
25300,455
25301,692
25302,524
25303,629
25304,452
25305,500
25306,691
25307,666
25308,682
25309,401
25310,421
25311,465
25312,611
25313,635
25314,416
25315,413
25316,406
25317,621
25318,503
25319,400
25320,686
25321,646
25322,490
25323,613
25324,442
25325,473
25326,641
25327,448
25328,621
25329,543
25330,608
25331,498
25332,587
25333,513
25334,574
25335,670
25336,462
25337,683
25338,624
25339,560
25340,435
25341,540
25342,595
25343,550
25344,668
25345,439
25346,637
25347,621
25348,680
25349,624
25350,553
25351,679
25352,438
25353,616
25354,643
25355,508
25356,460
25357,597
25358,675
25359,571
25360,671
25361,670
25362,441
25363,588
25364,659
25365,551
25366,530
25367,513
25368,621
25369,453
25370,695
25371,441
25372,492
25373,659
25374,680
25375,591
25376,524
25377,695
25378,434
25379,446
25380,552
25381,637
25382,404
25383,524
25384,486
25385,402
25386,564
25387,622
25388,696
25389,424
25390,438
25391,504
25392,404
25393,535
25394,403
25395,568
25396,477
25397,418
25398,604
25399,432
25400,549
25401,592
25402,538
25403,671
25404,595
25405,526
25406,630
25407,443
25408,629
25409,615
25410,643
25411,408
25412,649
25413,599
25414,478
25415,644
25416,589
25417,485
25418,670
25419,661
25420,400
25421,419
25422,529
25423,657
25424,530
25425,406
25426,640
25427,591
25428,696
25429,514
25430,501
25431,400
25432,424
25433,608
25434,542
25435,596
25436,544
25437,548
25438,580
25439,454
25440,537
25441,608
25442,584
25443,464
25444,436
25445,511
25446,662
25447,475
25448,695
25449,577
25450,653
25451,400
25452,547
25453,558
25454,667
25455,549
25456,528
25457,525
25458,400
25459,516
25460,548
25461,668
25462,588
25463,540
25464,504
25465,651
25466,680
25467,500
25468,681
25469,562
25470,602
25471,499
25472,680
25473,656
25474,493
25475,678
25476,626
25477,549
25478,461
25479,528
25480,586
25481,467
25482,429
25483,674
25484,526
25485,612
25486,533
25487,618
25488,556
25489,587
25490,561
25491,528
25492,488
25493,561
25494,435
25495,626
25496,550
25497,480
25498,446
25499,603
25500,547
25501,630
25502,426
25503,588
25504,564
25505,611
25506,474
25507,491
25508,461
25509,465
25510,479
25511,539
25512,529
25513,653
25514,428
25515,601
25516,636
25517,486
25518,495
25519,686
25520,688
25521,651
25522,579
25523,499
25524,472
25525,530
25526,581
25527,593
25528,417
25529,525
25530,610
25531,406
25532,513
25533,483
25534,501
25535,492
25536,501
25537,650
25538,423
25539,566
25540,539
25541,493
25542,580
25543,463
25544,403
25545,493
25546,671
25547,682
25548,531
25549,471
25550,480
25551,573
25552,699
25553,451
25554,689
25555,636
25556,676
25557,679
25558,443
25559,653
25560,533
25561,455
25562,413
25563,577
25564,500
25565,579
25566,656
25567,667
25568,436
25569,603
25570,658
25571,554
25572,637
25573,499
25574,672
25575,512
25576,509
25577,542
25578,566
25579,659
25580,544
25581,629
25582,667
25583,431
25584,698
25585,618
25586,576
25587,503
25588,635
25589,492
25590,600
25591,698
25592,630
25593,654
25594,484
25595,434
25596,516
25597,575
25598,675
25599,484
25600,516
25601,603
25602,545
25603,614
25604,504
25605,696
25606,468
25607,654
25608,630
25609,602
25610,647
25611,648
25612,543
25613,682
25614,640
25615,628
25616,430
25617,508
25618,426
25619,559
25620,416
25621,666
25622,528
25623,619
25624,481
25625,448
25626,440
25627,419
25628,436
25629,438
25630,508
25631,463
25632,574
25633,678
25634,431
25635,608
25636,418
25637,505
25638,605
25639,646
25640,566
25641,488
25642,410
25643,448
25644,460
25645,570
25646,542
25647,606
25648,600
25649,404
25650,610
25651,428
25652,589
25653,587
25654,654
25655,549
25656,412
25657,556
25658,479
25659,672
25660,547
25661,605
25662,513
25663,405
25664,677
25665,631
25666,536
25667,559
25668,688
25669,604
25670,557
25671,505
25672,481
25673,669
25674,448
25675,605
25676,617
25677,563
25678,678
25679,630
25680,598
25681,613
25682,683
25683,675
25684,584
25685,609
25686,520
25687,615
25688,496
25689,518
25690,681
25691,505
25692,541
25693,667
25694,690
25695,566
25696,559
25697,630
25698,413
25699,592
25700,554
25701,500
25702,459
25703,442
25704,592
25705,508
25706,492
25707,615
25708,562
25709,633
25710,566
25711,547
25712,427
25713,658
25714,485
25715,507
25716,516
25717,414
25718,610
25719,430
25720,681
25721,584
25722,465
25723,462
25724,627
25725,500
25726,538
25727,518
25728,456
25729,530
25730,436
25731,510
25732,552
25733,649
25734,641
25735,607
25736,569
25737,656
25738,678
25739,512
25740,574
25741,488
25742,534
25743,693
25744,605
25745,472
25746,658
25747,547
25748,624
25749,504
25750,443
25751,425
25752,660
25753,458
25754,460
25755,469
25756,670
25757,656
25758,524
25759,418
25760,518
25761,465
25762,644
25763,456
25764,443
25765,411
25766,635
25767,423
25768,656
25769,683
25770,650
25771,493
25772,421
25773,556
25774,488
25775,601
25776,596
25777,444
25778,478
25779,438
25780,683
25781,554
25782,548
25783,451
25784,650
25785,546
25786,657
25787,672
25788,524
25789,603
25790,655
25791,530
25792,420
25793,477
25794,450
25795,665
25796,515
25797,454
25798,691
25799,450
25800,672
25801,653
25802,460
25803,624
25804,502
25805,447
25806,624
25807,632
25808,469
25809,446
25810,627
25811,409
25812,584
25813,479
25814,412
25815,483
25816,485
25817,556
25818,543
25819,462
25820,442
25821,557
25822,584
25823,685
25824,423
25825,604
25826,623
25827,500
25828,603
25829,407
25830,571
25831,607
25832,495
25833,561
25834,690
25835,495
25836,544
25837,657
25838,699
25839,501
25840,576
25841,509
25842,597
25843,528
25844,536
25845,426
25846,536
25847,563
25848,530
25849,550
25850,645
25851,509
25852,472
25853,685
25854,674
25855,466
25856,449
25857,402
25858,625
25859,465
25860,554
25861,510
25862,695
25863,655
25864,673
25865,554
25866,538
25867,566
25868,418
25869,622
25870,456
25871,693
25872,532
25873,691
25874,604
25875,518
25876,652
25877,484
25878,584
25879,624
25880,547
25881,679
25882,626
25883,685
25884,683
25885,580
25886,508
25887,534
25888,690
25889,689
25890,502
25891,600
25892,516
25893,428
25894,426
25895,412
25896,441
25897,623
25898,420
25899,535
25900,620
25901,544
25902,409
25903,624
25904,540
25905,505
25906,667
25907,593
25908,527
25909,612
25910,550
25911,579
25912,425
25913,414
25914,421
25915,464
25916,650
25917,420
25918,632
25919,415
25920,671
25921,604
25922,697
25923,559
25924,440
25925,507
25926,524
25927,551
25928,412
25929,602
25930,478
25931,441
25932,568
25933,648
25934,520
25935,671
25936,699
25937,608
25938,557
25939,520
25940,626
25941,423
25942,629
25943,425
25944,457
25945,664
25946,525
25947,674
25948,427
25949,527
25950,493
25951,590
25952,671
25953,404
25954,556
25955,451
25956,642
25957,550
25958,661
25959,479
25960,582
25961,506
25962,553
25963,692
25964,604
25965,515
25966,416
25967,687
25968,555
25969,424
25970,677
25971,525
25972,699
25973,675
25974,577
25975,446
25976,599
25977,450
25978,694
25979,669
25980,596
25981,420
25982,542
25983,647
25984,400
25985,673
25986,640
25987,457
25988,525
25989,451
25990,622
25991,668
25992,495
25993,672
25994,460
25995,580
25996,532
25997,488
25998,572
25999,404
26000,603
26001,561
26002,460
26003,589
26004,462
26005,443
26006,638
26007,427
26008,597
26009,668
26010,570
26011,429
26012,553
26013,608
26014,462
26015,456
26016,607
26017,462
26018,647
26019,540
26020,492
26021,506
26022,487
26023,507
26024,445
26025,476
26026,616
26027,568
26028,528
26029,600
26030,595
26031,667
26032,487
26033,652
26034,637
26035,472
26036,560
26037,457
26038,690
26039,465
26040,425
26041,697
26042,476
26043,685
26044,435
26045,418
26046,677
26047,666
26048,681
26049,418
26050,539
26051,466
26052,417
26053,660
26054,511
26055,514
26056,565
26057,466
26058,654
26059,469
26060,602
26061,526
26062,479
26063,575
26064,512
26065,510
26066,536
26067,532
26068,588
26069,676
26070,624
26071,502
26072,506
26073,462
26074,644
26075,572
26076,609
26077,590
26078,557
26079,624
26080,571
26081,435
26082,533
26083,436
26084,492
26085,474
26086,643
26087,582
26088,604
26089,586
26090,565
26091,514
26092,606
26093,644
26094,560
26095,412
26096,693
26097,635
26098,672
26099,513
26100,551
26101,425
26102,567
26103,431
26104,620
26105,605
26106,497
26107,490
26108,613
26109,587
26110,456
26111,506
26112,594
26113,421
26114,585
26115,484
26116,479
26117,476
26118,576
26119,573
26120,481
26121,420
26122,578
26123,624
26124,664
26125,668
26126,650
26127,672
26128,671
26129,679
26130,622
26131,474
26132,550
26133,504
26134,441
26135,575
26136,644
26137,652
26138,673
26139,491
26140,410
26141,551
26142,588
26143,563
26144,525
26145,610
26146,496
26147,446
26148,623
26149,456
26150,474
26151,653
26152,550
26153,458
26154,485
26155,569
26156,545
26157,432
26158,402
26159,683
26160,656
26161,525
26162,512
26163,692
26164,447
26165,674
26166,594
26167,624
26168,612
26169,681
26170,537
26171,469
26172,698
26173,469
26174,607
26175,599
26176,458
26177,658
26178,564
26179,644
26180,483
26181,513
26182,633
26183,661
26184,571
26185,417
26186,634
26187,556
26188,610
26189,680
26190,595
26191,514
26192,559
26193,554
26194,450
26195,683
26196,472
26197,509
26198,685
26199,620
26200,408
26201,481
26202,693
26203,421
26204,498
26205,569
26206,589
26207,505
26208,664
26209,567
26210,512
26211,547
26212,619
26213,432
26214,619
26215,584
26216,592
26217,579
26218,405
26219,408
26220,460
26221,562
26222,498
26223,547
26224,457
26225,614
26226,581
26227,434
26228,445
26229,486
26230,403
26231,665
26232,506
26233,474
26234,439
26235,526
26236,582
26237,518
26238,472
26239,439
26240,603
26241,495
26242,678
26243,542
26244,514
26245,532
26246,567
26247,644
26248,676
26249,658
26250,445
26251,636
26252,452
26253,547
26254,586
26255,420
26256,489
26257,632
26258,614
26259,450
26260,552
26261,515
26262,613
26263,536
26264,684
26265,470
26266,644
26267,437
26268,615
26269,526
26270,471
26271,625
26272,683
26273,645
26274,470
26275,594
26276,437
26277,516
26278,637
26279,603
26280,404
26281,556
26282,506
26283,627
26284,541
26285,571
26286,545
26287,406
26288,415
26289,436
26290,552
26291,664
26292,582
26293,555
26294,536
26295,489
26296,617
26297,585
26298,608
26299,450
26300,687
26301,487
26302,535
26303,557
26304,681
26305,554
26306,619
26307,566
26308,578
26309,449
26310,486
26311,432
26312,674
26313,540
26314,605
26315,623
26316,512
26317,677
26318,404
26319,611
26320,655
26321,429
26322,481
26323,635
26324,652
26325,517
26326,429
26327,510
26328,653
26329,598
26330,694
26331,696
26332,686
26333,643
26334,620
26335,555
26336,635
26337,418
26338,614
26339,513
26340,599
26341,424
26342,520
26343,629
26344,498
26345,402
26346,660
26347,653
26348,419
26349,603
26350,693
26351,527
26352,691
26353,573
26354,620
26355,436
26356,548
26357,491
26358,469
26359,483
26360,604
26361,666
26362,487
26363,651
26364,610
26365,430
26366,460
26367,466
26368,625
26369,466
26370,527
26371,510
26372,671
26373,433
26374,611
26375,699
26376,524
26377,502
26378,605
26379,519
26380,569
26381,434
26382,645
26383,457
26384,540
26385,510
26386,562
26387,510
26388,551
26389,464
26390,505
26391,615
26392,490
26393,425
26394,556
26395,471
26396,443
26397,489
26398,532
26399,560
26400,631
26401,660
26402,510
26403,563
26404,476
26405,608
26406,412
26407,457
26408,435
26409,424
26410,433
26411,539
26412,674
26413,621
26414,436
26415,528
26416,617
26417,647
26418,510
26419,619
26420,595
26421,546
26422,439
26423,533
26424,590
26425,562
26426,460
26427,404
26428,436
26429,616
26430,624
26431,615
26432,538
26433,505
26434,498
26435,567
26436,663
26437,486
26438,483
26439,623
26440,410
26441,585
26442,630
26443,540
26444,505
26445,652
26446,448
26447,662
26448,604
26449,450
26450,574
26451,624
26452,660
26453,621
26454,622
26455,668
26456,697
26457,473
26458,513
26459,618
26460,453
26461,599
26462,530
26463,591
26464,578
26465,686
26466,639
26467,644
26468,516
26469,607
26470,611
26471,658
26472,562
26473,625
26474,463
26475,645
26476,417
26477,433
26478,580
26479,593
26480,591
26481,466
26482,608
26483,566
26484,645
26485,644
26486,565
26487,695
26488,610
26489,532
26490,596
26491,448
26492,463
26493,511
26494,584
26495,503
26496,612
26497,404
26498,518
26499,648
26500,566
26501,641
26502,679
26503,637
26504,604
26505,400
26506,570
26507,566
26508,657
26509,462
26510,671
26511,436
26512,415
26513,653
26514,426
26515,510
26516,632
26517,463
26518,496
26519,666
26520,631
26521,447
26522,609
26523,475
26524,646
26525,467
26526,463
26527,581
26528,479
26529,602
26530,581
26531,613
26532,519
26533,640
26534,601
26535,691
26536,453
26537,544
26538,485
26539,421
26540,691
26541,635
26542,428
26543,582
26544,559
26545,417
26546,437
26547,500
26548,689
26549,572
26550,466
26551,590
26552,442
26553,522
26554,677
26555,595
26556,524
26557,495
26558,556
26559,439
26560,572
26561,572
26562,519
26563,672
26564,660
26565,680
26566,523
26567,677
26568,492
26569,434
26570,527
26571,419
26572,660
26573,566
26574,635
26575,431
26576,630
26577,590
26578,544
26579,500
26580,478
26581,559
26582,654
26583,678
26584,587
26585,609
26586,640
26587,455
26588,536
26589,505
26590,468
26591,589
26592,591
26593,677
26594,431
26595,574
26596,657
26597,522
26598,484
26599,615
26600,615
26601,413
26602,436
26603,426
26604,551
26605,463
26606,469
26607,553
26608,652
26609,670
26610,428
26611,473
26612,683
26613,458
26614,642
26615,548
26616,409
26617,531
26618,461
26619,661
26620,617
26621,631
26622,471
26623,415
26624,437
26625,576
26626,482
26627,416
26628,555
26629,571
26630,469
26631,470
26632,654
26633,530
26634,448
26635,420
26636,619
26637,586
26638,431
26639,602
26640,675
26641,641
26642,415
26643,572
26644,536
26645,578
26646,460
26647,503
26648,594
26649,655
26650,475
26651,670
26652,580
26653,531
26654,550
26655,554
26656,634
26657,647
26658,564
26659,604
26660,564
26661,612
26662,653
26663,556
26664,576
26665,474
26666,577
26667,683
26668,532
26669,524
26670,526
26671,624
26672,416
26673,645
26674,536
26675,616
26676,595
26677,600
26678,606
26679,415
26680,412
26681,477
26682,613
26683,518
26684,580
26685,536
26686,578
26687,607
26688,453
26689,478
26690,670
26691,517
26692,505
26693,504
26694,517
26695,628
26696,547
26697,549
26698,655
26699,481
26700,415
26701,592
26702,610
26703,473
26704,676
26705,460
26706,423
26707,422
26708,657
26709,597
26710,452
26711,538
26712,670
26713,600
26714,563
26715,491
26716,422
26717,487
26718,581
26719,682
26720,420
26721,448
26722,589
26723,604
26724,443
26725,699
26726,527
26727,588
26728,569
26729,678
26730,600
26731,524
26732,691
26733,415
26734,673
26735,693
26736,419
26737,418
26738,412
26739,416
26740,605
26741,429
26742,698
26743,442
26744,492
26745,465
26746,518
26747,471
26748,561
26749,668
26750,617
26751,653
26752,458
26753,431
26754,519
26755,401
26756,517
26757,436
26758,496
26759,656
26760,527
26761,555
26762,544
26763,456
26764,469
26765,443
26766,611
26767,574
26768,540
26769,475
26770,557
26771,484
26772,417
26773,683
26774,441
26775,533
26776,501
26777,536
26778,621
26779,628
26780,693
26781,518
26782,498
26783,558
26784,638
26785,588
26786,648
26787,425
26788,588
26789,539
26790,580
26791,420
26792,562
26793,470
26794,481
26795,554
26796,446
26797,593
26798,623
26799,636
26800,679
26801,409
26802,551
26803,503
26804,523
26805,584
26806,689
26807,440
26808,410
26809,617
26810,400
26811,570
26812,681
26813,452
26814,524
26815,574
26816,664
26817,664
26818,598
26819,655
26820,571
26821,458
26822,505
26823,524
26824,415
26825,437
26826,642
26827,609
26828,684
26829,567
26830,663
26831,497
26832,533
26833,580
26834,621
26835,548
26836,643
26837,475
26838,661
26839,630
26840,590
26841,533
26842,651
26843,644
26844,664
26845,403
26846,436
26847,470
26848,661
26849,636
26850,577
26851,495
26852,626
26853,410
26854,665
26855,588
26856,608
26857,412
26858,561
26859,459
26860,404
26861,601
26862,411
26863,639
26864,624
26865,581
26866,696
26867,577
26868,517
26869,475
26870,445
26871,626
26872,693
26873,639
26874,540
26875,603
26876,549
26877,529
26878,668
26879,536
26880,515
26881,560
26882,554
26883,572
26884,529
26885,478
26886,456
26887,456
26888,533
26889,413
26890,682
26891,693
26892,546
26893,526
26894,659
26895,617
26896,632
26897,567
26898,542
26899,659
26900,617
26901,545
26902,498
26903,581
26904,568
26905,632
26906,492
26907,516
26908,403
26909,484
26910,566
26911,406
26912,631
26913,650
26914,484
26915,592
26916,522
26917,488
26918,494
26919,699
26920,444
26921,652
26922,450
26923,464
26924,453
26925,621
26926,471
26927,567
26928,585
26929,542
26930,418
26931,409
26932,671
26933,570
26934,415
26935,479
26936,683
26937,589
26938,547
26939,562
26940,664
26941,537
26942,429
26943,567
26944,490
26945,490
26946,610
26947,699
26948,573
26949,533
26950,423
26951,600
26952,618
26953,406
26954,405
26955,517
26956,560
26957,484
26958,647
26959,565
26960,544
26961,430
26962,619
26963,532
26964,463
26965,475
26966,530
26967,437
26968,453
26969,529
26970,617
26971,401
26972,645
26973,539
26974,695
26975,657
26976,504
26977,584
26978,643
26979,563
26980,531
26981,602
26982,609
26983,500
26984,670
26985,448
26986,638
26987,614
26988,690
26989,679
26990,476
26991,550
26992,696
26993,556
26994,597
26995,686
26996,423
26997,408
26998,531
26999,476
27000,625
27001,530
27002,489
27003,516
27004,509
27005,670
27006,626
27007,643
27008,454
27009,436
27010,454
27011,411
27012,584
27013,636
27014,692
27015,603
27016,610
27017,625
27018,406
27019,619
27020,427
27021,692
27022,611
27023,588
27024,474
27025,641
27026,513
27027,566
27028,505
27029,550
27030,483
27031,611
27032,666
27033,668
27034,576
27035,670
27036,581
27037,558
27038,588
27039,585
27040,645
27041,441
27042,684
27043,699
27044,693
27045,580
27046,581
27047,617
27048,562
27049,445
27050,491
27051,504
27052,606
27053,538
27054,428
27055,650
27056,590
27057,446
27058,650
27059,662
27060,463
27061,667
27062,411
27063,691
27064,428
27065,538
27066,484
27067,473
27068,650
27069,623
27070,446
27071,480
27072,520
27073,442
27074,545
27075,473
27076,452
27077,632
27078,694
27079,599
27080,561
27081,436
27082,496
27083,448
27084,409
27085,439
27086,552
27087,505
27088,440
27089,563
27090,657
27091,610
27092,601
27093,594
27094,452
27095,546
27096,681
27097,642
27098,450
27099,513
27100,672
27101,519
27102,588
27103,445
27104,642
27105,449
27106,410
27107,447
27108,455
27109,407
27110,413
27111,614
27112,644
27113,453
27114,672
27115,530
27116,408
27117,611
27118,521
27119,513
27120,419
27121,420
27122,607
27123,432
27124,532
27125,590
27126,425
27127,488
27128,491
27129,432
27130,637
27131,417
27132,673
27133,688
27134,426
27135,507
27136,625
27137,418
27138,622
27139,680
27140,503
27141,688
27142,436
27143,643
27144,442
27145,525
27146,408
27147,413
27148,530
27149,583
27150,681
27151,452
27152,440
27153,420
27154,694
27155,607
27156,550
27157,468
27158,426
27159,515
27160,541
27161,440
27162,505
27163,473
27164,459
27165,697
27166,521
27167,602
27168,410
27169,546
27170,615
27171,413
27172,466
27173,579
27174,641
27175,559
27176,409
27177,523
27178,672
27179,640
27180,542
27181,566
27182,456
27183,537
27184,416
27185,672
27186,402
27187,642
27188,507
27189,450
27190,573
27191,515
27192,582
27193,553
27194,646
27195,475
27196,643
27197,480
27198,628
27199,471
27200,617
27201,642
27202,477
27203,557
27204,447
27205,697
27206,423
27207,509
27208,451
27209,689
27210,658
27211,538
27212,674
27213,443
27214,658
27215,512
27216,626
27217,464
27218,562
27219,563
27220,565
27221,438
27222,552
27223,668
27224,474
27225,656
27226,599
27227,497
27228,503
27229,563
27230,512
27231,502
27232,436
27233,505
27234,586
27235,420
27236,547
27237,528
27238,586
27239,683
27240,598
27241,634
27242,507
27243,408
27244,625
27245,608
27246,644
27247,687
27248,465
27249,552
27250,590
27251,617
27252,553
27253,676
27254,481
27255,620
27256,679
27257,510
27258,491
27259,411
27260,538
27261,554
27262,422
27263,619
27264,636
27265,652
27266,582
27267,597
27268,569
27269,522
27270,433
27271,402
27272,405
27273,501
27274,591
27275,412
27276,435
27277,469
27278,688
27279,504
27280,603
27281,454
27282,506
27283,540
27284,624
27285,435
27286,532
27287,424
27288,436
27289,418
27290,434
27291,405
27292,598
27293,433
27294,455
27295,655
27296,610
27297,496
27298,681
27299,640
27300,569
27301,693
27302,626
27303,526
27304,679
27305,420
27306,645
27307,489
27308,405
27309,665
27310,496
27311,549
27312,479
27313,416
27314,537
27315,539
27316,439
27317,567
27318,473
27319,473
27320,449
27321,409
27322,502
27323,698
27324,503
27325,689
27326,679
27327,541
27328,696
27329,569
27330,412
27331,556
27332,573
27333,561
27334,531
27335,427
27336,482
27337,668
27338,650
27339,505
27340,660
27341,413
27342,479
27343,559
27344,577
27345,554
27346,434
27347,658
27348,659
27349,534
27350,530
27351,480
27352,458
27353,473
27354,638
27355,528
27356,537
27357,502
27358,408
27359,631
27360,498
27361,617
27362,636
27363,621
27364,567
27365,461
27366,409
27367,633
27368,486
27369,666
27370,603
27371,640
27372,455
27373,509
27374,448
27375,642
27376,415
27377,472
27378,601
27379,492
27380,536
27381,432
27382,487
27383,602
27384,438
27385,513
27386,646
27387,607
27388,696
27389,610
27390,458
27391,555
27392,521
27393,519
27394,696
27395,461
27396,557
27397,439
27398,641
27399,439
27400,589
27401,633
27402,414
27403,523
27404,627
27405,679
27406,447
27407,588
27408,446
27409,583
27410,504
27411,646
27412,663
27413,605
27414,417
27415,650
27416,637
27417,465
27418,549
27419,592
27420,546
27421,582
27422,505
27423,635
27424,525
27425,578
27426,412
27427,630
27428,427
27429,660
27430,499
27431,587
27432,699
27433,518
27434,445
27435,467
27436,570
27437,595
27438,419
27439,510
27440,545
27441,591
27442,628
27443,411
27444,616
27445,478
27446,435
27447,663
27448,427
27449,485
27450,587
27451,653
27452,479
27453,585
27454,404
27455,445
27456,501
27457,401
27458,616
27459,424
27460,656
27461,622
27462,468
27463,596
27464,671
27465,581
27466,417
27467,506
27468,416
27469,524
27470,481
27471,403
27472,514
27473,536
27474,686
27475,627
27476,415
27477,697
27478,611
27479,645
27480,685
27481,681
27482,576
27483,430
27484,449
27485,542
27486,451
27487,632
27488,565
27489,437
27490,419
27491,498
27492,614
27493,443
27494,510
27495,488
27496,517
27497,638
27498,471
27499,562
27500,650
27501,594
27502,459
27503,497
27504,472
27505,621
27506,518
27507,581
27508,617
27509,655
27510,487
27511,674
27512,425
27513,520
27514,688
27515,429
27516,601
27517,435
27518,524
27519,622
27520,634
27521,523
27522,570
27523,580
27524,614
27525,517
27526,626
27527,436
27528,495
27529,519
27530,411
27531,521
27532,434
27533,650
27534,466
27535,437
27536,679
27537,629
27538,567
27539,645
27540,478
27541,513
27542,616
27543,599
27544,641
27545,412
27546,606
27547,661
27548,496
27549,470
27550,629
27551,699
27552,431
27553,649
27554,653
27555,658
27556,581
27557,565
27558,403
27559,544
27560,564
27561,504
27562,435
27563,568
27564,407
27565,485
27566,496
27567,429
27568,500
27569,466
27570,462
27571,431
27572,486
27573,610
27574,450
27575,462
27576,479
27577,631
27578,500
27579,528
27580,418
27581,493
27582,480
27583,502
27584,553
27585,668
27586,517
27587,678
27588,624
27589,667
27590,536
27591,625
27592,628
27593,507
27594,699
27595,406
27596,527
27597,666
27598,572
27599,613
27600,646
27601,505
27602,482
27603,691
27604,602
27605,440
27606,604
27607,448
27608,542
27609,540
27610,452
27611,506
27612,432
27613,599
27614,518
27615,687
27616,628
27617,517
27618,575
27619,584
27620,614
27621,620
27622,529
27623,671
27624,645
27625,522
27626,407
27627,466
27628,514
27629,687
27630,504
27631,424
27632,452
27633,646
27634,680
27635,432
27636,686
27637,435
27638,638
27639,616
27640,576
27641,443
27642,557
27643,668
27644,570
27645,620
27646,629
27647,490
27648,530
27649,625
27650,624
27651,542
27652,465
27653,427
27654,524
27655,611
27656,479
27657,637
27658,531
27659,699
27660,518
27661,445
27662,483
27663,681
27664,412
27665,524
27666,571
27667,633
27668,580
27669,450
27670,668
27671,568
27672,687
27673,673
27674,606
27675,547
27676,699
27677,436
27678,560
27679,674
27680,687
27681,505
27682,421
27683,632
27684,521
27685,528
27686,616
27687,547
27688,457
27689,636
27690,469
27691,588
27692,641
27693,462
27694,640
27695,584
27696,658
27697,628
27698,622
27699,498
27700,646
27701,444
27702,672
27703,404
27704,410
27705,438
27706,441
27707,602
27708,493
27709,404
27710,451
27711,549
27712,604
27713,699
27714,586
27715,552
27716,515
27717,548
27718,619
27719,591
27720,632
27721,620
27722,446
27723,526
27724,690
27725,614
27726,406
27727,583
27728,515
27729,451
27730,445
27731,422
27732,530
27733,526
27734,664
27735,595
27736,447
27737,481
27738,508
27739,662
27740,430
27741,455
27742,588
27743,404
27744,685
27745,677
27746,544
27747,595
27748,426
27749,526
27750,534
27751,422
27752,516
27753,407
27754,500
27755,660
27756,598
27757,485
27758,627
27759,578
27760,639
27761,411
27762,633
27763,582
27764,681
27765,589
27766,614
27767,657
27768,425
27769,669
27770,481
27771,584
27772,687
27773,461
27774,429
27775,430
27776,692
27777,572
27778,501
27779,527
27780,485
27781,427
27782,521
27783,650
27784,460
27785,570
27786,671
27787,699
27788,512
27789,593
27790,418
27791,492
27792,616
27793,578
27794,590
27795,562
27796,499
27797,586
27798,694
27799,466
27800,472
27801,631
27802,588
27803,449
27804,523
27805,556
27806,660
27807,594
27808,655
27809,599
27810,467
27811,479
27812,632
27813,585
27814,504
27815,541
27816,671
27817,523
27818,622
27819,573
27820,590
27821,539
27822,696
27823,518
27824,674
27825,475
27826,508
27827,518
27828,657
27829,419
27830,518
27831,536
27832,676
27833,654
27834,663
27835,566
27836,564
27837,428
27838,434
27839,636
27840,693
27841,489
27842,602
27843,627
27844,467
27845,530
27846,510
27847,411
27848,687
27849,574
27850,553
27851,442
27852,604
27853,571
27854,693
27855,684
27856,451
27857,514
27858,418
27859,434
27860,447
27861,632
27862,618
27863,509
27864,653
27865,587
27866,430
27867,658
27868,562
27869,470
27870,455
27871,498
27872,420
27873,507
27874,452
27875,405
27876,630
27877,481
27878,616
27879,446
27880,640
27881,577
27882,481
27883,686
27884,591
27885,542
27886,678
27887,440
27888,670
27889,486
27890,402
27891,610
27892,400
27893,474
27894,630
27895,475
27896,659
27897,424
27898,599
27899,493
27900,507
27901,494
27902,490
27903,443
27904,422
27905,589
27906,422
27907,633
27908,585
27909,462
27910,502
27911,588
27912,588
27913,468
27914,513
27915,503
27916,507
27917,420
27918,665
27919,608
27920,569
27921,593
27922,522
27923,576
27924,403
27925,587
27926,428
27927,485
27928,446
27929,476
27930,590
27931,430
27932,568
27933,435
27934,644
27935,587
27936,414
27937,615
27938,557
27939,554
27940,640
27941,695
27942,444
27943,574
27944,455
27945,453
27946,664
27947,638
27948,507
27949,597
27950,613
27951,645
27952,437
27953,572
27954,504
27955,439
27956,529
27957,580
27958,593
27959,688
27960,458
27961,425
27962,502
27963,420
27964,479
27965,598
27966,436
27967,413
27968,620
27969,565
27970,572
27971,549
27972,571
27973,480
27974,624
27975,434
27976,587
27977,623
27978,530
27979,408
27980,468
27981,427
27982,633
27983,430
27984,631
27985,453
27986,574
27987,697
27988,678
27989,485
27990,464
27991,488
27992,453
27993,517
27994,628
27995,666
27996,421
27997,646
27998,419
27999,583
28000,449
28001,489
28002,503
28003,593
28004,473
28005,668
28006,414
28007,682
28008,597
28009,594
28010,435
28011,604
28012,538
28013,663
28014,456
28015,509
28016,573
28017,605
28018,624
28019,463
28020,651
28021,666
28022,492
28023,582
28024,699
28025,613
28026,541
28027,482
28028,498
28029,680
28030,501
28031,470
28032,665
28033,529
28034,459
28035,518
28036,662
28037,420
28038,496
28039,400
28040,602
28041,527
28042,531
28043,433
28044,486
28045,431
28046,658
28047,432
28048,685
28049,448
28050,685
28051,481
28052,543
28053,679
28054,491
28055,623
28056,616
28057,555
28058,676
28059,407
28060,435
28061,523
28062,408
28063,439
28064,578
28065,528
28066,467
28067,553
28068,402
28069,664
28070,403
28071,661
28072,681
28073,484
28074,434
28075,513
28076,458
28077,437
28078,432
28079,602
28080,601
28081,499
28082,517
28083,642
28084,428
28085,626
28086,612
28087,586
28088,512
28089,698
28090,560
28091,418
28092,663
28093,558
28094,410
28095,407
28096,552
28097,512
28098,547
28099,437
28100,534
28101,634
28102,654
28103,473
28104,675
28105,608
28106,666
28107,543
28108,441
28109,623
28110,451
28111,536
28112,594
28113,494
28114,657
28115,424
28116,631
28117,493
28118,620
28119,696
28120,602
28121,480
28122,604
28123,476
28124,437
28125,594
28126,441
28127,581
28128,644
28129,594
28130,477
28131,524
28132,540
28133,426
28134,680
28135,692
28136,641
28137,635
28138,602
28139,541
28140,493
28141,551
28142,652
28143,466
28144,575
28145,502
28146,490
28147,592
28148,565
28149,489
28150,667
28151,450
28152,565
28153,573
28154,626
28155,665
28156,408
28157,486
28158,493
28159,451
28160,578
28161,677
28162,638
28163,472
28164,471
28165,467
28166,404
28167,637
28168,520
28169,610
28170,661
28171,457
28172,442
28173,596
28174,471
28175,490
28176,436
28177,636
28178,692
28179,553
28180,569
28181,671
28182,509
28183,550
28184,530
28185,667
28186,422
28187,538
28188,638
28189,591
28190,526
28191,428
28192,520
28193,597
28194,573
28195,543
28196,578
28197,410
28198,538
28199,652
28200,418
28201,559
28202,521
28203,471
28204,454
28205,568
28206,498
28207,469
28208,548
28209,516
28210,425
28211,647
28212,608
28213,626
28214,513
28215,593
28216,409
28217,494
28218,520
28219,525
28220,436
28221,468
28222,696
28223,573
28224,444
28225,522
28226,426
28227,592
28228,535
28229,594
28230,448
28231,495
28232,520
28233,648
28234,616
28235,513
28236,413
28237,461
28238,442
28239,639
28240,495
28241,426
28242,641
28243,639
28244,466
28245,680
28246,591
28247,518
28248,551
28249,664
28250,630
28251,648
28252,458
28253,416
28254,570
28255,531
28256,535
28257,441
28258,405
28259,569
28260,687
28261,614
28262,468
28263,426
28264,624
28265,633
28266,450
28267,548
28268,474
28269,491
28270,467
28271,634
28272,543
28273,475
28274,485
28275,626
28276,455
28277,479
28278,423
28279,626
28280,427
28281,520
28282,492
28283,511
28284,430
28285,542
28286,697
28287,626
28288,649
28289,449
28290,613
28291,668
28292,687
28293,594
28294,653
28295,478
28296,643
28297,490
28298,405
28299,680
28300,549
28301,681
28302,590
28303,673
28304,472
28305,467
28306,462
28307,533
28308,667
28309,622
28310,525
28311,664
28312,406
28313,605
28314,578
28315,582
28316,627
28317,635
28318,545
28319,457
28320,695
28321,640
28322,686
28323,562
28324,425
28325,505
28326,639
28327,441
28328,532
28329,443
28330,434
28331,400
28332,625
28333,698
28334,687
28335,635
28336,432
28337,494
28338,604
28339,508
28340,429
28341,665
28342,422
28343,496
28344,438
28345,572
28346,647
28347,561
28348,579
28349,502
28350,608
28351,421
28352,404
28353,538
28354,613
28355,559
28356,538
28357,544
28358,559
28359,482
28360,554
28361,687
28362,680
28363,463
28364,591
28365,555
28366,490
28367,541
28368,441
28369,648
28370,694
28371,657
28372,400
28373,508
28374,524
28375,463
28376,605
28377,643
28378,477
28379,510
28380,541
28381,615
28382,415
28383,453
28384,540
28385,478
28386,548
28387,526
28388,557
28389,678
28390,437
28391,556
28392,687
28393,511
28394,589
28395,505
28396,490
28397,448
28398,560
28399,403
28400,597
28401,653
28402,489
28403,419
28404,476
28405,619
28406,561
28407,514
28408,493
28409,532
28410,571
28411,513
28412,408
28413,698
28414,659
28415,569
28416,497
28417,568
28418,617
28419,443
28420,660
28421,684
28422,525
28423,659
28424,613
28425,599
28426,635
28427,535
28428,515
28429,554
28430,417
28431,403
28432,564
28433,526
28434,612
28435,447
28436,445
28437,445
28438,447
28439,586
28440,519
28441,531
28442,418
28443,674
28444,631
28445,441
28446,491
28447,660
28448,447
28449,681
28450,473
28451,615
28452,620
28453,508
28454,534
28455,637
28456,554
28457,455
28458,597
28459,437
28460,616
28461,630
28462,656
28463,608
28464,600
28465,536
28466,527
28467,452
28468,483
28469,608
28470,684
28471,435
28472,614
28473,426
28474,545
28475,417
28476,517
28477,536
28478,466
28479,429
28480,472
28481,522
28482,627
28483,672
28484,645
28485,438
28486,569
28487,501
28488,693
28489,642
28490,556
28491,664
28492,656
28493,522
28494,446
28495,409
28496,543
28497,698
28498,551
28499,535
28500,474
28501,425
28502,406
28503,478
28504,414
28505,606
28506,488
28507,496
28508,615
28509,658
28510,686
28511,474
28512,641
28513,416
28514,576
28515,658
28516,522
28517,510
28518,655
28519,633
28520,439
28521,521
28522,614
28523,695
28524,685
28525,680
28526,406
28527,491
28528,522
28529,495
28530,400
28531,490
28532,406
28533,519
28534,528
28535,578
28536,497
28537,442
28538,582
28539,584
28540,452
28541,627
28542,560
28543,634
28544,599
28545,400
28546,413
28547,612
28548,676
28549,433
28550,669
28551,567
28552,569
28553,481
28554,536
28555,632
28556,514
28557,651
28558,688
28559,448
28560,403
28561,575
28562,671
28563,425
28564,469
28565,692
28566,633
28567,630
28568,662
28569,685
28570,473
28571,520
28572,405
28573,423
28574,593
28575,567
28576,609
28577,532
28578,691
28579,573
28580,550
28581,487
28582,665
28583,469
28584,604
28585,431
28586,442
28587,517
28588,414
28589,514
28590,419
28591,577
28592,661
28593,478
28594,519
28595,425
28596,421
28597,600
28598,463
28599,613
28600,692
28601,477
28602,615
28603,623
28604,427
28605,600
28606,466
28607,525
28608,594
28609,573
28610,486
28611,553
28612,609
28613,412
28614,563
28615,654
28616,463
28617,475
28618,421
28619,459
28620,455
28621,567
28622,604
28623,658
28624,590
28625,454
28626,683
28627,663
28628,658
28629,488
28630,621
28631,488
28632,458
28633,551
28634,427
28635,624
28636,450
28637,662
28638,678
28639,445
28640,505
28641,683
28642,423
28643,406
28644,402
28645,657
28646,662
28647,520
28648,607
28649,420
28650,539
28651,679
28652,688
28653,605
28654,442
28655,517
28656,404
28657,606
28658,522
28659,541
28660,631
28661,563
28662,434
28663,410
28664,474
28665,699
28666,597
28667,663
28668,623
28669,521
28670,473
28671,427
28672,570
28673,615
28674,500
28675,645
28676,492
28677,462
28678,665
28679,605
28680,479
28681,436
28682,410
28683,514
28684,489
28685,631
28686,418
28687,451
28688,673
28689,493
28690,431
28691,550
28692,539
28693,457
28694,420
28695,548
28696,620
28697,620
28698,641
28699,618
28700,428
28701,446
28702,457
28703,674
28704,539
28705,422
28706,462
28707,451
28708,665
28709,566
28710,550
28711,410
28712,494
28713,471
28714,447
28715,671
28716,494
28717,632
28718,447
28719,607
28720,626
28721,476
28722,618
28723,480
28724,436
28725,501
28726,590
28727,428
28728,652
28729,650
28730,625
28731,493
28732,485
28733,509
28734,616
28735,595
28736,696
28737,443
28738,489
28739,554
28740,508
28741,458
28742,509
28743,505
28744,620
28745,662
28746,481
28747,671
28748,448
28749,431
28750,488
28751,418
28752,402
28753,459
28754,641
28755,428
28756,474
28757,469
28758,482
28759,572
28760,596
28761,546
28762,672
28763,434
28764,512
28765,605
28766,557
28767,652
28768,521
28769,447
28770,584
28771,672
28772,500
28773,414
28774,527
28775,609
28776,511
28777,669
28778,541
28779,572
28780,565
28781,518
28782,602
28783,410
28784,648
28785,647
28786,553
28787,424
28788,620
28789,509
28790,489
28791,664
28792,439
28793,662
28794,557
28795,517
28796,655
28797,595
28798,413
28799,517
28800,616
28801,604
28802,476
28803,571
28804,425
28805,527
28806,541
28807,423
28808,631
28809,576
28810,634
28811,425
28812,665
28813,516
28814,457
28815,669
28816,694
28817,521
28818,558
28819,577
28820,543
28821,488
28822,638
28823,437
28824,478
28825,651
28826,548
28827,415
28828,668
28829,517
28830,591
28831,687
28832,696
28833,593
28834,680
28835,649
28836,630
28837,402
28838,573
28839,639
28840,503
28841,688
28842,643
28843,687
28844,672
28845,519
28846,658
28847,469
28848,582
28849,646
28850,517
28851,430
28852,548
28853,415
28854,672
28855,501
28856,471
28857,592
28858,510
28859,692
28860,676
28861,505
28862,436
28863,690
28864,580
28865,542
28866,513
28867,637
28868,493
28869,659
28870,506
28871,643
28872,422
28873,670
28874,539
28875,481
28876,555
28877,418
28878,468
28879,531
28880,655
28881,608
28882,409
28883,539
28884,534
28885,654
28886,699
28887,657
28888,493
28889,640
28890,636
28891,564
28892,547
28893,617
28894,507
28895,630
28896,469
28897,620
28898,473
28899,578
28900,479
28901,558
28902,568
28903,560
28904,431
28905,520
28906,614
28907,402
28908,627
28909,447
28910,566
28911,410
28912,637
28913,677
28914,640
28915,591
28916,411
28917,452
28918,454
28919,420
28920,418
28921,458
28922,550
28923,658
28924,457
28925,615
28926,461
28927,545
28928,638
28929,692
28930,581
28931,494
28932,477
28933,541
28934,504
28935,660
28936,494
28937,622
28938,589
28939,528
28940,594
28941,419
28942,698
28943,639
28944,634
28945,484
28946,493
28947,441
28948,473
28949,514
28950,589
28951,524
28952,405
28953,441
28954,457
28955,409
28956,488
28957,510
28958,438
28959,566
28960,410
28961,509
28962,415
28963,432
28964,632
28965,587
28966,623
28967,458
28968,450
28969,670
28970,442
28971,426
28972,455
28973,520
28974,512
28975,514
28976,508
28977,574
28978,511
28979,499
28980,407
28981,534
28982,650
28983,639
28984,621
28985,544
28986,403
28987,681
28988,596
28989,527
28990,660
28991,490
28992,658
28993,493
28994,656
28995,535
28996,412
28997,597
28998,577
28999,511
29000,663
29001,478
29002,655
29003,473
29004,560
29005,600
29006,432
29007,472
29008,692
29009,597
29010,639
29011,473
29012,430
29013,413
29014,604
29015,467
29016,527
29017,425
29018,583
29019,536
29020,690
29021,505
29022,423
29023,593
29024,568
29025,435
29026,500
29027,433
29028,438
29029,610
29030,629
29031,678
29032,479
29033,637
29034,571
29035,458
29036,421
29037,637
29038,695
29039,493
29040,643
29041,410
29042,516
29043,664
29044,411
29045,553
29046,437
29047,530
29048,624
29049,542
29050,453
29051,423
29052,520
29053,518
29054,560
29055,473
29056,584
29057,591
29058,619
29059,520
29060,608
29061,699
29062,563
29063,667
29064,402
29065,449
29066,610
29067,415
29068,567
29069,682
29070,697
29071,584
29072,537
29073,524
29074,457
29075,465
29076,601
29077,408
29078,504
29079,488
29080,488
29081,405
29082,557
29083,502
29084,622
29085,570
29086,432
29087,580
29088,583
29089,486
29090,468
29091,425
29092,405
29093,655
29094,581
29095,694
29096,659
29097,633
29098,681
29099,606
29100,476
29101,567
29102,455
29103,694
29104,480
29105,566
29106,575
29107,680
29108,548
29109,655
29110,680
29111,677
29112,678
29113,605
29114,429
29115,617
29116,630
29117,561
29118,616
29119,627
29120,620
29121,633
29122,472
29123,494
29124,494
29125,642
29126,692
29127,662
29128,523
29129,687
29130,666
29131,508
29132,447
29133,494
29134,432
29135,517
29136,531
29137,650
29138,521
29139,617
29140,452
29141,525
29142,558
29143,558
29144,682
29145,488
29146,575
29147,691
29148,558
29149,648
29150,521
29151,636
29152,524
29153,678
29154,491
29155,504
29156,441
29157,528
29158,452
29159,567
29160,489
29161,646
29162,573
29163,486
29164,549
29165,648
29166,514
29167,579
29168,519
29169,427
29170,516
29171,590
29172,544
29173,661
29174,541
29175,513
29176,672
29177,437
29178,596
29179,412
29180,511
29181,536
29182,571
29183,526
29184,418
29185,607
29186,557
29187,559
29188,639
29189,478
29190,596
29191,519
29192,647
29193,538
29194,625
29195,482
29196,425
29197,527
29198,622
29199,443
29200,483
29201,424
29202,619
29203,692
29204,603
29205,592
29206,401
29207,601
29208,431
29209,488
29210,601
29211,577
29212,592
29213,559
29214,692
29215,603
29216,640
29217,514
29218,609
29219,621
29220,581
29221,658
29222,439
29223,459
29224,410
29225,519
29226,441
29227,589
29228,522
29229,588
29230,651
29231,491
29232,612
29233,601
29234,667
29235,554
29236,594
29237,427
29238,593
29239,622
29240,506
29241,548
29242,534
29243,494
29244,669
29245,525
29246,411
29247,693
29248,694
29249,403
29250,567
29251,407
29252,523
29253,584
29254,434
29255,472
29256,412
29257,438
29258,483
29259,420
29260,652
29261,657
29262,699
29263,429
29264,527
29265,439
29266,496
29267,623
29268,491
29269,679
29270,569
29271,683
29272,621
29273,516
29274,647
29275,488
29276,477
29277,473
29278,413
29279,444
29280,437
29281,644
29282,461
29283,495
29284,651
29285,460
29286,668
29287,518
29288,486
29289,482
29290,479
29291,627
29292,510
29293,470
29294,424
29295,678
29296,601
29297,624
29298,666
29299,682
29300,516
29301,466
29302,446
29303,640
29304,577
29305,407
29306,582
29307,476
29308,466
29309,547
29310,572
29311,434
29312,476
29313,679
29314,584
29315,454
29316,493
29317,543
29318,646
29319,599
29320,635
29321,619
29322,615
29323,448
29324,684
29325,517
29326,481
29327,662
29328,476
29329,610
29330,521
29331,489
29332,657
29333,560
29334,575
29335,692
29336,488
29337,526
29338,685
29339,696
29340,659
29341,643
29342,510
29343,423
29344,449
29345,436
29346,580
29347,652
29348,424
29349,524
29350,430
29351,636
29352,626
29353,437
29354,457
29355,635
29356,580
29357,513
29358,531
29359,579
29360,477
29361,619
29362,541
29363,442
29364,517
29365,458
29366,460
29367,440
29368,673
29369,587
29370,586
29371,627
29372,563
29373,685
29374,501
29375,666
29376,523
29377,552
29378,578
29379,465
29380,498
29381,423
29382,648
29383,564
29384,493
29385,523
29386,555
29387,648
29388,670
29389,457
29390,594
29391,600
29392,471
29393,646
29394,497
29395,480
29396,464
29397,404
29398,683
29399,693
29400,480
29401,486
29402,692
29403,680
29404,596
29405,651
29406,482
29407,426
29408,581
29409,534
29410,489
29411,605
29412,426
29413,458
29414,471
29415,626
29416,490
29417,467
29418,659
29419,545
29420,462
29421,579
29422,510
29423,590
29424,645
29425,677
29426,696
29427,522
29428,456
29429,559
29430,526
29431,624
29432,494
29433,405
29434,664
29435,633
29436,687
29437,415
29438,539
29439,696
29440,594
29441,585
29442,524
29443,416
29444,425
29445,612
29446,400
29447,690
29448,664
29449,437
29450,632
29451,659
29452,660
29453,637
29454,505
29455,646
29456,437
29457,445
29458,609
29459,492
29460,619
29461,655
29462,536
29463,630
29464,601
29465,465
29466,437
29467,554
29468,504
29469,654
29470,415
29471,478
29472,412
29473,501
29474,551
29475,577
29476,486
29477,487
29478,428
29479,499
29480,514
29481,609
29482,473
29483,534
29484,668
29485,477
29486,524
29487,437
29488,668
29489,505
29490,443
29491,624
29492,641
29493,552
29494,423
29495,523
29496,684
29497,660
29498,545
29499,590
29500,564
29501,470
29502,600
29503,411
29504,451
29505,655
29506,699
29507,408
29508,539
29509,499
29510,536
29511,421
29512,544
29513,560
29514,648
29515,574
29516,487
29517,432
29518,670
29519,682
29520,625
29521,511
29522,481
29523,612
29524,407
29525,533
29526,517
29527,483
29528,657
29529,642
29530,636
29531,549
29532,420
29533,533
29534,495
29535,412
29536,400
29537,549
29538,516
29539,551
29540,463
29541,549
29542,411
29543,489
29544,482
29545,649
29546,432
29547,548
29548,527
29549,499
29550,611
29551,473
29552,495
29553,491
29554,574
29555,624
29556,574
29557,455
29558,668
29559,434
29560,518
29561,455
29562,504
29563,575
29564,505
29565,479
29566,562
29567,666
29568,450
29569,678
29570,474
29571,526
29572,645
29573,633
29574,554
29575,472
29576,536
29577,673
29578,443
29579,646
29580,548
29581,455
29582,575
29583,656
29584,462
29585,462
29586,693
29587,428
29588,439
29589,546
29590,487
29591,455
29592,699
29593,592
29594,499
29595,614
29596,540
29597,448
29598,514
29599,628
29600,651
29601,474
29602,590
29603,598
29604,562
29605,538
29606,448
29607,514
29608,567
29609,676
29610,446
29611,658
29612,615
29613,629
29614,526
29615,624
29616,549
29617,686
29618,445
29619,413
29620,520
29621,590
29622,565
29623,516
29624,523
29625,453
29626,670
29627,598
29628,615
29629,512
29630,415
29631,615
29632,534
29633,442
29634,651
29635,683
29636,497
29637,459
29638,629
29639,530
29640,558
29641,483
29642,607
29643,573
29644,687
29645,480
29646,417
29647,595
29648,690
29649,678
29650,653
29651,541
29652,564
29653,404
29654,650
29655,549
29656,427
29657,636
29658,531
29659,684
29660,692
29661,562
29662,626
29663,529
29664,457
29665,545
29666,521
29667,591
29668,644
29669,502
29670,649
29671,421
29672,459
29673,637
29674,533
29675,661
29676,441
29677,473
29678,696
29679,421
29680,619
29681,478
29682,634
29683,556
29684,513
29685,689
29686,495
29687,529
29688,508
29689,474
29690,674
29691,419
29692,560
29693,608
29694,493
29695,481
29696,503
29697,636
29698,659
29699,559
29700,460
29701,437
29702,517
29703,567
29704,468
29705,482
29706,634
29707,441
29708,498
29709,529
29710,427
29711,632
29712,628
29713,516
29714,506
29715,694
29716,559
29717,403
29718,548
29719,633
29720,653
29721,647
29722,469
29723,602
29724,547
29725,620
29726,585
29727,447
29728,662
29729,695
29730,691
29731,571
29732,430
29733,569
29734,443
29735,442
29736,533
29737,618
29738,485
29739,650
29740,664
29741,410
29742,479
29743,508
29744,517
29745,651
29746,417
29747,655
29748,644
29749,552
29750,496
29751,585
29752,429
29753,514
29754,640
29755,656
29756,512
29757,428
29758,625
29759,643
29760,418
29761,511
29762,611
29763,632
29764,558
29765,459
29766,492
29767,647
29768,557
29769,540
29770,619
29771,488
29772,554
29773,632
29774,592
29775,498
29776,512
29777,506
29778,423
29779,680
29780,603
29781,410
29782,604
29783,424
29784,539
29785,522
29786,410
29787,665
29788,480
29789,508
29790,607
29791,643
29792,675
29793,660
29794,696
29795,462
29796,583
29797,431
29798,682
29799,406
29800,573
29801,545
29802,651
29803,565
29804,502
29805,592
29806,416
29807,489
29808,485
29809,502
29810,481
29811,525
29812,437
29813,612
29814,624
29815,621
29816,646
29817,535
29818,685
29819,630
29820,408
29821,624
29822,506
29823,586
29824,620
29825,494
29826,594
29827,641
29828,629
29829,404
29830,403
29831,663
29832,652
29833,562
29834,540
29835,695
29836,418
29837,481
29838,403
29839,527
29840,586
29841,545
29842,551
29843,492
29844,430
29845,427
29846,536
29847,489
29848,448
29849,657
29850,405
29851,428
29852,555
29853,662
29854,433
29855,636
29856,537
29857,456
29858,574
29859,613
29860,426
29861,694
29862,518
29863,546
29864,664
29865,657
29866,588
29867,630
29868,597
29869,638
29870,469
29871,651
29872,592
29873,424
29874,469
29875,555
29876,545
29877,618
29878,448
29879,593
29880,439
29881,484
29882,403
29883,689
29884,646
29885,404
29886,625
29887,549
29888,637
29889,547
29890,502
29891,574
29892,635
29893,433
29894,571
29895,405
29896,684
29897,624
29898,452
29899,656
29900,458
29901,645
29902,406
29903,613
29904,477
29905,588
29906,615
29907,682
29908,460
29909,460
29910,614
29911,444
29912,571
29913,620
29914,494
29915,443
29916,627
29917,461
29918,618
29919,488
29920,511
29921,606
29922,602
29923,696
29924,432
29925,614
29926,411
29927,401
29928,548
29929,541
29930,689
29931,606
29932,591
29933,651
29934,603
29935,445
29936,660
29937,465
29938,549
29939,469
29940,401
29941,428
29942,655
29943,460
29944,499
29945,543
29946,591
29947,669
29948,698
29949,603
29950,644
29951,430
29952,451
29953,642
29954,662
29955,573
29956,499
29957,460
29958,587
29959,406
29960,588
29961,482
29962,682
29963,523
29964,556
29965,486
29966,547
29967,469
29968,475
29969,513
29970,402
29971,633
29972,566
29973,498
29974,523
29975,444
29976,686
29977,505
29978,693
29979,533
29980,407
29981,427
29982,670
29983,622
29984,407
29985,533
29986,428
29987,514
29988,433
29989,406
29990,439
29991,461
29992,485
29993,612
29994,515
29995,464
29996,696
29997,569
29998,515
29999,515
30000,620
30001,449
30002,478
30003,419
30004,436
30005,658
30006,492
30007,586
30008,600
30009,687
30010,447
30011,652
30012,445
30013,630
30014,494
30015,617
30016,439
30017,602
30018,515
30019,490
30020,457
30021,409
30022,655
30023,648
30024,405
30025,587
30026,634
30027,582
30028,686
30029,522
30030,557
30031,412
30032,453
30033,676
30034,442
30035,666
30036,508
30037,565
30038,505
30039,450
30040,603
30041,442
30042,682
30043,484
30044,616
30045,557
30046,526
30047,590
30048,665
30049,459
30050,682
30051,461
30052,525
30053,571
30054,462
30055,659
30056,415
30057,578
30058,500
30059,575
30060,592
30061,672
30062,660
30063,574
30064,633
30065,699
30066,615
30067,646
30068,420
30069,642
30070,687
30071,679
30072,643
30073,562
30074,545
30075,466
30076,502
30077,524
30078,516
30079,650
30080,625
30081,587
30082,586
30083,475
30084,672
30085,548
30086,594
30087,683
30088,443
30089,569
30090,493
30091,623
30092,677
30093,437
30094,669
30095,634
30096,510
30097,567
30098,453
30099,526
30100,674
30101,441
30102,440
30103,449
30104,558
30105,581
30106,580
30107,565
30108,631
30109,605
30110,449
30111,545
30112,697
30113,544
30114,415
30115,484
30116,615
30117,451
30118,435
30119,506
30120,618
30121,697
30122,653
30123,467
30124,586
30125,523
30126,429
30127,584
30128,688
30129,452
30130,576
30131,532
30132,476
30133,459
30134,490
30135,697
30136,679
30137,598
30138,517
30139,582
30140,454
30141,670
30142,404
30143,500
30144,685
30145,452
30146,617
30147,685
30148,639
30149,613
30150,503
30151,621
30152,588
30153,498
30154,496
30155,472
30156,655
30157,630
30158,569
30159,556
30160,621
30161,498
30162,619
30163,643
30164,658
30165,593
30166,549
30167,554
30168,421
30169,515
30170,512
30171,610
30172,423
30173,682
30174,691
30175,455
30176,665
30177,453
30178,507
30179,601
30180,601
30181,617
30182,642
30183,577
30184,460
30185,435
30186,445
30187,494
30188,443
30189,625
30190,545
30191,668
30192,412
30193,424
30194,660
30195,527
30196,438
30197,556
30198,584
30199,573
30200,585
30201,680
30202,473
30203,694
30204,415
30205,587
30206,571
30207,585
30208,431
30209,462
30210,588
30211,425
30212,438
30213,592
30214,562
30215,452
30216,573
30217,595
30218,610
30219,677
30220,587
30221,613
30222,428
30223,570
30224,521
30225,558
30226,485
30227,403
30228,401
30229,532
30230,478
30231,546
30232,565
30233,637
30234,675
30235,603
30236,452
30237,506
30238,454
30239,645
30240,563
30241,414
30242,400
30243,536
30244,550
30245,579
30246,631
30247,587
30248,417
30249,624
30250,504
30251,605
30252,585
30253,464
30254,606
30255,628
30256,468
30257,541
30258,605
30259,573
30260,596
30261,596
30262,627
30263,670
30264,598
30265,414
30266,685
30267,615
30268,434
30269,468
30270,611
30271,445
30272,647
30273,484
30274,447
30275,630
30276,466
30277,488
30278,618
30279,451
30280,421
30281,498
30282,530
30283,487
30284,535
30285,438
30286,417
30287,504
30288,545
30289,623
30290,516
30291,400
30292,516
30293,425
30294,411
30295,693
30296,568
30297,452
30298,668
30299,647
30300,527
30301,475
30302,668
30303,545
30304,447
30305,598
30306,470
30307,491
30308,608
30309,447
30310,428
30311,575
30312,418
30313,446
30314,459
30315,575
30316,654
30317,628
30318,546
30319,697
30320,638
30321,587
30322,608
30323,474
30324,582
30325,486
30326,670
30327,579
30328,644
30329,406
30330,668
30331,412
30332,625
30333,665
30334,641
30335,579
30336,579
30337,525
30338,682
30339,589
30340,415
30341,420
30342,415
30343,668
30344,432
30345,581
30346,468
30347,451
30348,464
30349,699
30350,627
30351,621
30352,671
30353,417
30354,617
30355,672
30356,572
30357,455
30358,408
30359,682
30360,692
30361,421
30362,471
30363,571
30364,522
30365,490
30366,623
30367,691
30368,651
30369,697
30370,655
30371,412
30372,517
30373,577
30374,560
30375,494
30376,567
30377,486
30378,402
30379,415
30380,529
30381,422
30382,497
30383,557
30384,638
30385,409
30386,421
30387,583
30388,616
30389,613
30390,557
30391,609
30392,532
30393,452
30394,628
30395,582
30396,422
30397,505
30398,490
30399,518
30400,537
30401,519
30402,560
30403,607
30404,554
30405,662
30406,554
30407,685
30408,658
30409,556
30410,413
30411,476
30412,619
30413,631
30414,693
30415,541
30416,650
30417,695
30418,539
30419,541
30420,528
30421,417
30422,642
30423,563
30424,495
30425,427
30426,629
30427,424
30428,574
30429,560
30430,429
30431,564
30432,607
30433,501
30434,505
30435,468
30436,407
30437,522
30438,500
30439,400
30440,406
30441,510
30442,585
30443,615
30444,522
30445,600
30446,407
30447,463
30448,535
30449,585
30450,526
30451,448
30452,565
30453,526
30454,576
30455,602
30456,556
30457,618
30458,684
30459,688
30460,427
30461,482
30462,511
30463,553
30464,428
30465,612
30466,501
30467,613
30468,554
30469,599
30470,567
30471,637
30472,558
30473,592
30474,566
30475,625
30476,650
30477,679
30478,620
30479,422
30480,588
30481,671
30482,426
30483,609
30484,434
30485,597
30486,573
30487,617
30488,455
30489,551
30490,437
30491,597
30492,408
30493,577
30494,575
30495,660
30496,483
30497,538
30498,641
30499,554
30500,620
30501,534
30502,587
30503,577
30504,466
30505,468
30506,476
30507,411
30508,682
30509,645
30510,636
30511,651
30512,606
30513,507
30514,608
30515,692
30516,512
30517,414
30518,482
30519,464
30520,402
30521,635
30522,528
30523,646
30524,634
30525,429
30526,470
30527,547
30528,492
30529,682
30530,616
30531,637
30532,626
30533,618
30534,430
30535,513
30536,501
30537,492
30538,606
30539,628
30540,470
30541,535
30542,683
30543,416
30544,614
30545,643
30546,494
30547,520
30548,405
30549,667
30550,486
30551,588
30552,502
30553,503
30554,690
30555,466
30556,505
30557,647
30558,606
30559,604
30560,482
30561,481
30562,686
30563,436
30564,612
30565,532
30566,514
30567,610
30568,531
30569,553
30570,693
30571,581
30572,546
30573,621
30574,681
30575,526
30576,602
30577,517
30578,460
30579,630
30580,549
30581,544
30582,510
30583,566
30584,588
30585,448
30586,506
30587,492
30588,523
30589,539
30590,410
30591,570
30592,435
30593,529
30594,460
30595,448
30596,585
30597,620
30598,405
30599,699
30600,574
30601,678
30602,603
30603,495
30604,681
30605,534
30606,432
30607,481
30608,547
30609,494
30610,569
30611,610
30612,590
30613,406
30614,433
30615,450
30616,519
30617,537
30618,505
30619,681
30620,431
30621,523
30622,569
30623,411
30624,567
30625,477
30626,433
30627,608
30628,407
30629,624
30630,626
30631,574
30632,480
30633,681
30634,456
30635,534
30636,637
30637,616
30638,626
30639,425
30640,586
30641,517
30642,596
30643,515
30644,501
30645,562
30646,577
30647,679
30648,685
30649,611
30650,453
30651,466
30652,431
30653,650
30654,407
30655,614
30656,445
30657,479
30658,434
30659,588
30660,488
30661,535
30662,433
30663,680
30664,512
30665,571
30666,442
30667,412
30668,573
30669,524
30670,606
30671,503
30672,529
30673,439
30674,422
30675,651
30676,689
30677,601
30678,554
30679,454
30680,505
30681,659
30682,599
30683,616
30684,446
30685,516
30686,611
30687,554
30688,662
30689,550
30690,611
30691,591
30692,642
30693,497
30694,428
30695,588
30696,571
30697,596
30698,554
30699,539
30700,692
30701,689
30702,655
30703,563
30704,533
30705,665
30706,428
30707,538
30708,484
30709,648
30710,632
30711,460
30712,672
30713,618
30714,685
30715,648
30716,471
30717,692
30718,597
30719,479
30720,536
30721,612
30722,506
30723,606
30724,551
30725,532
30726,565
30727,579
30728,520
30729,573
30730,467
30731,586
30732,537
30733,637
30734,417
30735,475
30736,550
30737,507
30738,552
30739,436
30740,545
30741,525
30742,684
30743,507
30744,685
30745,639
30746,501
30747,619
30748,406
30749,615
30750,568
30751,473
30752,692
30753,426
30754,676
30755,442
30756,492
30757,470
30758,668
30759,508
30760,580
30761,614
30762,513
30763,584
30764,524
30765,504
30766,636
30767,540
30768,692
30769,557
30770,673
30771,516
30772,461
30773,423
30774,459
30775,664
30776,579
30777,631
30778,542
30779,644
30780,480
30781,525
30782,536
30783,455
30784,612
30785,493
30786,691
30787,527
30788,616
30789,598
30790,419
30791,454
30792,645
30793,650
30794,459
30795,562
30796,601
30797,626
30798,528
30799,444
30800,596
30801,565
30802,646
30803,625
30804,679
30805,659
30806,596
30807,506
30808,668
30809,631
30810,500
30811,559
30812,494
30813,606
30814,634
30815,553
30816,499
30817,637
30818,506
30819,529
30820,698
30821,442
30822,462
30823,472
30824,585
30825,516
30826,404
30827,475
30828,690
30829,482
30830,459
30831,506
30832,516
30833,481
30834,540
30835,621
30836,469
30837,411
30838,696
30839,504
30840,606
30841,464
30842,462
30843,577
30844,407
30845,558
30846,410
30847,672
30848,494
30849,554
30850,605
30851,514
30852,486
30853,596
30854,497
30855,418
30856,415
30857,444
30858,554
30859,630
30860,556
30861,512
30862,443
30863,509
30864,510
30865,622
30866,664
30867,670
30868,611
30869,657
30870,646
30871,454
30872,471
30873,695
30874,612
30875,694
30876,570
30877,645
30878,540
30879,503
30880,504
30881,639
30882,679
30883,421
30884,477
30885,594
30886,420
30887,559
30888,631
30889,443
30890,696
30891,579
30892,500
30893,514
30894,612
30895,417
30896,426
30897,684
30898,548
30899,684
30900,536
30901,588
30902,589
30903,598
30904,501
30905,490
30906,623
30907,404
30908,414
30909,404
30910,629
30911,513
30912,403
30913,583
30914,612
30915,646
30916,433
30917,695
30918,595
30919,526
30920,541
30921,535
30922,527
30923,573
30924,617
30925,513
30926,411
30927,643
30928,451
30929,585
30930,632
30931,401
30932,400
30933,638
30934,454
30935,619
30936,503
30937,676
30938,409
30939,503
30940,597
30941,413
30942,567
30943,429
30944,413
30945,637
30946,461
30947,509
30948,559
30949,454
30950,648
30951,655
30952,421
30953,502
30954,663
30955,635
30956,632
30957,567
30958,632
30959,404
30960,444
30961,445
30962,563
30963,568
30964,563
30965,655
30966,465
30967,659
30968,487
30969,639
30970,458
30971,569
30972,657
30973,445
30974,401
30975,528
30976,668
30977,677
30978,416
30979,586
30980,515
30981,658
30982,648
30983,597
30984,626
30985,576
30986,642
30987,434
30988,534
30989,409
30990,582
30991,601
30992,418
30993,422
30994,494
30995,463
30996,619
30997,495
30998,664
30999,556
31000,606
31001,673
31002,645
31003,598
31004,684
31005,482
31006,532
31007,504
31008,636
31009,468
31010,583
31011,517
31012,579
31013,670
31014,489
31015,487
31016,482
31017,419
31018,506
31019,671
31020,497
31021,631
31022,456
31023,548
31024,634
31025,536
31026,666
31027,628
31028,681
31029,601
31030,631
31031,418
31032,415
31033,455
31034,513
31035,467
31036,477
31037,429
31038,406
31039,551
31040,421
31041,429
31042,566
31043,547
31044,448
31045,697
31046,661
31047,580
31048,689
31049,521
31050,523
31051,665
31052,427
31053,658
31054,476
31055,593
31056,434
31057,513
31058,461
31059,451
31060,515
31061,446
31062,500
31063,678
31064,506
31065,434
31066,687
31067,401
31068,638
31069,671
31070,543
31071,491
31072,620
31073,453
31074,627
31075,432
31076,613
31077,535
31078,647
31079,452
31080,463
31081,436
31082,611
31083,411
31084,483
31085,493
31086,606
31087,437
31088,602
31089,669
31090,474
31091,527
31092,551
31093,409
31094,437
31095,504
31096,564
31097,431
31098,611
31099,413
31100,629
31101,531
31102,551
31103,495
31104,409
31105,415
31106,566
31107,495
31108,417
31109,406
31110,583
31111,644
31112,481
31113,530
31114,528
31115,688
31116,473
31117,458
31118,471
31119,559
31120,486
31121,416
31122,488
31123,548
31124,405
31125,483
31126,483
31127,649
31128,553
31129,471
31130,508
31131,511
31132,571
31133,586
31134,684
31135,672
31136,417
31137,567
31138,481
31139,474
31140,648
31141,530
31142,600
31143,695
31144,467
31145,419
31146,670
31147,492
31148,532
31149,694
31150,695
31151,534
31152,432
31153,692
31154,431
31155,442
31156,691
31157,680
31158,507
31159,495
31160,465
31161,408
31162,629
31163,620
31164,677
31165,498
31166,670
31167,662
31168,563
31169,415
31170,568
31171,420
31172,427
31173,482
31174,672
31175,435
31176,675
31177,632
31178,503
31179,405
31180,422
31181,569
31182,551
31183,643
31184,640
31185,660
31186,445
31187,672
31188,474
31189,682
31190,595
31191,422
31192,486
31193,520
31194,548
31195,549
31196,464
31197,559
31198,683
31199,481
31200,406
31201,581
31202,413
31203,582
31204,443
31205,573
31206,413
31207,699
31208,472
31209,622
31210,401
31211,609
31212,660
31213,489
31214,651
31215,446
31216,562
31217,515
31218,478
31219,407
31220,422
31221,668
31222,678
31223,430
31224,569
31225,529
31226,556
31227,421
31228,525
31229,568
31230,565
31231,556
31232,421
31233,663
31234,662
31235,611
31236,563
31237,535
31238,651
31239,604
31240,641
31241,678
31242,460
31243,698
31244,494
31245,547
31246,658
31247,429
31248,417
31249,586
31250,611
31251,434
31252,546
31253,681
31254,434
31255,475
31256,471
31257,648
31258,456
31259,409
31260,612
31261,636
31262,633
31263,622
31264,503
31265,497
31266,625
31267,621
31268,679
31269,442
31270,552
31271,689
31272,623
31273,518
31274,613
31275,452
31276,619
31277,642
31278,452
31279,516
31280,441
31281,646
31282,690
31283,647
31284,500
31285,486
31286,483
31287,660
31288,620
31289,553
31290,450
31291,437
31292,658
31293,586
31294,412
31295,622
31296,486
31297,658
31298,580
31299,572
31300,594
31301,644
31302,595
31303,461
31304,424
31305,451
31306,449
31307,694
31308,451
31309,439
31310,631
31311,459
31312,615
31313,596
31314,675
31315,401
31316,505
31317,615
31318,664
31319,566
31320,646
31321,609
31322,457
31323,442
31324,537
31325,508
31326,447
31327,525
31328,613
31329,527
31330,597
31331,601
31332,591
31333,506
31334,593
31335,637
31336,531
31337,482
31338,683
31339,621
31340,505
31341,693
31342,465
31343,594
31344,587
31345,446
31346,424
31347,465
31348,466
31349,596
31350,645
31351,695
31352,499
31353,577
31354,514
31355,567
31356,518
31357,564
31358,618
31359,596
31360,636
31361,568
31362,475
31363,686
31364,432
31365,698
31366,629
31367,594
31368,693
31369,696
31370,677
31371,629
31372,495
31373,570
31374,431
31375,444
31376,471
31377,419
31378,638
31379,598
31380,464
31381,587
31382,488
31383,600
31384,422
31385,695
31386,529
31387,553
31388,477
31389,589
31390,699
31391,553
31392,512
31393,516
31394,404
31395,434
31396,671
31397,558
31398,609
31399,413
31400,424
31401,617
31402,653
31403,602
31404,500
31405,628
31406,598
31407,577
31408,675
31409,529
31410,678
31411,687
31412,540
31413,412
31414,616
31415,585
31416,426
31417,617
31418,413
31419,541
31420,454
31421,590
31422,684
31423,488
31424,444
31425,531
31426,465
31427,678
31428,547
31429,544
31430,405
31431,481
31432,522
31433,566
31434,636
31435,504
31436,689
31437,637
31438,481
31439,493
31440,684
31441,696
31442,465
31443,511
31444,570
31445,646
31446,465
31447,467
31448,433
31449,400
31450,550
31451,671
31452,657
31453,637
31454,515
31455,475
31456,682
31457,418
31458,683
31459,434
31460,640
31461,406
31462,436
31463,552
31464,644
31465,649
31466,514
31467,440
31468,461
31469,568
31470,541
31471,657
31472,487
31473,447
31474,411
31475,610
31476,643
31477,638
31478,596
31479,656
31480,634
31481,586
31482,600
31483,502
31484,689
31485,620
31486,586
31487,498
31488,644
31489,421
31490,467
31491,464
31492,691
31493,616
31494,428
31495,592
31496,455
31497,611
31498,637
31499,599
31500,577
31501,552
31502,443
31503,567
31504,686
31505,596
31506,473
31507,570
31508,582
31509,415
31510,467
31511,441
31512,509
31513,440
31514,405
31515,580
31516,672
31517,584
31518,543
31519,499
31520,489
31521,645
31522,638
31523,611
31524,480
31525,514
31526,675
31527,479
31528,455
31529,578
31530,448
31531,659
31532,673
31533,691
31534,690
31535,429
31536,651
31537,462
31538,481
31539,568
31540,557
31541,455
31542,541
31543,548
31544,625
31545,424
31546,577
31547,494
31548,452
31549,469
31550,575
31551,531
31552,612
31553,610
31554,463
31555,434
31556,411
31557,647
31558,511
31559,490
31560,693
31561,428
31562,411
31563,546
31564,536
31565,556
31566,658
31567,486
31568,557
31569,585
31570,628
31571,403
31572,456
31573,427
31574,415
31575,412
31576,599
31577,583
31578,680
31579,557
31580,658
31581,556
31582,493
31583,666
31584,420
31585,526
31586,511
31587,633
31588,433
31589,479
31590,482
31591,428
31592,530
31593,410
31594,461
31595,432
31596,535
31597,487
31598,416
31599,490
31600,698
31601,652
31602,472
31603,605
31604,660
31605,577
31606,619
31607,572
31608,564
31609,619
31610,691
31611,560
31612,647
31613,470
31614,491
31615,644
31616,423
31617,444
31618,588
31619,685
31620,482
31621,621
31622,618
31623,617
31624,589
31625,466
31626,430
31627,649
31628,453
31629,409
31630,565
31631,684
31632,552
31633,431
31634,416
31635,545
31636,474
31637,523
31638,451
31639,589
31640,540
31641,487
31642,483
31643,642
31644,505
31645,491
31646,420
31647,405
31648,620
31649,486
31650,579
31651,645
31652,573
31653,512
31654,470
31655,557
31656,698
31657,636
31658,586
31659,642
31660,565
31661,433
31662,654
31663,619
31664,431
31665,656
31666,632
31667,614
31668,641
31669,644
31670,419
31671,609
31672,609
31673,471
31674,561
31675,577
31676,410
31677,698
31678,665
31679,407
31680,674
31681,592
31682,658
31683,452
31684,699
31685,495
31686,491
31687,543
31688,417
31689,525
31690,553
31691,405
31692,487
31693,668
31694,464
31695,565
31696,463
31697,669
31698,544
31699,668
31700,405
31701,520
31702,531
31703,689
31704,588
31705,608
31706,441
31707,477
31708,544
31709,685
31710,570
31711,492
31712,662
31713,422
31714,691
31715,541
31716,547
31717,515
31718,480
31719,424
31720,514
31721,493
31722,584
31723,682
31724,554
31725,573
31726,572
31727,553
31728,413
31729,527
31730,491
31731,670
31732,621
31733,507
31734,427
31735,596
31736,599
31737,553
31738,469
31739,559
31740,502
31741,635
31742,588
31743,508
31744,654
31745,592
31746,470
31747,668
31748,608
31749,575
31750,638
31751,497
31752,488
31753,651
31754,498
31755,553
31756,694
31757,682
31758,695
31759,430
31760,530
31761,615
31762,414
31763,666
31764,685
31765,690
31766,442
31767,567
31768,654
31769,569
31770,658
31771,477
31772,484
31773,548
31774,600
31775,476
31776,649
31777,452
31778,699
31779,692
31780,693
31781,508
31782,487
31783,565
31784,666
31785,492
31786,572
31787,463
31788,525
31789,629
31790,504
31791,608
31792,461
31793,639
31794,460
31795,411
31796,536
31797,594
31798,473
31799,535
31800,442
31801,438
31802,430
31803,541
31804,443
31805,587
31806,401
31807,691
31808,695
31809,423
31810,503
31811,461
31812,552
31813,662
31814,693
31815,642
31816,520
31817,572
31818,502
31819,559
31820,656
31821,601
31822,444
31823,463
31824,595
31825,469
31826,580
31827,646
31828,557
31829,585
31830,630
31831,472
31832,454
31833,642
31834,614
31835,414
31836,546
31837,543
31838,424
31839,498
31840,578
31841,573
31842,662
31843,689
31844,457
31845,678
31846,544
31847,521
31848,426
31849,465
31850,500
31851,493
31852,466
31853,649
31854,541
31855,666
31856,439
31857,614
31858,530
31859,400
31860,408
31861,543
31862,537
31863,696
31864,578
31865,677
31866,543
31867,589
31868,669
31869,586
31870,553
31871,571
31872,646
31873,410
31874,446
31875,665
31876,510
31877,678
31878,691
31879,651
31880,475
31881,574
31882,508
31883,413
31884,580
31885,671
31886,442
31887,501
31888,512
31889,592
31890,408
31891,548
31892,623
31893,509
31894,483
31895,442
31896,465
31897,508
31898,501
31899,534
31900,485
31901,483
31902,626
31903,659
31904,419
31905,434
31906,642
31907,669
31908,622
31909,557
31910,684
31911,435
31912,697
31913,428
31914,654
31915,541
31916,533
31917,543
31918,696
31919,644
31920,653
31921,404
31922,665
31923,638
31924,649
31925,690
31926,430
31927,519
31928,478
31929,408
31930,443
31931,621
31932,543
31933,519
31934,452
31935,464
31936,575
31937,469
31938,520
31939,602
31940,688
31941,579
31942,480
31943,454
31944,578
31945,497
31946,509
31947,552
31948,524
31949,490
31950,693
31951,436
31952,404
31953,549
31954,571
31955,661
31956,426
31957,454
31958,648
31959,672
31960,658
31961,665
31962,590
31963,462
31964,503
31965,687
31966,658
31967,560
31968,570
31969,508
31970,539
31971,492
31972,502
31973,625
31974,559
31975,594
31976,544
31977,641
31978,531
31979,492
31980,672
31981,591
31982,421
31983,593
31984,569
31985,410
31986,580
31987,631
31988,428
31989,419
31990,404
31991,433
31992,539
31993,427
31994,497
31995,661
31996,645
31997,418
31998,411
31999,424
32000,412
32001,475
32002,658
32003,423
32004,407
32005,627
32006,522
32007,489
32008,623
32009,623
32010,656
32011,402
32012,670
32013,547
32014,588
32015,586
32016,587
32017,523
32018,436
32019,548
32020,505
32021,502
32022,631
32023,545
32024,416
32025,558
32026,681
32027,677
32028,524
32029,572
32030,562
32031,602
32032,554
32033,660
32034,585
32035,456
32036,616
32037,607
32038,601
32039,473
32040,484
32041,519
32042,413
32043,528
32044,681
32045,448
32046,641
32047,452
32048,664
32049,468
32050,439
32051,583
32052,532
32053,455
32054,654
32055,404
32056,468
32057,451
32058,497
32059,560
32060,670
32061,464
32062,642
32063,661
32064,611
32065,553
32066,633
32067,539
32068,514
32069,529
32070,577
32071,494
32072,500
32073,595
32074,689
32075,607
32076,494
32077,502
32078,407
32079,535
32080,497
32081,660
32082,546
32083,584
32084,631
32085,500
32086,546
32087,604
32088,445
32089,503
32090,621
32091,517
32092,404
32093,610
32094,454
32095,418
32096,487
32097,646
32098,516
32099,569
32100,549
32101,694
32102,607
32103,682
32104,573
32105,526
32106,555
32107,579
32108,486
32109,666
32110,481
32111,463
32112,518
32113,562
32114,692
32115,577
32116,429
32117,560
32118,402
32119,423
32120,458
32121,636
32122,639
32123,559
32124,459
32125,639
32126,458
32127,452
32128,463
32129,520
32130,518
32131,685
32132,417
32133,404
32134,559
32135,541
32136,417
32137,467
32138,513
32139,421
32140,419
32141,662
32142,497
32143,504
32144,685
32145,404
32146,528
32147,558
32148,650
32149,675
32150,482
32151,517
32152,428
32153,537
32154,556
32155,430
32156,685
32157,552
32158,457
32159,486
32160,522
32161,590
32162,692
32163,427
32164,554
32165,629
32166,436
32167,405
32168,624
32169,432
32170,488
32171,439
32172,568
32173,697
32174,417
32175,414
32176,531
32177,689
32178,693
32179,608
32180,678
32181,675
32182,676
32183,475
32184,697
32185,511
32186,665
32187,471
32188,420
32189,587
32190,520
32191,540
32192,603
32193,608
32194,408
32195,584
32196,695
32197,600
32198,463
32199,424
32200,555
32201,620
32202,691
32203,538
32204,420
32205,553
32206,467
32207,440
32208,414
32209,678
32210,568
32211,533
32212,598
32213,637
32214,511
32215,451
32216,536
32217,654
32218,514
32219,557
32220,699
32221,663
32222,498
32223,520
32224,489
32225,429
32226,629
32227,538
32228,653
32229,430
32230,561
32231,555
32232,516
32233,590
32234,575
32235,404
32236,411
32237,458
32238,698
32239,649
32240,492
32241,510
32242,694
32243,416
32244,619
32245,698
32246,404
32247,528
32248,511
32249,423
32250,428
32251,531
32252,443
32253,606
32254,615
32255,643
32256,430
32257,665
32258,410
32259,481
32260,555
32261,565
32262,607
32263,423
32264,694
32265,578
32266,449
32267,406
32268,499
32269,480
32270,640
32271,580
32272,692
32273,482
32274,453
32275,489
32276,602
32277,430
32278,592
32279,499
32280,488
32281,522
32282,446
32283,545
32284,402
32285,417
32286,480
32287,552
32288,698
32289,466
32290,488
32291,534
32292,601
32293,578
32294,478
32295,484
32296,420
32297,564
32298,427
32299,636
32300,687
32301,584
32302,554
32303,522
32304,486
32305,601
32306,439
32307,568
32308,469
32309,679
32310,426
32311,530
32312,676
32313,694
32314,687
32315,653
32316,484
32317,408
32318,449
32319,400
32320,403
32321,403
32322,489
32323,561
32324,554
32325,414
32326,431
32327,462
32328,507
32329,413
32330,422
32331,510
32332,559
32333,440
32334,681
32335,543
32336,687
32337,552
32338,481
32339,625
32340,551
32341,658
32342,478
32343,594
32344,622
32345,665
32346,629
32347,549
32348,535
32349,522
32350,509
32351,542
32352,469
32353,453
32354,439
32355,596
32356,426
32357,698
32358,579
32359,445
32360,541
32361,497
32362,525
32363,457
32364,576
32365,606
32366,684
32367,553
32368,426
32369,562
32370,649
32371,587
32372,489
32373,530
32374,697
32375,412
32376,428
32377,664
32378,431
32379,549
32380,485
32381,457
32382,456
32383,424
32384,589
32385,475
32386,624
32387,582
32388,553
32389,668
32390,677
32391,422
32392,413
32393,493
32394,451
32395,440
32396,563
32397,405
32398,537
32399,498
32400,623
32401,429
32402,624
32403,660
32404,646
32405,478
32406,584
32407,698
32408,579
32409,476
32410,661
32411,628
32412,401
32413,416
32414,411
32415,581
32416,406
32417,645
32418,556
32419,573
32420,580
32421,680
32422,636
32423,556
32424,650
32425,620
32426,622
32427,610
32428,533
32429,658
32430,434
32431,582
32432,560
32433,492
32434,596
32435,605
32436,417
32437,633
32438,465
32439,643
32440,675
32441,598
32442,417
32443,471
32444,554
32445,569
32446,681
32447,550
32448,660
32449,479
32450,505
32451,410
32452,607
32453,529
32454,570
32455,432
32456,423
32457,596
32458,445
32459,673
32460,630
32461,532
32462,663
32463,484
32464,404
32465,668
32466,620
32467,593
32468,468
32469,687
32470,575
32471,638
32472,578
32473,655
32474,610
32475,626
32476,471
32477,464
32478,565
32479,613
32480,416
32481,572
32482,528
32483,402
32484,647
32485,469
32486,451
32487,658
32488,638
32489,493
32490,446
32491,474
32492,490
32493,485
32494,405
32495,629
32496,442
32497,597
32498,581
32499,568
32500,602
32501,593
32502,430
32503,501
32504,463
32505,490
32506,649
32507,582
32508,679
32509,604
32510,488
32511,692
32512,684
32513,558
32514,529
32515,647
32516,539
32517,588
32518,490
32519,455
32520,625
32521,564
32522,435
32523,428
32524,479
32525,568
32526,432
32527,492
32528,511
32529,608
32530,593
32531,663
32532,646
32533,517
32534,627
32535,408
32536,598
32537,676
32538,528
32539,461
32540,401
32541,571
32542,644
32543,487
32544,482
32545,404
32546,438
32547,474
32548,500
32549,540
32550,492
32551,518
32552,687
32553,508
32554,442
32555,535
32556,616
32557,555
32558,438
32559,681
32560,425
32561,431
32562,445
32563,555
32564,643
32565,434
32566,677
32567,641
32568,658
32569,445
32570,636
32571,407
32572,659
32573,670
32574,443
32575,637
32576,566
32577,475
32578,556
32579,600
32580,633
32581,631
32582,611
32583,553
32584,612
32585,486
32586,417
32587,590
32588,453
32589,615
32590,441
32591,629
32592,629
32593,581
32594,540
32595,687
32596,481
32597,566
32598,453
32599,472
32600,612
32601,570
32602,669
32603,618
32604,535
32605,434
32606,545
32607,582
32608,477
32609,652
32610,635
32611,476
32612,472
32613,426
32614,437
32615,653
32616,485
32617,430
32618,604
32619,592
32620,629
32621,580
32622,644
32623,439
32624,556
32625,567
32626,557
32627,529
32628,481
32629,555
32630,574
32631,687
32632,487
32633,501
32634,647
32635,605
32636,488
32637,687
32638,495
32639,558
32640,513
32641,423
32642,562
32643,685
32644,454
32645,463
32646,432
32647,445
32648,618
32649,688
32650,595
32651,652
32652,685
32653,635
32654,478
32655,491
32656,495
32657,627
32658,685
32659,634
32660,501
32661,651
32662,539
32663,542
32664,639
32665,665
32666,460
32667,422
32668,410
32669,415
32670,448
32671,569
32672,518
32673,441
32674,409
32675,448
32676,664
32677,606
32678,566
32679,401
32680,467
32681,609
32682,538
32683,436
32684,617
32685,677
32686,579
32687,404
32688,529
32689,532
32690,498
32691,559
32692,635
32693,546
32694,514
32695,403
32696,486
32697,445
32698,482
32699,553
32700,681
32701,687
32702,510
32703,516
32704,496
32705,681
32706,588
32707,487
32708,486
32709,425
32710,430
32711,525
32712,597
32713,430
32714,631
32715,444
32716,588
32717,451
32718,451
32719,478
32720,448
32721,629
32722,443
32723,691
32724,646
32725,618
32726,421
32727,529
32728,406
32729,671
32730,443
32731,639
32732,464
32733,645
32734,472
32735,470
32736,596
32737,588
32738,557
32739,424
32740,470
32741,622
32742,559
32743,474
32744,537
32745,440
32746,415
32747,588
32748,427
32749,562
32750,454
32751,673
32752,501
32753,441
32754,662
32755,570
32756,607
32757,448
32758,459
32759,405
32760,547
32761,686
32762,610
32763,549
32764,484
32765,559
32766,446
32767,561
32768,554
32769,629
32770,699
32771,557
32772,560
32773,646
32774,455
32775,550
32776,698
32777,453
32778,622
32779,653
32780,467
32781,452
32782,644
32783,439
32784,537
32785,665
32786,537
32787,691
32788,609
32789,571
32790,584
32791,698
32792,639
32793,610
32794,550
32795,523
32796,448
32797,523
32798,467
32799,630
32800,408
32801,665
32802,524
32803,511
32804,453
32805,488
32806,494
32807,649
32808,565
32809,626
32810,535
32811,464
32812,404
32813,519
32814,618
32815,442
32816,587
32817,425
32818,666
32819,561
32820,632
32821,529
32822,420
32823,527
32824,475
32825,472
32826,632
32827,505
32828,408
32829,518
32830,449
32831,409
32832,512
32833,665
32834,477
32835,435
32836,601
32837,517
32838,589
32839,641
32840,692
32841,568
32842,629
32843,447
32844,549
32845,607
32846,460
32847,516
32848,638
32849,447
32850,644
32851,692
32852,404
32853,499
32854,604
32855,579
32856,416
32857,489
32858,507
32859,589
32860,579
32861,648
32862,650
32863,419
32864,496
32865,621
32866,543
32867,406
32868,667
32869,695
32870,400
32871,457
32872,663
32873,489
32874,474
32875,660
32876,681
32877,642
32878,518
32879,446
32880,567
32881,426
32882,695
32883,400
32884,573
32885,566
32886,417
32887,490
32888,601
32889,420
32890,555
32891,413
32892,419
32893,643
32894,572
32895,521
32896,583
32897,467
32898,692
32899,558
32900,448
32901,580
32902,694
32903,540
32904,417
32905,539
32906,471
32907,641
32908,660
32909,662
32910,542
32911,594
32912,545
32913,693
32914,425
32915,458
32916,451
32917,548
32918,506
32919,458
32920,657
32921,680
32922,418
32923,565
32924,424
32925,403
32926,402
32927,426
32928,618
32929,443
32930,611
32931,451
32932,552
32933,601
32934,410
32935,467
32936,626
32937,520
32938,414
32939,456
32940,463
32941,629
32942,410
32943,520
32944,623
32945,624
32946,524
32947,547
32948,627
32949,429
32950,409
32951,453
32952,585
32953,606
32954,654
32955,556
32956,528
32957,457
32958,594
32959,475
32960,488
32961,480
32962,585
32963,667
32964,478
32965,544
32966,528
32967,413
32968,518
32969,401
32970,403
32971,643
32972,465
32973,645
32974,489
32975,577
32976,459
32977,631
32978,575
32979,566
32980,597
32981,459
32982,482
32983,473
32984,425
32985,642
32986,515
32987,579
32988,661
32989,513
32990,665
32991,437
32992,476
32993,501
32994,411
32995,448
32996,653
32997,648
32998,471
32999,596
33000,652
33001,698
33002,621
33003,459
33004,556
33005,601
33006,666
33007,434
33008,654
33009,422
33010,564
33011,427
33012,452
33013,683
33014,697
33015,484
33016,523
33017,606
33018,564
33019,446
33020,555
33021,665
33022,678
33023,404
33024,481
33025,518
33026,661
33027,524
33028,614
33029,427
33030,668
33031,424
33032,406
33033,593
33034,479
33035,435
33036,657
33037,512
33038,693
33039,601
33040,413
33041,554
33042,484
33043,539
33044,496
33045,584
33046,588
33047,481
33048,699
33049,579
33050,504
33051,609
33052,648
33053,471
33054,560
33055,532
33056,639
33057,477
33058,457
33059,524
33060,410
33061,426
33062,606
33063,621
33064,649
33065,607
33066,508
33067,695
33068,460
33069,521
33070,638
33071,505
33072,678
33073,435
33074,437
33075,471
33076,455
33077,566
33078,620
33079,475
33080,609
33081,610
33082,627
33083,624
33084,653
33085,555
33086,548
33087,678
33088,630
33089,589
33090,624
33091,464
33092,507
33093,479
33094,532
33095,573
33096,463
33097,609
33098,696
33099,497
33100,571
33101,488
33102,625
33103,542
33104,595
33105,578
33106,453
33107,595
33108,616
33109,697
33110,424
33111,466
33112,562
33113,511
33114,605
33115,536
33116,678
33117,564
33118,670
33119,627
33120,526
33121,669
33122,647
33123,435
33124,554
33125,544
33126,659
33127,418
33128,457
33129,662
33130,435
33131,610
33132,547
33133,501
33134,475
33135,467
33136,465
33137,621
33138,550
33139,673
33140,677
33141,467
33142,634
33143,602
33144,632
33145,562
33146,497
33147,408
33148,648
33149,626
33150,640
33151,474
33152,416
33153,450
33154,627
33155,593
33156,679
33157,637
33158,670
33159,556
33160,653
33161,517
33162,449
33163,677
33164,451
33165,580
33166,430
33167,645
33168,489
33169,430
33170,501
33171,629
33172,496
33173,466
33174,591
33175,610
33176,536
33177,583
33178,455
33179,649
33180,681
33181,459
33182,527
33183,604
33184,613
33185,526
33186,471
33187,615
33188,489
33189,632
33190,632
33191,462
33192,646
33193,534
33194,401
33195,560
33196,539
33197,601
33198,524
33199,481
33200,563
33201,639
33202,612
33203,548
33204,471
33205,502
33206,582
33207,583
33208,412
33209,631
33210,549
33211,662
33212,423
33213,588
33214,532
33215,449
33216,582
33217,425
33218,537
33219,410
33220,695
33221,501
33222,410
33223,511
33224,493
33225,659
33226,657
33227,566
33228,608
33229,444
33230,604
33231,441
33232,684
33233,499
33234,671
33235,405
33236,441
33237,652
33238,475
33239,441
33240,667
33241,616
33242,463
33243,578
33244,428
33245,674
33246,615
33247,453
33248,479
33249,593
33250,599
33251,412
33252,621
33253,592
33254,639
33255,669
33256,697
33257,498
33258,619
33259,503
33260,464
33261,544
33262,437
33263,427
33264,688
33265,636
33266,525
33267,484
33268,636
33269,645
33270,665
33271,648
33272,691
33273,604
33274,627
33275,639
33276,472
33277,558
33278,611
33279,535
33280,682
33281,563
33282,536
33283,570
33284,551
33285,564
33286,696
33287,503
33288,621
33289,681
33290,528
33291,619
33292,572
33293,495
33294,451
33295,493
33296,463
33297,420
33298,505
33299,599
33300,680
33301,681
33302,499
33303,426
33304,644
33305,462
33306,437
33307,526
33308,470
33309,533
33310,652
33311,412
33312,573
33313,489
33314,688
33315,606
33316,461
33317,438
33318,459
33319,504
33320,638
33321,526
33322,482
33323,619
33324,504
33325,473
33326,534
33327,461
33328,400
33329,478
33330,464
33331,582
33332,465
33333,607
33334,453
33335,620
33336,635
33337,499
33338,502
33339,581
33340,507
33341,411
33342,485
33343,687
33344,613
33345,443
33346,477
33347,454
33348,671
33349,470
33350,467
33351,579
33352,573
33353,568
33354,660
33355,524
33356,530
33357,633
33358,553
33359,524
33360,499
33361,452
33362,527
33363,413
33364,404
33365,649
33366,426
33367,524
33368,428
33369,402
33370,627
33371,536
33372,656
33373,639
33374,678
33375,559
33376,405
33377,542
33378,580
33379,429
33380,652
33381,439
33382,586
33383,626
33384,619
33385,442
33386,543
33387,677
33388,573
33389,646
33390,572
33391,440
33392,449
33393,579
33394,558
33395,436
33396,426
33397,655
33398,677
33399,648
33400,580
33401,416
33402,524
33403,611
33404,636
33405,698
33406,599
33407,580
33408,529
33409,520
33410,586
33411,626
33412,561
33413,511
33414,533
33415,585
33416,574
33417,660
33418,668
33419,681
33420,623
33421,651
33422,463
33423,523
33424,469
33425,637
33426,474
33427,409
33428,667
33429,487
33430,449
33431,542
33432,458
33433,610
33434,471
33435,643
33436,638
33437,589
33438,449
33439,604
33440,453
33441,623
33442,555
33443,450
33444,640
33445,560
33446,528
33447,484
33448,468
33449,454
33450,484
33451,479
33452,619
33453,509
33454,652
33455,563
33456,502
33457,512
33458,651
33459,551
33460,650
33461,487
33462,499
33463,519
33464,603
33465,548
33466,600
33467,694
33468,402
33469,467
33470,553
33471,581
33472,412
33473,588
33474,419
33475,682
33476,409
33477,587
33478,418
33479,542
33480,502
33481,640
33482,551
33483,671
33484,587
33485,609
33486,576
33487,593
33488,576
33489,465
33490,401
33491,670
33492,459
33493,442
33494,492
33495,625
33496,685
33497,462
33498,679
33499,413
33500,427
33501,541
33502,507
33503,689
33504,477
33505,646
33506,411
33507,583
33508,695
33509,639
33510,662
33511,472
33512,467
33513,686
33514,619
33515,446
33516,457
33517,423
33518,689
33519,423
33520,463
33521,654
33522,547
33523,515
33524,497
33525,638
33526,682
33527,699
33528,492
33529,464
33530,573
33531,634
33532,566
33533,636
33534,406
33535,442
33536,675
33537,552
33538,442
33539,612
33540,600
33541,554
33542,619
33543,552
33544,435
33545,625
33546,520
33547,408
33548,580
33549,420
33550,671
33551,593
33552,425
33553,684
33554,497
33555,618
33556,672
33557,687
33558,465
33559,510
33560,611
33561,570
33562,458
33563,429
33564,666
33565,553
33566,401
33567,568
33568,613
33569,650
33570,430
33571,582
33572,588
33573,612
33574,526
33575,691
33576,695
33577,422
33578,417
33579,478
33580,433
33581,506
33582,598
33583,590
33584,631
33585,461
33586,441
33587,423
33588,562
33589,582
33590,494
33591,482
33592,492
33593,677
33594,504
33595,484
33596,460
33597,607
33598,557
33599,468
33600,661
33601,633
33602,538
33603,679
33604,630
33605,450
33606,638
33607,418
33608,577
33609,608
33610,530
33611,630
33612,491
33613,430
33614,648
33615,523
33616,535
33617,672
33618,499
33619,618
33620,503
33621,496
33622,602
33623,420
33624,597
33625,511
33626,548
33627,642
33628,582
33629,683
33630,699
33631,488
33632,621
33633,647
33634,576
33635,517
33636,573
33637,618
33638,617
33639,476
33640,487
33641,477
33642,600
33643,463
33644,403
33645,482
33646,592
33647,405
33648,592
33649,616
33650,421
33651,544
33652,684
33653,544
33654,401
33655,687
33656,624
33657,613
33658,565
33659,540
33660,463
33661,611
33662,688
33663,497
33664,565
33665,525
33666,556
33667,649
33668,460
33669,431
33670,673
33671,420
33672,411
33673,643
33674,502
33675,675
33676,406
33677,529
33678,698
33679,496
33680,676
33681,684
33682,687
33683,572
33684,604
33685,502
33686,512
33687,530
33688,438
33689,407
33690,445
33691,593
33692,405
33693,457
33694,568
33695,521
33696,648
33697,606
33698,514
33699,638
33700,453
33701,475
33702,568
33703,447
33704,623
33705,469
33706,554
33707,446
33708,678
33709,601
33710,541
33711,525
33712,552
33713,464
33714,495
33715,580
33716,577
33717,528
33718,438
33719,699
33720,532
33721,508
33722,471
33723,607
33724,464
33725,640
33726,478
33727,487
33728,577
33729,661
33730,465
33731,504
33732,497
33733,495
33734,445
33735,430
33736,603
33737,547
33738,531
33739,585
33740,588
33741,526
33742,696
33743,486
33744,520
33745,534
33746,598
33747,570
33748,659
33749,523
33750,641
33751,470
33752,458
33753,508
33754,440
33755,685
33756,545
33757,685
33758,451
33759,575
33760,678
33761,564
33762,651
33763,502
33764,452
33765,654
33766,572
33767,650
33768,576
33769,448
33770,510
33771,609
33772,647
33773,574
33774,506
33775,552
33776,554
33777,539
33778,550
33779,672
33780,443
33781,470
33782,524
33783,551
33784,619
33785,614
33786,543
33787,506
33788,680
33789,463
33790,683
33791,664
33792,405
33793,567
33794,572
33795,518
33796,625
33797,573
33798,528
33799,586
33800,462
33801,673
33802,485
33803,609
33804,592
33805,637
33806,419
33807,581
33808,447
33809,627
33810,453
33811,501
33812,488
33813,543
33814,547
33815,629
33816,649
33817,624
33818,560
33819,567
33820,509
33821,660
33822,572
33823,696
33824,642
33825,608
33826,642
33827,653
33828,481
33829,430
33830,403
33831,593
33832,455
33833,660
33834,480
33835,453
33836,495
33837,656
33838,603
33839,610
33840,525
33841,406
33842,524
33843,670
33844,507
33845,659
33846,469
33847,437
33848,574
33849,587
33850,626
33851,657
33852,596
33853,407
33854,450
33855,621
33856,418
33857,646
33858,430
33859,479
33860,421
33861,688
33862,641
33863,613
33864,599
33865,564
33866,539
33867,684
33868,412
33869,425
33870,421
33871,475
33872,491
33873,665
33874,447
33875,569
33876,644
33877,627
33878,586
33879,567
33880,602
33881,405
33882,531
33883,644
33884,490
33885,525
33886,641
33887,648
33888,406
33889,487
33890,485
33891,544
33892,597
33893,563
33894,544
33895,400
33896,519
33897,466
33898,448
33899,686
33900,423
33901,610
33902,692
33903,462
33904,455
33905,417
33906,476
33907,659
33908,520
33909,583
33910,447
33911,546
33912,681
33913,693
33914,479
33915,635
33916,628
33917,683
33918,460
33919,619
33920,488
33921,663
33922,627
33923,502
33924,487
33925,422
33926,692
33927,666
33928,416
33929,684
33930,561
33931,477
33932,521
33933,511
33934,638
33935,609
33936,401
33937,602
33938,686
33939,516
33940,699
33941,513
33942,473
33943,640
33944,453
33945,558
33946,508
33947,679
33948,552
33949,562
33950,456
33951,613
33952,427
33953,603
33954,432
33955,521
33956,415
33957,553
33958,617
33959,504
33960,476
33961,486
33962,430
33963,499
33964,554
33965,691
33966,505
33967,629
33968,402
33969,621
33970,520
33971,559
33972,670
33973,593
33974,617
33975,590
33976,651
33977,625
33978,400
33979,532
33980,489
33981,405
33982,643
33983,532
33984,515
33985,472
33986,555
33987,610
33988,468
33989,699
33990,543
33991,598
33992,605
33993,600
33994,638
33995,467
33996,570
33997,696
33998,469
33999,686
34000,416
34001,536
34002,618
34003,405
34004,597
34005,531
34006,583
34007,417
34008,612
34009,447
34010,428
34011,552
34012,637
34013,664
34014,598
34015,413
34016,675
34017,409
34018,538
34019,566
34020,546
34021,644
34022,469
34023,503
34024,628
34025,537
34026,435
34027,517
34028,654
34029,419
34030,697
34031,420
34032,655
34033,647
34034,565
34035,654
34036,477
34037,679
34038,681
34039,433
34040,498
34041,542
34042,454
34043,402
34044,618
34045,610
34046,548
34047,631
34048,487
34049,610
34050,622
34051,695
34052,547
34053,606
34054,626
34055,583
34056,440
34057,581
34058,443
34059,609
34060,649
34061,483
34062,538
34063,630
34064,411
34065,672
34066,489
34067,424
34068,425
34069,552
34070,459
34071,459
34072,682
34073,570
34074,475
34075,675
34076,607
34077,554
34078,579
34079,481
34080,409
34081,642
34082,577
34083,685
34084,656
34085,403
34086,614
34087,429
34088,464
34089,523
34090,684
34091,552
34092,439
34093,425
34094,672
34095,558
34096,588
34097,663
34098,468
34099,400
34100,478
34101,627
34102,445
34103,507
34104,523
34105,547
34106,651
34107,401
34108,621
34109,588
34110,470
34111,496
34112,631
34113,429
34114,429
34115,614
34116,572
34117,679
34118,610
34119,524
34120,479
34121,583
34122,414
34123,410
34124,488
34125,402
34126,423
34127,488
34128,408
34129,445
34130,493
34131,470
34132,587
34133,538
34134,409
34135,402
34136,418
34137,529
34138,620
34139,529
34140,512
34141,537
34142,442
34143,617
34144,457
34145,512
34146,587
34147,521
34148,484
34149,505
34150,498
34151,408
34152,405
34153,507
34154,551
34155,636
34156,426
34157,518
34158,610
34159,499
34160,402
34161,693
34162,416
34163,505
34164,629
34165,576
34166,483
34167,662
34168,595
34169,648
34170,548
34171,605
34172,480
34173,588
34174,605
34175,668
34176,689
34177,699
34178,654
34179,407
34180,513
34181,404
34182,472
34183,520
34184,633
34185,465
34186,629
34187,430
34188,696
34189,450
34190,546
34191,494
34192,437
34193,597
34194,640
34195,572
34196,655
34197,440
34198,528
34199,453
34200,485
34201,611
34202,668
34203,695
34204,420
34205,614
34206,588
34207,560
34208,600
34209,428
34210,643
34211,582
34212,431
34213,666
34214,435
34215,492
34216,558
34217,579
34218,617
34219,626
34220,611
34221,562
34222,557
34223,509
34224,454
34225,613
34226,414
34227,552
34228,419
34229,451
34230,483
34231,623
34232,528
34233,415
34234,673
34235,476
34236,699
34237,491
34238,669
34239,451
34240,520
34241,449
34242,672
34243,519
34244,494
34245,548
34246,688
34247,656
34248,583
34249,659
34250,549
34251,604
34252,571
34253,621
34254,567
34255,643
34256,617
34257,455
34258,462
34259,502
34260,566
34261,406
34262,541
34263,524
34264,489
34265,615
34266,522
34267,585
34268,552
34269,648
34270,513
34271,495
34272,597
34273,402
34274,548
34275,510
34276,419
34277,602
34278,581
34279,626
34280,691
34281,475
34282,622
34283,435
34284,699
34285,489
34286,428
34287,575
34288,619
34289,535
34290,574
34291,525
34292,570
34293,665
34294,533
34295,671
34296,425
34297,676
34298,499
34299,429
34300,532
34301,538
34302,590
34303,586
34304,539
34305,636
34306,696
34307,599
34308,683
34309,479
34310,658
34311,500
34312,431
34313,676
34314,520
34315,454
34316,417
34317,520
34318,509
34319,460
34320,663
34321,667
34322,696
34323,526
34324,536
34325,477
34326,606
34327,583
34328,488
34329,628
34330,463
34331,454
34332,692
34333,680
34334,678
34335,587
34336,590
34337,672
34338,494
34339,489
34340,646
34341,474
34342,461
34343,621
34344,666
34345,520
34346,427
34347,673
34348,422
34349,498
34350,684
34351,509
34352,602
34353,505
34354,445
34355,656
34356,543
34357,424
34358,461
34359,629
34360,481
34361,610
34362,596
34363,597
34364,561
34365,607
34366,443
34367,687
34368,678
34369,674
34370,620
34371,684
34372,545
34373,468
34374,539
34375,409
34376,510
34377,436
34378,480
34379,495
34380,454
34381,531
34382,622
34383,462
34384,411
34385,545
34386,663
34387,431
34388,448
34389,586
34390,498
34391,566
34392,612
34393,598
34394,645
34395,553
34396,495
34397,462
34398,593
34399,671
34400,489
34401,671
34402,484
34403,694
34404,435
34405,417
34406,476
34407,448
34408,635
34409,443
34410,508
34411,528
34412,406
34413,511
34414,612
34415,465
34416,430
34417,694
34418,664
34419,696
34420,413
34421,457
34422,641
34423,647
34424,497
34425,561
34426,646
34427,403
34428,660
34429,444
34430,610
34431,643
34432,602
34433,602
34434,426
34435,517
34436,625
34437,604
34438,646
34439,448
34440,652
34441,477
34442,656
34443,519
34444,434
34445,542
34446,596
34447,659
34448,483
34449,591
34450,421
34451,423
34452,474
34453,533
34454,566
34455,509
34456,489
34457,436
34458,450
34459,459
34460,471
34461,527
34462,461
34463,578
34464,427
34465,639
34466,631
34467,552
34468,406
34469,464
34470,522
34471,435
34472,637
34473,472
34474,429
34475,626
34476,684
34477,404
34478,464
34479,634
34480,514
34481,645
34482,416
34483,436
34484,618
34485,536
34486,645
34487,437
34488,650
34489,452
34490,602
34491,448
34492,521
34493,415
34494,668
34495,635
34496,520
34497,538
34498,486
34499,529
34500,651
34501,674
34502,446
34503,478
34504,697
34505,618
34506,510
34507,626
34508,674
34509,655
34510,438
34511,534
34512,694
34513,497
34514,433
34515,467
34516,590
34517,598
34518,447
34519,658
34520,612
34521,561
34522,512
34523,536
34524,411
34525,637
34526,683
34527,575
34528,624
34529,474
34530,534
34531,481
34532,482
34533,541
34534,608
34535,614
34536,654
34537,587
34538,646
34539,654
34540,561
34541,566
34542,477
34543,574
34544,419
34545,495
34546,579
34547,494
34548,470
34549,589
34550,531
34551,538
34552,674
34553,501
34554,682
34555,428
34556,417
34557,643
34558,574
34559,488
34560,419
34561,417
34562,437
34563,488
34564,549
34565,603
34566,632
34567,503
34568,510
34569,624
34570,620
34571,425
34572,463
34573,653
34574,648
34575,623
34576,530
34577,429
34578,674
34579,409
34580,488
34581,546
34582,526
34583,585
34584,523
34585,506
34586,405
34587,450
34588,535
34589,401
34590,417
34591,648
34592,584
34593,621
34594,627
34595,593
34596,609
34597,698
34598,471
34599,516
34600,663
34601,404
34602,668
34603,406
34604,420
34605,436
34606,572
34607,461
34608,605
34609,500
34610,518
34611,578
34612,531
34613,474
34614,689
34615,444
34616,543
34617,536
34618,607
34619,630
34620,671
34621,494
34622,660
34623,526
34624,566
34625,417
34626,547
34627,646
34628,529
34629,695
34630,665
34631,441
34632,602
34633,580
34634,580
34635,695
34636,543
34637,460
34638,608
34639,565
34640,699
34641,542
34642,460
34643,662
34644,523
34645,637
34646,429
34647,654
34648,489
34649,538
34650,606
34651,492
34652,533
34653,603
34654,509
34655,437
34656,421
34657,624
34658,567
34659,534
34660,509
34661,623
34662,567
34663,506
34664,423
34665,696
34666,610
34667,570
34668,468
34669,621
34670,552
34671,680
34672,600
34673,618
34674,503
34675,698
34676,629
34677,453
34678,588
34679,621
34680,474
34681,571
34682,441
34683,556
34684,480
34685,607
34686,485
34687,631
34688,576
34689,506
34690,538
34691,501
34692,429
34693,593
34694,643
34695,584
34696,692
34697,646
34698,517
34699,472
34700,468
34701,641
34702,551
34703,493
34704,670
34705,628
34706,429
34707,512
34708,547
34709,456
34710,576
34711,455
34712,664
34713,636
34714,677
34715,476
34716,523
34717,427
34718,541
34719,557
34720,566
34721,584
34722,411
34723,568
34724,505
34725,653
34726,497
34727,518
34728,625
34729,551
34730,602
34731,562
34732,696
34733,521
34734,415
34735,505
34736,661
34737,419
34738,643
34739,643
34740,611
34741,623
34742,661
34743,619
34744,407
34745,413
34746,529
34747,421
34748,624
34749,634
34750,598
34751,533
34752,577
34753,443
34754,407
34755,679
34756,426
34757,450
34758,468
34759,680
34760,443
34761,574
34762,518
34763,668
34764,580
34765,452
34766,692
34767,590
34768,593
34769,439
34770,477
34771,588
34772,494
34773,424
34774,502
34775,558
34776,607
34777,493
34778,438
34779,563
34780,454
34781,471
34782,441
34783,531
34784,420
34785,400
34786,565
34787,459
34788,475
34789,490
34790,606
34791,487
34792,481
34793,416
34794,609
34795,452
34796,527
34797,545
34798,647
34799,400
34800,440
34801,472
34802,559
34803,611
34804,695
34805,538
34806,442
34807,578
34808,588
34809,645
34810,697
34811,553
34812,503
34813,410
34814,424
34815,695
34816,424
34817,483
34818,505
34819,640
34820,518
34821,507
34822,579
34823,530
34824,694
34825,490
34826,640
34827,646
34828,567
34829,622
34830,677
34831,589
34832,418
34833,413
34834,642
34835,508
34836,589
34837,617
34838,698
34839,635
34840,567
34841,667
34842,592
34843,641
34844,561
34845,678
34846,534
34847,592
34848,488
34849,441
34850,492
34851,614
34852,400
34853,563
34854,505
34855,631
34856,445
34857,604
34858,420
34859,576
34860,566
34861,693
34862,664
34863,675
34864,407
34865,669
34866,611
34867,562
34868,444
34869,632
34870,452
34871,632
34872,570
34873,405
34874,443
34875,490
34876,595
34877,403
34878,520
34879,462
34880,491
34881,646
34882,618
34883,630
34884,693
34885,587
34886,567
34887,663
34888,504
34889,623
34890,514
34891,634
34892,671
34893,673
34894,629
34895,616
34896,433
34897,596
34898,613
34899,445
34900,639
34901,653
34902,627
34903,620
34904,565
34905,472
34906,624
34907,485
34908,480
34909,614
34910,563
34911,639
34912,468
34913,536
34914,551
34915,496
34916,557
34917,585
34918,567
34919,643
34920,518
34921,595
34922,687
34923,464
34924,561
34925,484
34926,458
34927,681
34928,549
34929,520
34930,668
34931,654
34932,623
34933,454
34934,535
34935,589
34936,652
34937,483
34938,576
34939,493
34940,434
34941,611
34942,525
34943,629
34944,567
34945,413
34946,473
34947,451
34948,606
34949,695
34950,442
34951,402
34952,494
34953,637
34954,566
34955,418
34956,606
34957,629
34958,613
34959,455
34960,531
34961,408
34962,630
34963,552
34964,683
34965,589
34966,415
34967,602
34968,573
34969,567
34970,433
34971,628
34972,400
34973,514
34974,613
34975,653
34976,544
34977,446
34978,679
34979,577
34980,612
34981,684
34982,644
34983,652
34984,605
34985,471
34986,621
34987,614
34988,540
34989,555
34990,621
34991,630
34992,541
34993,474
34994,439
34995,672
34996,469
34997,510
34998,633
34999,596
35000,598
35001,423
35002,546
35003,461
35004,466
35005,429
35006,506
35007,565
35008,520
35009,410
35010,471
35011,652
35012,684
35013,518
35014,407
35015,614
35016,620
35017,479
35018,471
35019,599
35020,572
35021,688
35022,633
35023,660
35024,544
35025,421
35026,477
35027,629
35028,559
35029,413
35030,635
35031,547
35032,549
35033,429
35034,560
35035,660
35036,417
35037,462
35038,534
35039,556
35040,456
35041,664
35042,653
35043,586
35044,598
35045,570
35046,405
35047,655
35048,647
35049,618
35050,403
35051,400
35052,430
35053,516
35054,674
35055,596
35056,576
35057,686
35058,635
35059,478
35060,642
35061,604
35062,610
35063,490
35064,565
35065,560
35066,405
35067,540
35068,604
35069,419
35070,499
35071,564
35072,444
35073,626
35074,451
35075,545
35076,680
35077,522
35078,606
35079,696
35080,501
35081,673
35082,528
35083,566
35084,601
35085,501
35086,470
35087,407
35088,561
35089,472
35090,426
35091,568
35092,662
35093,687
35094,472
35095,608
35096,498
35097,430
35098,432
35099,612
35100,544
35101,498
35102,579
35103,534
35104,589
35105,429
35106,481
35107,456
35108,573
35109,607
35110,582
35111,634
35112,506
35113,585
35114,665
35115,531
35116,570
35117,697
35118,423
35119,660
35120,595
35121,498
35122,500
35123,519
35124,602
35125,489
35126,594
35127,576
35128,514
35129,431
35130,614
35131,678
35132,642
35133,685
35134,469
35135,470
35136,510
35137,557
35138,436
35139,434
35140,458
35141,606
35142,465
35143,661
35144,669
35145,632
35146,556
35147,505
35148,553
35149,417
35150,659
35151,518
35152,501
35153,424
35154,579
35155,561
35156,614
35157,523
35158,691
35159,555
35160,592
35161,452
35162,569
35163,497
35164,546
35165,699
35166,429
35167,473
35168,571
35169,483
35170,472
35171,631
35172,689
35173,526
35174,484
35175,653
35176,551
35177,406
35178,535
35179,583
35180,626
35181,643
35182,663
35183,650
35184,569
35185,453
35186,531
35187,493
35188,445
35189,498
35190,633
35191,668
35192,436
35193,474
35194,457
35195,418
35196,587
35197,538
35198,542
35199,507
35200,620
35201,544
35202,404
35203,455
35204,654
35205,621
35206,447
35207,562
35208,635
35209,647
35210,499
35211,420
35212,501
35213,404
35214,596
35215,548
35216,610
35217,559
35218,545
35219,457
35220,639
35221,478
35222,551
35223,404
35224,580
35225,600
35226,532
35227,521
35228,568
35229,497
35230,681
35231,667
35232,418
35233,531
35234,495
35235,609
35236,404
35237,527
35238,453
35239,597
35240,605
35241,579
35242,640
35243,673
35244,537
35245,422
35246,519
35247,514
35248,481
35249,595
35250,579
35251,574
35252,597
35253,425
35254,498
35255,632
35256,590
35257,465
35258,645
35259,503
35260,590
35261,540
35262,578
35263,660
35264,574
35265,563
35266,418
35267,419
35268,686
35269,638
35270,443
35271,595
35272,594
35273,448
35274,458
35275,531
35276,566
35277,534
35278,488
35279,670
35280,662
35281,515
35282,595
35283,507
35284,446
35285,640
35286,629
35287,644
35288,649
35289,476
35290,461
35291,458
35292,637
35293,588
35294,455
35295,477
35296,621
35297,446
35298,537
35299,423
35300,428
35301,534
35302,680
35303,691
35304,588
35305,470
35306,605
35307,641
35308,583
35309,527
35310,629
35311,440
35312,680
35313,561
35314,557
35315,420
35316,409
35317,486
35318,432
35319,602
35320,403
35321,422
35322,596
35323,673
35324,672
35325,506
35326,599
35327,614
35328,401
35329,520
35330,502
35331,548
35332,551
35333,452
35334,565
35335,566
35336,694
35337,470
35338,527
35339,432
35340,556
35341,665
35342,603
35343,594
35344,508
35345,558
35346,682
35347,426
35348,626
35349,651
35350,664
35351,661
35352,533
35353,425
35354,442
35355,418
35356,415
35357,504
35358,678
35359,602
35360,607
35361,565
35362,458
35363,447
35364,547
35365,676
35366,577
35367,688
35368,513
35369,695
35370,617
35371,665
35372,561
35373,435
35374,474
35375,534
35376,671
35377,578
35378,558
35379,642
35380,603
35381,682
35382,677
35383,542
35384,407
35385,515
35386,671
35387,575
35388,613
35389,614
35390,456
35391,628
35392,699
35393,436
35394,683
35395,623
35396,600
35397,499
35398,681
35399,474
35400,611
35401,590
35402,462
35403,511
35404,542
35405,498
35406,664
35407,624
35408,474
35409,677
35410,597
35411,583
35412,692
35413,456
35414,648
35415,513
35416,539
35417,440
35418,552
35419,631
35420,504
35421,505
35422,699
35423,529
35424,560
35425,656
35426,628
35427,581
35428,413
35429,499
35430,624
35431,630
35432,452
35433,405
35434,489
35435,463
35436,487
35437,432
35438,471
35439,443
35440,652
35441,506
35442,689
35443,401
35444,535
35445,516
35446,520
35447,687
35448,493
35449,406
35450,487
35451,581
35452,590
35453,607
35454,690
35455,677
35456,451
35457,666
35458,643
35459,581
35460,610
35461,597
35462,669
35463,432
35464,501
35465,681
35466,636
35467,615
35468,526
35469,493
35470,473
35471,527
35472,473
35473,655
35474,501
35475,446
35476,564
35477,655
35478,682
35479,647
35480,603
35481,485
35482,563
35483,456
35484,605
35485,547
35486,678
35487,689
35488,420
35489,536
35490,409
35491,444
35492,648
35493,429
35494,624
35495,576
35496,495
35497,416
35498,427
35499,525
35500,672
35501,586
35502,541
35503,537
35504,628
35505,613
35506,673
35507,690
35508,457
35509,417
35510,579
35511,557
35512,655
35513,436
35514,695
35515,661
35516,478
35517,553
35518,557
35519,474
35520,454
35521,605
35522,614
35523,408
35524,505
35525,644
35526,502
35527,674
35528,432
35529,507
35530,668
35531,472
35532,580
35533,667
35534,551
35535,467
35536,596
35537,694
35538,431
35539,507
35540,478
35541,658
35542,574
35543,414
35544,450
35545,506
35546,609
35547,601
35548,676
35549,617
35550,440
35551,658
35552,602
35553,498
35554,548
35555,504
35556,602
35557,494
35558,576
35559,464
35560,440
35561,623
35562,466
35563,654
35564,697
35565,468
35566,570
35567,500
35568,539
35569,605
35570,472
35571,459
35572,555
35573,523
35574,413
35575,663
35576,426
35577,644
35578,449
35579,586
35580,456
35581,658
35582,554
35583,433
35584,425
35585,649
35586,485
35587,559
35588,599
35589,505
35590,674
35591,688
35592,657
35593,619
35594,414
35595,420
35596,458
35597,481
35598,517
35599,512
35600,694
35601,675
35602,656
35603,664
35604,634
35605,450
35606,565
35607,630
35608,620
35609,670
35610,483
35611,629
35612,696
35613,621
35614,553
35615,453
35616,518
35617,597
35618,672
35619,597
35620,527
35621,491
35622,408
35623,626
35624,445
35625,533
35626,415
35627,614
35628,511
35629,556
35630,695
35631,597
35632,457
35633,477
35634,641
35635,498
35636,405
35637,678
35638,611
35639,672
35640,483
35641,511
35642,597
35643,427
35644,540
35645,572
35646,419
35647,516
35648,453
35649,626
35650,508
35651,630
35652,628
35653,698
35654,486
35655,673
35656,627
35657,470
35658,627
35659,512
35660,692
35661,690
35662,504
35663,690
35664,408
35665,564
35666,459
35667,505
35668,510
35669,488
35670,667
35671,629
35672,470
35673,518
35674,502
35675,601
35676,422
35677,489
35678,492
35679,663
35680,684
35681,570
35682,620
35683,423
35684,601
35685,523
35686,541
35687,451
35688,469
35689,659
35690,585
35691,606
35692,692
35693,438
35694,465
35695,412
35696,593
35697,687
35698,532
35699,594
35700,477
35701,649
35702,631
35703,579
35704,576
35705,428
35706,565
35707,625
35708,535
35709,586
35710,454
35711,401
35712,416
35713,458
35714,487
35715,622
35716,671
35717,457
35718,591
35719,449
35720,612
35721,629
35722,553
35723,672
35724,445
35725,517
35726,575
35727,467
35728,650
35729,629
35730,599
35731,545
35732,450
35733,585
35734,598
35735,544
35736,458
35737,594
35738,542
35739,622
35740,499
35741,425
35742,413
35743,521
35744,664
35745,406
35746,618
35747,619
35748,582
35749,507
35750,523
35751,569
35752,656
35753,408
35754,679
35755,524
35756,561
35757,435
35758,403
35759,486
35760,663
35761,490
35762,694
35763,457
35764,539
35765,571
35766,659
35767,424
35768,597
35769,466
35770,517
35771,679
35772,405
35773,496
35774,471
35775,657
35776,437
35777,695
35778,455
35779,502
35780,502
35781,615
35782,420
35783,514
35784,609
35785,690
35786,602
35787,587
35788,550
35789,590
35790,613
35791,441
35792,593
35793,649
35794,480
35795,440
35796,419
35797,408
35798,523
35799,602
35800,477
35801,609
35802,417
35803,635
35804,599
35805,681
35806,651
35807,638
35808,668
35809,518
35810,681
35811,406
35812,672
35813,652
35814,527
35815,491
35816,405
35817,473
35818,455
35819,694
35820,637
35821,421
35822,440
35823,665
35824,657
35825,447
35826,697
35827,538
35828,601
35829,539
35830,541
35831,685
35832,632
35833,557
35834,437
35835,474
35836,574
35837,438
35838,472
35839,457
35840,488
35841,672
35842,533
35843,542
35844,494
35845,555
35846,600
35847,559
35848,610
35849,571
35850,469
35851,544
35852,566
35853,516
35854,584
35855,602
35856,561
35857,587
35858,442
35859,600
35860,630
35861,403
35862,639
35863,605
35864,493
35865,631
35866,559
35867,512
35868,651
35869,621
35870,493
35871,566
35872,537
35873,609
35874,655
35875,472
35876,613
35877,665
35878,550
35879,634
35880,615
35881,508
35882,699
35883,695
35884,519
35885,497
35886,609
35887,431
35888,625
35889,614
35890,522
35891,546
35892,451
35893,579
35894,689
35895,586
35896,507
35897,525
35898,660
35899,593
35900,696
35901,433
35902,675
35903,581
35904,638
35905,545
35906,443
35907,690
35908,694
35909,658
35910,418
35911,614
35912,610
35913,630
35914,404
35915,668
35916,561
35917,615
35918,673
35919,499
35920,570
35921,651
35922,568
35923,437
35924,627
35925,524
35926,677
35927,684
35928,536
35929,507
35930,467
35931,503
35932,645
35933,564
35934,591
35935,594
35936,531
35937,695
35938,543
35939,618
35940,425
35941,650
35942,494
35943,599
35944,502
35945,592
35946,401
35947,646
35948,490
35949,444
35950,402
35951,463
35952,534
35953,690
35954,677
35955,575
35956,681
35957,519
35958,661
35959,573
35960,517
35961,584
35962,642
35963,613
35964,520
35965,462
35966,548
35967,675
35968,428
35969,698
35970,624
35971,572
35972,643
35973,530
35974,419
35975,480
35976,692
35977,693
35978,634
35979,620
35980,569
35981,445
35982,459
35983,495
35984,668
35985,430
35986,515
35987,461
35988,545
35989,452
35990,450
35991,568
35992,594
35993,482
35994,533
35995,667
35996,480
35997,618
35998,401
35999,650
36000,635
36001,555
36002,436
36003,628
36004,544
36005,455
36006,520
36007,610
36008,659
36009,502
36010,634
36011,437
36012,507
36013,623
36014,692
36015,583
36016,554
36017,431
36018,633
36019,649
36020,457
36021,562
36022,416
36023,653
36024,545
36025,628
36026,639
36027,685
36028,415
36029,474
36030,659
36031,403
36032,650
36033,484
36034,462
36035,499
36036,642
36037,694
36038,561
36039,577
36040,651
36041,441
36042,641
36043,490
36044,427
36045,554
36046,518
36047,619
36048,663
36049,520
36050,445
36051,679
36052,514
36053,567
36054,645
36055,679
36056,633
36057,421
36058,601
36059,467
36060,535
36061,630
36062,457
36063,414
36064,663
36065,569
36066,690
36067,568
36068,447
36069,495
36070,443
36071,639
36072,690
36073,682
36074,469
36075,652
36076,465
36077,684
36078,430
36079,613
36080,580
36081,601
36082,467
36083,424
36084,647
36085,559
36086,679
36087,656
36088,510
36089,446
36090,578
36091,435
36092,597
36093,441
36094,489
36095,467
36096,469
36097,509
36098,421
36099,676
36100,594
36101,444
36102,510
36103,608
36104,629
36105,577
36106,649
36107,410
36108,651
36109,634
36110,535
36111,653
36112,453
36113,528
36114,625
36115,419
36116,499
36117,689
36118,456
36119,625
36120,540
36121,524
36122,451
36123,533
36124,691
36125,552
36126,585
36127,638
36128,582
36129,402
36130,683
36131,595
36132,565
36133,689
36134,540
36135,510
36136,660
36137,587
36138,672
36139,584
36140,686
36141,491
36142,593
36143,446
36144,543
36145,548
36146,519
36147,533
36148,596
36149,436
36150,586
36151,612
36152,509
36153,586
36154,477
36155,697
36156,524
36157,401
36158,470
36159,611
36160,407
36161,583
36162,563
36163,668
36164,694
36165,480
36166,661
36167,674
36168,504
36169,427
36170,446
36171,454
36172,478
36173,400
36174,567
36175,422
36176,627
36177,697
36178,659
36179,663
36180,563
36181,409
36182,515
36183,557
36184,671
36185,557
36186,601
36187,520
36188,538
36189,561
36190,607
36191,454
36192,659
36193,443
36194,558
36195,497
36196,425
36197,597
36198,496
36199,638
36200,411
36201,444
36202,408
36203,400
36204,609
36205,453
36206,503
36207,551
36208,409
36209,439
36210,443
36211,667
36212,677
36213,554
36214,481
36215,596
36216,451
36217,622
36218,458
36219,693
36220,675
36221,675
36222,509
36223,429
36224,506
36225,696
36226,494
36227,684
36228,606
36229,571
36230,478
36231,649
36232,617
36233,456
36234,546
36235,633
36236,416
36237,596
36238,588
36239,531
36240,647
36241,549
36242,601
36243,612
36244,616
36245,405
36246,557
36247,474
36248,650
36249,445
36250,628
36251,581
36252,482
36253,544
36254,449
36255,499
36256,619
36257,538
36258,413
36259,412
36260,649
36261,571
36262,505
36263,588
36264,416
36265,449
36266,648
36267,626
36268,478
36269,671
36270,612
36271,416
36272,650
36273,483
36274,596
36275,664
36276,417
36277,620
36278,634
36279,575
36280,471
36281,490
36282,422
36283,612
36284,693
36285,527
36286,458
36287,484
36288,628
36289,667
36290,511
36291,515
36292,637
36293,451
36294,483
36295,510
36296,599
36297,618
36298,628
36299,420
36300,575
36301,455
36302,690
36303,699
36304,694
36305,542
36306,625
36307,407
36308,523
36309,645
36310,500
36311,492
36312,653
36313,479
36314,697
36315,430
36316,698
36317,681
36318,411
36319,526
36320,586
36321,468
36322,410
36323,422
36324,608
36325,614
36326,522
36327,472
36328,609
36329,673
36330,493
36331,635
36332,553
36333,673
36334,612
36335,527
36336,632
36337,440
36338,688
36339,442
36340,669
36341,427
36342,669
36343,473
36344,544
36345,561
36346,645
36347,669
36348,610
36349,679
36350,622
36351,469
36352,419
36353,520
36354,572
36355,433
36356,470
36357,432
36358,661
36359,671
36360,508
36361,422
36362,545
36363,413
36364,435
36365,670
36366,660
36367,452
36368,447
36369,410
36370,657
36371,679
36372,609
36373,411
36374,650
36375,559
36376,435
36377,548
36378,597
36379,645
36380,603
36381,443
36382,605
36383,640
36384,440
36385,475
36386,601
36387,494
36388,427
36389,543
36390,458
36391,528
36392,400
36393,686
36394,421
36395,625
36396,603
36397,586
36398,683
36399,426
36400,528
36401,494
36402,465
36403,576
36404,674
36405,555
36406,418
36407,457
36408,672
36409,597
36410,478
36411,440
36412,625
36413,660
36414,644
36415,422
36416,596
36417,635
36418,525
36419,665
36420,539
36421,526
36422,685
36423,513
36424,412
36425,627
36426,408
36427,545
36428,562
36429,622
36430,615
36431,568
36432,425
36433,524
36434,699
36435,649
36436,409
36437,504
36438,505
36439,400
36440,581
36441,540
36442,629
36443,463
36444,477
36445,631
36446,486
36447,582
36448,545
36449,491
36450,522
36451,675
36452,463
36453,618
36454,591
36455,506
36456,646
36457,456
36458,444
36459,485
36460,437
36461,581
36462,563
36463,644
36464,525
36465,606
36466,666
36467,486
36468,544
36469,521
36470,497
36471,688
36472,532
36473,464
36474,598
36475,524
36476,607
36477,607
36478,699
36479,520
36480,541
36481,456
36482,544
36483,443
36484,531
36485,480
36486,429
36487,608
36488,642
36489,582
36490,557
36491,545
36492,632
36493,491
36494,571
36495,589
36496,430
36497,508
36498,671
36499,494
36500,476
36501,550
36502,541
36503,630
36504,657
36505,527
36506,623
36507,583
36508,679
36509,692
36510,428
36511,697
36512,417
36513,530
36514,668
36515,505
36516,556
36517,458
36518,491
36519,659
36520,450
36521,532
36522,566
36523,696
36524,404
36525,535
36526,625
36527,583
36528,490
36529,588
36530,532
36531,571
36532,649
36533,460
36534,449
36535,622
36536,571
36537,624
36538,590
36539,664
36540,643
36541,478
36542,421
36543,435
36544,555
36545,455
36546,647
36547,660
36548,659
36549,414
36550,587
36551,425
36552,422
36553,502
36554,428
36555,456
36556,461
36557,447
36558,434
36559,445
36560,432
36561,625
36562,665
36563,615
36564,616
36565,575
36566,443
36567,618
36568,525
36569,599
36570,484
36571,440
36572,610
36573,438
36574,668
36575,580
36576,630
36577,469
36578,475
36579,675
36580,633
36581,535
36582,553
36583,693
36584,498
36585,529
36586,406
36587,504
36588,449
36589,623
36590,463
36591,580
36592,474
36593,665
36594,588
36595,582
36596,467
36597,569
36598,571
36599,683
36600,506
36601,510
36602,477
36603,585
36604,652
36605,635
36606,492
36607,529
36608,582
36609,433
36610,621
36611,681
36612,400
36613,496
36614,486
36615,651
36616,414
36617,541
36618,688
36619,469
36620,678
36621,453
36622,651
36623,646
36624,533
36625,643
36626,638
36627,416
36628,678
36629,632
36630,553
36631,585
36632,482
36633,454
36634,461
36635,458
36636,541
36637,548
36638,573
36639,461
36640,566
36641,569
36642,502
36643,427
36644,483
36645,533
36646,458
36647,489
36648,469
36649,584
36650,459
36651,544
36652,567
36653,465
36654,523
36655,612
36656,581
36657,470
36658,443
36659,594
36660,456
36661,691
36662,456
36663,570
36664,699
36665,482
36666,493
36667,666
36668,560
36669,501
36670,511
36671,465
36672,509
36673,519
36674,678
36675,641
36676,547
36677,641
36678,621
36679,670
36680,685
36681,403
36682,407
36683,451
36684,541
36685,666
36686,679
36687,487
36688,559
36689,427
36690,415
36691,697
36692,671
36693,499
36694,603
36695,589
36696,433
36697,693
36698,677
36699,658
36700,656
36701,452
36702,591
36703,571
36704,446
36705,590
36706,440
36707,593
36708,465
36709,442
36710,589
36711,488
36712,575
36713,425
36714,498
36715,460
36716,649
36717,624
36718,481
36719,581
36720,587
36721,443
36722,658
36723,497
36724,490
36725,540
36726,651
36727,607
36728,578
36729,697
36730,586
36731,509
36732,618
36733,402
36734,440
36735,524
36736,656
36737,592
36738,514
36739,469
36740,496
36741,615
36742,623
36743,680
36744,528
36745,498
36746,669
36747,646
36748,585
36749,643
36750,437
36751,656
36752,647
36753,532
36754,443
36755,592
36756,456
36757,647
36758,503
36759,444
36760,459
36761,465
36762,622
36763,446
36764,637
36765,425
36766,493
36767,509
36768,660
36769,653
36770,694
36771,439
36772,691
36773,653
36774,496
36775,425
36776,503
36777,502
36778,474
36779,484
36780,613
36781,512
36782,456
36783,500
36784,649
36785,534
36786,540
36787,483
36788,606
36789,629
36790,460
36791,616
36792,455
36793,428
36794,510
36795,491
36796,541
36797,501
36798,470
36799,412
36800,556
36801,480
36802,499
36803,482
36804,617
36805,636
36806,524
36807,600
36808,401
36809,461
36810,419
36811,609
36812,579
36813,461
36814,672
36815,694
36816,640
36817,650
36818,409
36819,586
36820,509
36821,427
36822,460
36823,457
36824,699
36825,651
36826,655
36827,544
36828,478
36829,693
36830,685
36831,687
36832,613
36833,419
36834,629
36835,463
36836,435
36837,610
36838,570
36839,425
36840,662
36841,689
36842,563
36843,461
36844,485
36845,472
36846,459
36847,577
36848,451
36849,544
36850,476
36851,518
36852,608
36853,581
36854,537
36855,524
36856,552
36857,417
36858,463
36859,635
36860,478
36861,458
36862,650
36863,460
36864,517
36865,478
36866,636
36867,570
36868,643
36869,607
36870,486
36871,538
36872,487
36873,532
36874,438
36875,575
36876,479
36877,419
36878,620
36879,674
36880,587
36881,553
36882,542
36883,650
36884,611
36885,548
36886,574
36887,571
36888,533
36889,515
36890,602
36891,694
36892,545
36893,637
36894,627
36895,654
36896,691
36897,555
36898,642
36899,606
36900,653
36901,657
36902,472
36903,434
36904,528
36905,587
36906,494
36907,619
36908,524
36909,584
36910,436
36911,662
36912,509
36913,577
36914,541
36915,533
36916,548
36917,687
36918,657
36919,438
36920,682
36921,413
36922,680
36923,452
36924,410
36925,562
36926,582
36927,585
36928,436
36929,408
36930,427
36931,573
36932,526
36933,469
36934,682
36935,665
36936,550
36937,548
36938,617
36939,525
36940,402
36941,586
36942,442
36943,498
36944,662
36945,589
36946,441
36947,496
36948,659
36949,617
36950,535
36951,544
36952,404
36953,535
36954,406
36955,436
36956,466
36957,404
36958,672
36959,457
36960,554
36961,512
36962,491
36963,643
36964,683
36965,488
36966,577
36967,627
36968,466
36969,521
36970,558
36971,667
36972,582
36973,403
36974,520
36975,629
36976,697
36977,618
36978,581
36979,677
36980,656
36981,442
36982,417
36983,597
36984,576
36985,475
36986,580
36987,549
36988,481
36989,409
36990,679
36991,611
36992,539
36993,659
36994,627
36995,404
36996,482
36997,405
36998,551
36999,622
37000,580
37001,662
37002,665
37003,566
37004,477
37005,441
37006,461
37007,677
37008,430
37009,403
37010,508
37011,492
37012,498
37013,591
37014,611
37015,482
37016,606
37017,514
37018,651
37019,460
37020,652
37021,478
37022,595
37023,661
37024,695
37025,635
37026,568
37027,406
37028,421
37029,471
37030,505
37031,538
37032,429
37033,488
37034,552
37035,472
37036,637
37037,650
37038,407
37039,606
37040,657
37041,683
37042,538
37043,445
37044,525
37045,420
37046,569
37047,431
37048,549
37049,605
37050,420
37051,689
37052,537
37053,464
37054,464
37055,487
37056,442
37057,540
37058,403
37059,678
37060,440
37061,489
37062,655
37063,544
37064,583
37065,518
37066,512
37067,690
37068,648
37069,491
37070,458
37071,668
37072,493
37073,653
37074,574
37075,402
37076,420
37077,503
37078,668
37079,608
37080,495
37081,492
37082,444
37083,461
37084,429
37085,669
37086,409
37087,405
37088,418
37089,411
37090,591
37091,502
37092,649
37093,643
37094,594
37095,664
37096,533
37097,576
37098,498
37099,429
37100,690
37101,462
37102,427
37103,545
37104,687
37105,468
37106,651
37107,561
37108,509
37109,531
37110,670
37111,587
37112,419
37113,675
37114,576
37115,498
37116,646
37117,417
37118,688
37119,524
37120,552
37121,468
37122,545
37123,444
37124,419
37125,690
37126,646
37127,602
37128,408
37129,579
37130,555
37131,418
37132,502
37133,645
37134,484
37135,633
37136,534
37137,436
37138,491
37139,691
37140,416
37141,489
37142,564
37143,652
37144,480
37145,583
37146,689
37147,648
37148,614
37149,557
37150,578
37151,419
37152,546
37153,467
37154,476
37155,501
37156,539
37157,472
37158,606
37159,612
37160,478
37161,512
37162,652
37163,532
37164,596
37165,424
37166,500
37167,644
37168,430
37169,689
37170,655
37171,605
37172,467
37173,614
37174,521
37175,445
37176,468
37177,426
37178,570
37179,644
37180,673
37181,687
37182,648
37183,401
37184,419
37185,693
37186,656
37187,648
37188,552
37189,536
37190,621
37191,610
37192,588
37193,631
37194,535
37195,415
37196,513
37197,663
37198,678
37199,472
37200,623
37201,433
37202,644
37203,637
37204,417
37205,443
37206,542
37207,414
37208,492
37209,678
37210,614
37211,648
37212,470
37213,508
37214,687
37215,559
37216,688
37217,570
37218,412
37219,619
37220,584
37221,608
37222,687
37223,505
37224,611
37225,631
37226,612
37227,595
37228,648
37229,663
37230,616
37231,662
37232,569
37233,555
37234,469
37235,633
37236,453
37237,569
37238,435
37239,658
37240,650
37241,412
37242,558
37243,428
37244,456
37245,560
37246,665
37247,629
37248,592
37249,507
37250,657
37251,509
37252,529
37253,522
37254,515
37255,629
37256,692
37257,632
37258,633
37259,695
37260,590
37261,424
37262,565
37263,692
37264,609
37265,426
37266,577
37267,443
37268,471
37269,621
37270,627
37271,632
37272,667
37273,653
37274,562
37275,405
37276,446
37277,467
37278,653
37279,458
37280,518
37281,585
37282,447
37283,590
37284,664
37285,571
37286,445
37287,542
37288,645
37289,615
37290,575
37291,544
37292,434
37293,531
37294,552
37295,447
37296,567
37297,577
37298,662
37299,494
37300,690
37301,629
37302,590
37303,543
37304,563
37305,418
37306,467
37307,497
37308,406
37309,576
37310,605
37311,698
37312,687
37313,628
37314,518
37315,669
37316,480
37317,559
37318,587
37319,587
37320,593
37321,659
37322,590
37323,688
37324,505
37325,528
37326,496
37327,463
37328,527
37329,622
37330,692
37331,503
37332,551
37333,513
37334,454
37335,520
37336,616
37337,522
37338,402
37339,491
37340,563
37341,518
37342,460
37343,613
37344,646
37345,634
37346,688
37347,477
37348,423
37349,500
37350,650
37351,522
37352,614
37353,661
37354,522
37355,651
37356,557
37357,548
37358,464
37359,403
37360,573
37361,535
37362,643
37363,459
37364,444
37365,471
37366,494
37367,430
37368,555
37369,639
37370,463
37371,508
37372,467
37373,434
37374,650
37375,435
37376,531
37377,621
37378,566
37379,673
37380,459
37381,512
37382,620
37383,678
37384,467
37385,662
37386,668
37387,530
37388,666
37389,607
37390,611
37391,450
37392,687
37393,441
37394,646
37395,594
37396,643
37397,599
37398,520
37399,602
37400,505
37401,649
37402,688
37403,478
37404,564
37405,518
37406,456
37407,587
37408,451
37409,471
37410,640
37411,499
37412,554
37413,458
37414,674
37415,658
37416,600
37417,694
37418,683
37419,575
37420,497
37421,581
37422,671
37423,434
37424,486
37425,557
37426,515
37427,407
37428,506
37429,506
37430,513
37431,409
37432,683
37433,459
37434,665
37435,501
37436,462
37437,574
37438,596
37439,621
37440,589
37441,527
37442,445
37443,468
37444,457
37445,615
37446,514
37447,409
37448,668
37449,691
37450,485
37451,546
37452,517
37453,534
37454,414
37455,605
37456,632
37457,465
37458,403
37459,402
37460,658
37461,602
37462,639
37463,492
37464,683
37465,422
37466,685
37467,486
37468,450
37469,696
37470,442
37471,603
37472,457
37473,458
37474,567
37475,573
37476,606
37477,510
37478,422
37479,632
37480,674
37481,571
37482,410
37483,459
37484,631
37485,634
37486,402
37487,543
37488,629
37489,408
37490,696
37491,693
37492,592
37493,690
37494,526
37495,447
37496,506
37497,663
37498,652
37499,426
37500,408
37501,619
37502,557
37503,413
37504,428
37505,425
37506,613
37507,542
37508,514
37509,617
37510,480
37511,600
37512,466
37513,648
37514,543
37515,540
37516,495
37517,517
37518,584
37519,691
37520,644
37521,600
37522,677
37523,509
37524,611
37525,658
37526,563
37527,496
37528,609
37529,435
37530,665
37531,499
37532,420
37533,616
37534,503
37535,511
37536,618
37537,519
37538,648
37539,495
37540,587
37541,543
37542,427
37543,405
37544,661
37545,629
37546,521
37547,593
37548,504
37549,598
37550,461
37551,683
37552,479
37553,574
37554,408
37555,579
37556,670
37557,561
37558,675
37559,605
37560,459
37561,585
37562,474
37563,493
37564,466
37565,401
37566,577
37567,541
37568,443
37569,573
37570,694
37571,630
37572,635
37573,492
37574,443
37575,426
37576,671
37577,438
37578,688
37579,647
37580,449
37581,682
37582,608
37583,523
37584,648
37585,683
37586,550
37587,463
37588,640
37589,566
37590,639
37591,448
37592,586
37593,547
37594,588
37595,510
37596,664
37597,678
37598,636
37599,558
37600,459
37601,474
37602,627
37603,553
37604,686
37605,640
37606,626
37607,568
37608,683
37609,661
37610,689
37611,408
37612,497
37613,411
37614,671
37615,470
37616,534
37617,658
37618,404
37619,638
37620,693
37621,498
37622,550
37623,657
37624,548
37625,541
37626,650
37627,633
37628,531
37629,446
37630,493
37631,648
37632,419
37633,579
37634,671
37635,535
37636,636
37637,589
37638,611
37639,463
37640,563
37641,437
37642,614
37643,418
37644,653
37645,473
37646,540
37647,416
37648,494
37649,633
37650,487
37651,697
37652,450
37653,644
37654,512
37655,407
37656,436
37657,446
37658,499
37659,572
37660,640
37661,590
37662,633
37663,680
37664,634
37665,525
37666,577
37667,572
37668,519
37669,429
37670,447
37671,578
37672,493
37673,454
37674,635
37675,686
37676,473
37677,521
37678,456
37679,672
37680,538
37681,598
37682,608
37683,672
37684,537
37685,533
37686,415
37687,502
37688,642
37689,489
37690,403
37691,461
37692,611
37693,647
37694,591
37695,455
37696,688
37697,430
37698,400
37699,597
37700,444
37701,446
37702,621
37703,685
37704,480
37705,679
37706,686
37707,683
37708,588
37709,438
37710,482
37711,575
37712,408
37713,677
37714,657
37715,671
37716,660
37717,579
37718,553
37719,414
37720,466
37721,586
37722,462
37723,680
37724,440
37725,427
37726,676
37727,620
37728,616
37729,621
37730,460
37731,502
37732,584
37733,546
37734,474
37735,400
37736,561
37737,416
37738,642
37739,418
37740,458
37741,600
37742,514
37743,602
37744,693
37745,430
37746,593
37747,505
37748,525
37749,502
37750,562
37751,520
37752,639
37753,494
37754,607
37755,548
37756,592
37757,541
37758,671
37759,600
37760,561
37761,508
37762,662
37763,609
37764,548
37765,655
37766,598
37767,585
37768,564
37769,507
37770,482
37771,479
37772,652
37773,424
37774,682
37775,450
37776,507
37777,637
37778,585
37779,479
37780,495
37781,549
37782,405
37783,421
37784,619
37785,411
37786,682
37787,591
37788,624
37789,566
37790,515
37791,547
37792,435
37793,644
37794,529
37795,639
37796,504
37797,566
37798,441
37799,653
37800,604
37801,594
37802,570
37803,649
37804,503
37805,438
37806,635
37807,533
37808,651
37809,569
37810,682
37811,606
37812,542
37813,418
37814,589
37815,463
37816,629
37817,574
37818,419
37819,675
37820,625
37821,630
37822,500
37823,626
37824,693
37825,437
37826,464
37827,475
37828,591
37829,522
37830,524
37831,426
37832,502
37833,675
37834,459
37835,567
37836,482
37837,405
37838,563
37839,601
37840,576
37841,555
37842,677
37843,501
37844,479
37845,593
37846,680
37847,490
37848,466
37849,614
37850,544
37851,439
37852,611
37853,685
37854,458
37855,427
37856,446
37857,636
37858,516
37859,550
37860,482
37861,456
37862,616
37863,619
37864,684
37865,641
37866,498
37867,641
37868,602
37869,436
37870,645
37871,527
37872,534
37873,463
37874,673
37875,428
37876,625
37877,459
37878,453
37879,548
37880,457
37881,435
37882,544
37883,649
37884,479
37885,414
37886,439
37887,480
37888,592
37889,565
37890,603
37891,610
37892,657
37893,514
37894,632
37895,476
37896,495
37897,497
37898,455
37899,517
37900,518
37901,437
37902,584
37903,641
37904,450
37905,526
37906,502
37907,628
37908,610
37909,484
37910,673
37911,426
37912,471
37913,494
37914,475
37915,405
37916,489
37917,479
37918,621
37919,482
37920,481
37921,551
37922,444
37923,611
37924,470
37925,662
37926,457
37927,456
37928,510
37929,541
37930,455
37931,411
37932,414
37933,407
37934,630
37935,585
37936,452
37937,536
37938,573
37939,618
37940,662
37941,654
37942,699
37943,669
37944,474
37945,623
37946,491
37947,533
37948,562
37949,597
37950,588
37951,472
37952,605
37953,430
37954,518
37955,682
37956,558
37957,654
37958,644
37959,505
37960,597
37961,519
37962,481
37963,669
37964,586
37965,675
37966,451
37967,695
37968,467
37969,699
37970,533
37971,519
37972,456
37973,585
37974,471
37975,557
37976,627
37977,633
37978,410
37979,574
37980,660
37981,530
37982,401
37983,648
37984,599
37985,581
37986,526
37987,696
37988,596
37989,685
37990,443
37991,409
37992,624
37993,615
37994,610
37995,685
37996,616
37997,448
37998,562
37999,592
38000,544
38001,558
38002,579
38003,425
38004,499
38005,510
38006,669
38007,450
38008,414
38009,527
38010,539
38011,641
38012,445
38013,633
38014,471
38015,494
38016,684
38017,531
38018,680
38019,431
38020,436
38021,525
38022,537
38023,499
38024,641
38025,644
38026,426
38027,608
38028,498
38029,536
38030,586
38031,435
38032,517
38033,557
38034,674
38035,568
38036,454
38037,483
38038,405
38039,655
38040,597
38041,551
38042,569
38043,647
38044,648
38045,549
38046,609
38047,627
38048,643
38049,540
38050,519
38051,692
38052,579
38053,524
38054,641
38055,611
38056,416
38057,415
38058,656
38059,685
38060,679
38061,445
38062,657
38063,542
38064,684
38065,412
38066,444
38067,446
38068,415
38069,506
38070,402
38071,503
38072,494
38073,532
38074,670
38075,600
38076,653
38077,582
38078,549
38079,436
38080,538
38081,499
38082,635
38083,483
38084,432
38085,520
38086,429
38087,433
38088,532
38089,607
38090,539
38091,475
38092,474
38093,457
38094,497
38095,524
38096,533
38097,625
38098,599
38099,436
38100,537
38101,607
38102,593
38103,455
38104,486
38105,494
38106,595
38107,591
38108,543
38109,409
38110,640
38111,548
38112,539
38113,412
38114,653
38115,480
38116,609
38117,619
38118,458
38119,527
38120,661
38121,667
38122,428
38123,681
38124,467
38125,606
38126,671
38127,574
38128,617
38129,559
38130,643
38131,652
38132,588
38133,660
38134,529
38135,402
38136,442
38137,532
38138,577
38139,665
38140,423
38141,421
38142,402
38143,557
38144,403
38145,506
38146,695
38147,671
38148,631
38149,637
38150,471
38151,487
38152,415
38153,490
38154,419
38155,611
38156,483
38157,525
38158,450
38159,417
38160,516
38161,523
38162,427
38163,540
38164,405
38165,556
38166,505
38167,518
38168,536
38169,428
38170,565
38171,464
38172,455
38173,685
38174,495
38175,614
38176,630
38177,457
38178,583
38179,681
38180,670
38181,608
38182,562
38183,488
38184,670
38185,496
38186,474
38187,487
38188,405
38189,555
38190,462
38191,428
38192,590
38193,603
38194,677
38195,426
38196,484
38197,609
38198,537
38199,677
38200,571
38201,555
38202,628
38203,578
38204,646
38205,561
38206,562
38207,617
38208,685
38209,475
38210,603
38211,615
38212,622
38213,592
38214,692
38215,591
38216,668
38217,659
38218,591
38219,670
38220,503
38221,603
38222,583
38223,616
38224,490
38225,597
38226,438
38227,596
38228,478
38229,616
38230,493
38231,571
38232,442
38233,531
38234,476
38235,631
38236,438
38237,453
38238,550
38239,587
38240,585
38241,534
38242,572
38243,668
38244,514
38245,620
38246,438
38247,641
38248,620
38249,545
38250,563
38251,658
38252,589
38253,663
38254,621
38255,573
38256,491
38257,505
38258,644
38259,442
38260,657
38261,485
38262,496
38263,665
38264,462
38265,502
38266,653
38267,400
38268,553
38269,660
38270,434
38271,426
38272,623
38273,586
38274,558
38275,468
38276,564
38277,657
38278,501
38279,592
38280,658
38281,697
38282,698
38283,420
38284,444
38285,675
38286,570
38287,577
38288,622
38289,698
38290,423
38291,483
38292,459
38293,687
38294,521
38295,404
38296,553
38297,680
38298,485
38299,474
38300,666
38301,590
38302,651
38303,467
38304,545
38305,521
38306,441
38307,549
38308,461
38309,654
38310,530
38311,419
38312,598
38313,620
38314,530
38315,570
38316,544
38317,580
38318,560
38319,459
38320,614
38321,467
38322,591
38323,624
38324,596
38325,560
38326,648
38327,510
38328,458
38329,432
38330,440
38331,560
38332,428
38333,654
38334,584
38335,623
38336,620
38337,485
38338,465
38339,513
38340,664
38341,684
38342,496
38343,523
38344,555
38345,509
38346,452
38347,573
38348,566
38349,475
38350,613
38351,581
38352,444
38353,550
38354,516
38355,521
38356,569
38357,565
38358,548
38359,473
38360,548
38361,424
38362,460
38363,453
38364,622
38365,618
38366,569
38367,588
38368,431
38369,452
38370,538
38371,446
38372,489
38373,435
38374,624
38375,441
38376,627
38377,668
38378,585
38379,634
38380,521
38381,516
38382,438
38383,561
38384,508
38385,413
38386,565
38387,511
38388,633
38389,601
38390,538
38391,666
38392,671
38393,565
38394,568
38395,656
38396,523
38397,437
38398,648
38399,636
38400,497
38401,459
38402,418
38403,523
38404,625
38405,499
38406,416
38407,647
38408,479
38409,484
38410,428
38411,533
38412,593
38413,518
38414,590
38415,552
38416,671
38417,531
38418,407
38419,533
38420,591
38421,490
38422,648
38423,651
38424,462
38425,615
38426,533
38427,506
38428,560
38429,657
38430,415
38431,458
38432,408
38433,596
38434,516
38435,409
38436,406
38437,593
38438,522
38439,462
38440,403
38441,683
38442,649
38443,529
38444,474
38445,653
38446,566
38447,600
38448,567
38449,683
38450,450
38451,455
38452,472
38453,681
38454,487
38455,451
38456,524
38457,661
38458,667
38459,462
38460,435
38461,408
38462,640
38463,684
38464,489
38465,663
38466,698
38467,604
38468,690
38469,610
38470,677
38471,606
38472,493
38473,598
38474,568
38475,696
38476,626
38477,403
38478,497
38479,592
38480,665
38481,623
38482,466
38483,537
38484,638
38485,403
38486,501
38487,443
38488,518
38489,587
38490,630
38491,589
38492,509
38493,678
38494,505
38495,564
38496,525
38497,497
38498,519
38499,698
38500,542
38501,594
38502,529
38503,503
38504,492
38505,696
38506,621
38507,599
38508,687
38509,657
38510,409
38511,570
38512,500
38513,509
38514,646
38515,643
38516,422
38517,624
38518,661
38519,668
38520,420
38521,519
38522,519
38523,597
38524,535
38525,476
38526,457
38527,485
38528,400
38529,476
38530,409
38531,468
38532,547
38533,461
38534,412
38535,585
38536,564
38537,409
38538,658
38539,561
38540,689
38541,595
38542,433
38543,559
38544,484
38545,457
38546,664
38547,696
38548,424
38549,435
38550,663
38551,513
38552,504
38553,492
38554,488
38555,562
38556,437
38557,491
38558,518
38559,610
38560,559
38561,500
38562,578
38563,683
38564,696
38565,422
38566,678
38567,431
38568,537
38569,480
38570,594
38571,691
38572,492
38573,445
38574,426
38575,561
38576,500
38577,586
38578,593
38579,557
38580,408
38581,611
38582,566
38583,673
38584,697
38585,510
38586,602
38587,647
38588,464
38589,602
38590,560
38591,532
38592,577
38593,592
38594,665
38595,459
38596,604
38597,554
38598,471
38599,555
38600,572
38601,461
38602,604
38603,459
38604,485
38605,542
38606,406
38607,694
38608,578
38609,626
38610,406
38611,539
38612,413
38613,433
38614,639
38615,496
38616,667
38617,525
38618,433
38619,682
38620,417
38621,692
38622,467
38623,636
38624,479
38625,485
38626,459
38627,447
38628,578
38629,483
38630,494
38631,651
38632,579
38633,483
38634,549
38635,438
38636,678
38637,512
38638,526
38639,440
38640,557
38641,605
38642,446
38643,584
38644,471
38645,456
38646,638
38647,461
38648,456
38649,642
38650,523
38651,552
38652,654
38653,616
38654,631
38655,416
38656,479
38657,575
38658,438
38659,542
38660,416
38661,648
38662,434
38663,688
38664,545
38665,614
38666,564
38667,510
38668,534
38669,473
38670,555
38671,614
38672,673
38673,678
38674,547
38675,430
38676,413
38677,422
38678,401
38679,577
38680,458
38681,688
38682,575
38683,571
38684,482
38685,622
38686,434
38687,696
38688,509
38689,634
38690,438
38691,618
38692,616
38693,593
38694,562
38695,515
38696,560
38697,488
38698,540
38699,573
38700,600
38701,512
38702,573
38703,473
38704,686
38705,524
38706,423
38707,431
38708,653
38709,512
38710,594
38711,415
38712,611
38713,507
38714,423
38715,689
38716,518
38717,580
38718,437
38719,632
38720,468
38721,481
38722,517
38723,449
38724,556
38725,473
38726,582
38727,505
38728,588
38729,671
38730,486
38731,571
38732,651
38733,543
38734,683
38735,584
38736,553
38737,517
38738,666
38739,654
38740,640
38741,570
38742,504
38743,435
38744,465
38745,584
38746,589
38747,554
38748,626
38749,540
38750,475
38751,545
38752,437
38753,661
38754,525
38755,491
38756,683
38757,660
38758,507
38759,444
38760,401
38761,600
38762,489
38763,614
38764,514
38765,491
38766,585
38767,659
38768,557
38769,456
38770,446
38771,621
38772,507
38773,699
38774,579
38775,576
38776,579
38777,436
38778,462
38779,667
38780,672
38781,689
38782,669
38783,668
38784,645
38785,577
38786,466
38787,676
38788,607
38789,437
38790,518
38791,425
38792,405
38793,673
38794,632
38795,513
38796,533
38797,577
38798,424
38799,447
38800,679
38801,698
38802,471
38803,600
38804,432
38805,496
38806,444
38807,662
38808,469
38809,692
38810,617
38811,606
38812,571
38813,645
38814,655
38815,663
38816,663
38817,404
38818,409
38819,670
38820,629
38821,454
38822,440
38823,537
38824,514
38825,462
38826,433
38827,651
38828,596
38829,651
38830,461
38831,624
38832,453
38833,558
38834,693
38835,424
38836,636
38837,499
38838,627
38839,577
38840,554
38841,638
38842,542
38843,416
38844,684
38845,404
38846,410
38847,607
38848,480
38849,432
38850,558
38851,673
38852,514
38853,616
38854,660
38855,557
38856,444
38857,519
38858,614
38859,527
38860,653
38861,437
38862,609
38863,493
38864,428
38865,563
38866,536
38867,422
38868,530
38869,485
38870,583
38871,636
38872,583
38873,558
38874,410
38875,441
38876,634
38877,530
38878,584
38879,413
38880,653
38881,546
38882,459
38883,691
38884,559
38885,425
38886,464
38887,469
38888,572
38889,624
38890,552
38891,439
38892,545
38893,497
38894,647
38895,411
38896,423
38897,624
38898,644
38899,570
38900,431
38901,513
38902,608
38903,434
38904,604
38905,665
38906,464
38907,497
38908,584
38909,637
38910,665
38911,631
38912,508
38913,577
38914,648
38915,404
38916,556
38917,629
38918,515
38919,660
38920,526
38921,427
38922,627
38923,528
38924,428
38925,578
38926,563
38927,559
38928,687
38929,664
38930,696
38931,424
38932,544
38933,574
38934,407
38935,508
38936,528
38937,401
38938,409
38939,516
38940,410
38941,495
38942,492
38943,501
38944,497
38945,681
38946,694
38947,555
38948,544
38949,610
38950,554
38951,641
38952,475
38953,574
38954,510
38955,417
38956,690
38957,673
38958,637
38959,597
38960,561
38961,599
38962,633
38963,442
38964,481
38965,426
38966,468
38967,598
38968,615
38969,523
38970,415
38971,525
38972,413
38973,438
38974,598
38975,507
38976,667
38977,439
38978,668
38979,468
38980,551
38981,586
38982,640
38983,626
38984,603
38985,666
38986,517
38987,691
38988,621
38989,462
38990,404
38991,691
38992,544
38993,549
38994,558
38995,668
38996,410
38997,468
38998,591
38999,501
39000,431
39001,601
39002,665
39003,507
39004,453
39005,589
39006,638
39007,690
39008,672
39009,441
39010,597
39011,520
39012,683
39013,694
39014,581
39015,499
39016,410
39017,632
39018,516
39019,463
39020,575
39021,482
39022,401
39023,698
39024,616
39025,641
39026,696
39027,459
39028,602
39029,439
39030,444
39031,697
39032,518
39033,530
39034,679
39035,449
39036,487
39037,420
39038,631
39039,442
39040,422
39041,615
39042,676
39043,593
39044,614
39045,578
39046,542
39047,425
39048,617
39049,458
39050,444
39051,623
39052,655
39053,509
39054,649
39055,476
39056,682
39057,486
39058,649
39059,607
39060,558
39061,411
39062,624
39063,431
39064,453
39065,641
39066,514
39067,687
39068,503
39069,696
39070,526
39071,439
39072,471
39073,634
39074,646
39075,693
39076,646
39077,433
39078,528
39079,409
39080,567
39081,671
39082,615
39083,639
39084,413
39085,489
39086,417
39087,568
39088,455
39089,563
39090,551
39091,489
39092,684
39093,421
39094,666
39095,696
39096,645
39097,538
39098,451
39099,466
39100,484
39101,649
39102,522
39103,601
39104,405
39105,598
39106,623
39107,412
39108,405
39109,520
39110,444
39111,425
39112,403
39113,692
39114,676
39115,683
39116,609
39117,687
39118,580
39119,652
39120,681
39121,544
39122,515
39123,429
39124,641
39125,404
39126,661
39127,505
39128,523
39129,537
39130,505
39131,612
39132,699
39133,455
39134,531
39135,668
39136,521
39137,601
39138,607
39139,674
39140,489
39141,589
39142,664
39143,445
39144,439
39145,466
39146,512
39147,461
39148,626
39149,573
39150,533
39151,684
39152,674
39153,513
39154,507
39155,542
39156,456
39157,693
39158,676
39159,450
39160,675
39161,633
39162,641
39163,657
39164,636
39165,431
39166,647
39167,531
39168,662
39169,658
39170,680
39171,649
39172,664
39173,614
39174,614
39175,681
39176,417
39177,401
39178,400
39179,615
39180,563
39181,590
39182,474
39183,425
39184,661
39185,681
39186,620
39187,442
39188,521
39189,528
39190,664
39191,682
39192,470
39193,658
39194,600
39195,529
39196,480
39197,653
39198,464
39199,545
39200,533
39201,501
39202,441
39203,595
39204,659
39205,498
39206,464
39207,696
39208,622
39209,644
39210,582
39211,548
39212,515
39213,657
39214,478
39215,630
39216,518
39217,473
39218,408
39219,678
39220,669
39221,453
39222,444
39223,624
39224,415
39225,611
39226,599
39227,640
39228,501
39229,494
39230,584
39231,535
39232,424
39233,449
39234,568
39235,689
39236,499
39237,480
39238,411
39239,607
39240,476
39241,474
39242,569
39243,578
39244,487
39245,664
39246,621
39247,402
39248,517
39249,535
39250,586
39251,429
39252,466
39253,698
39254,616
39255,557
39256,470
39257,509
39258,684
39259,657
39260,489
39261,456
39262,697
39263,448
39264,584
39265,598
39266,417
39267,597
39268,631
39269,426
39270,517
39271,453
39272,551
39273,624
39274,561
39275,549
39276,615
39277,441
39278,560
39279,473
39280,424
39281,641
39282,572
39283,686
39284,558
39285,617
39286,514
39287,640
39288,611
39289,485
39290,532
39291,667
39292,676
39293,664
39294,492
39295,490
39296,544
39297,551
39298,554
39299,535
39300,652
39301,428
39302,482
39303,433
39304,503
39305,632
39306,636
39307,622
39308,489
39309,639
39310,617
39311,581
39312,656
39313,631
39314,588
39315,654
39316,444
39317,485
39318,600
39319,611
39320,518
39321,697
39322,554
39323,585
39324,596
39325,600
39326,665
39327,635
39328,593
39329,424
39330,658
39331,470
39332,427
39333,410
39334,517
39335,607
39336,492
39337,540
39338,410
39339,690
39340,638
39341,663
39342,662
39343,468
39344,469
39345,584
39346,523
39347,621
39348,410
39349,565
39350,490
39351,647
39352,690
39353,556
39354,487
39355,627
39356,533
39357,665
39358,483
39359,611
39360,617
39361,636
39362,550
39363,573
39364,539
39365,454
39366,540
39367,473
39368,534
39369,529
39370,631
39371,425
39372,468
39373,461
39374,599
39375,566
39376,515
39377,538
39378,631
39379,613
39380,607
39381,501
39382,697
39383,409
39384,522
39385,674
39386,403
39387,658
39388,608
39389,665
39390,661
39391,686
39392,430
39393,575
39394,408
39395,603
39396,507
39397,523
39398,637
39399,529
39400,633
39401,403
39402,619
39403,661
39404,429
39405,476
39406,582
39407,691
39408,601
39409,556
39410,499
39411,521
39412,509
39413,566
39414,529
39415,669
39416,537
39417,575
39418,463
39419,530
39420,587
39421,676
39422,546
39423,419
39424,441
39425,539
39426,408
39427,478
39428,547
39429,592
39430,658
39431,535
39432,438
39433,686
39434,549
39435,404
39436,635
39437,635
39438,504
39439,606
39440,638
39441,451
39442,507
39443,432
39444,421
39445,410
39446,526
39447,449
39448,597
39449,416
39450,443
39451,584
39452,438
39453,536
39454,678
39455,563
39456,430
39457,422
39458,598
39459,573
39460,457
39461,595
39462,487
39463,541
39464,680
39465,606
39466,571
39467,674
39468,447
39469,560
39470,564
39471,616
39472,516
39473,650
39474,643
39475,646
39476,472
39477,683
39478,594
39479,666
39480,486
39481,645
39482,557
39483,435
39484,635
39485,647
39486,499
39487,626
39488,518
39489,595
39490,487
39491,435
39492,427
39493,438
39494,404
39495,540
39496,627
39497,408
39498,456
39499,682
39500,577
39501,481
39502,484
39503,464
39504,689
39505,535
39506,649
39507,493
39508,447
39509,499
39510,593
39511,516
39512,666
39513,563
39514,686
39515,423
39516,495
39517,653
39518,520
39519,471
39520,463
39521,642
39522,526
39523,438
39524,476
39525,404
39526,539
39527,651
39528,556
39529,658
39530,636
39531,474
39532,428
39533,440
39534,428
39535,499
39536,457
39537,610
39538,537
39539,410
39540,588
39541,493
39542,580
39543,682
39544,457
39545,424
39546,659
39547,612
39548,514
39549,587
39550,659
39551,535
39552,489
39553,620
39554,415
39555,546
39556,500
39557,618
39558,444
39559,462
39560,691
39561,465
39562,518
39563,633
39564,407
39565,594
39566,626
39567,426
39568,689
39569,427
39570,558
39571,544
39572,633
39573,507
39574,602
39575,664
39576,410
39577,494
39578,529
39579,502
39580,672
39581,509
39582,691
39583,530
39584,590
39585,698
39586,492
39587,688
39588,605
39589,428
39590,586
39591,576
39592,555
39593,645
39594,598
39595,508
39596,471
39597,620
39598,680
39599,613
39600,474
39601,641
39602,549
39603,577
39604,575
39605,503
39606,518
39607,599
39608,469
39609,456
39610,465
39611,457
39612,516
39613,420
39614,478
39615,446
39616,570
39617,483
39618,507
39619,686
39620,670
39621,575
39622,469
39623,565
39624,457
39625,644
39626,444
39627,571
39628,663
39629,465
39630,588
39631,672
39632,470
39633,435
39634,638
39635,467
39636,507
39637,607
39638,676
39639,609
39640,506
39641,415
39642,638
39643,621
39644,655
39645,544
39646,563
39647,411
39648,449
39649,411
39650,589
39651,695
39652,492
39653,529
39654,613
39655,686
39656,574
39657,600
39658,504
39659,630
39660,497
39661,502
39662,440
39663,550
39664,667
39665,677
39666,455
39667,415
39668,621
39669,578
39670,533
39671,657
39672,461
39673,522
39674,441
39675,698
39676,451
39677,466
39678,458
39679,434
39680,535
39681,475
39682,641
39683,687
39684,620
39685,484
39686,522
39687,594
39688,501
39689,682
39690,402
39691,646
39692,547
39693,598
39694,520
39695,568
39696,400
39697,508
39698,409
39699,526
39700,556
39701,630
39702,414
39703,674
39704,445
39705,673
39706,505
39707,402
39708,652
39709,421
39710,454
39711,696
39712,509
39713,622
39714,647
39715,535
39716,645
39717,469
39718,417
39719,585
39720,516
39721,656
39722,677
39723,494
39724,514
39725,461
39726,674
39727,523
39728,479
39729,546
39730,421
39731,482
39732,404
39733,660
39734,679
39735,528
39736,513
39737,683
39738,446
39739,587
39740,418
39741,486
39742,541
39743,650
39744,407
39745,436
39746,485
39747,471
39748,665
39749,466
39750,540
39751,694
39752,463
39753,429
39754,444
39755,533
39756,415
39757,677
39758,618
39759,676
39760,620
39761,592
39762,557
39763,423
39764,540
39765,621
39766,425
39767,497
39768,675
39769,460
39770,642
39771,408
39772,671
39773,659
39774,431
39775,492
39776,527
39777,636
39778,416
39779,440
39780,671
39781,675
39782,441
39783,665
39784,451
39785,587
39786,550
39787,643
39788,688
39789,526
39790,604
39791,499
39792,478
39793,582
39794,497
39795,467
39796,427
39797,428
39798,521
39799,611
39800,575
39801,504
39802,471
39803,509
39804,512
39805,631
39806,442
39807,664
39808,695
39809,445
39810,457
39811,624
39812,539
39813,500
39814,680
39815,637
39816,488
39817,645
39818,578
39819,630
39820,498
39821,614
39822,599
39823,655
39824,594
39825,423
39826,669
39827,677
39828,625
39829,627
39830,527
39831,430
39832,650
39833,457
39834,546
39835,505
39836,484
39837,401
39838,452
39839,621
39840,424
39841,434
39842,556
39843,544
39844,677
39845,693
39846,676
39847,578
39848,679
39849,596
39850,624
39851,446
39852,584
39853,561
39854,530
39855,694
39856,491
39857,474
39858,537
39859,567
39860,657
39861,637
39862,444
39863,536
39864,502
39865,528
39866,560
39867,437
39868,456
39869,560
39870,575
39871,658
39872,687
39873,544
39874,467
39875,667
39876,617
39877,563
39878,578
39879,447
39880,593
39881,688
39882,605
39883,483
39884,500
39885,554
39886,446
39887,633
39888,698
39889,546
39890,595
39891,421
39892,593
39893,673
39894,607
39895,674
39896,616
39897,426
39898,414
39899,558
39900,613
39901,563
39902,526
39903,457
39904,546
39905,655
39906,509
39907,448
39908,581
39909,460
39910,634
39911,641
39912,529
39913,663
39914,607
39915,541
39916,421
39917,416
39918,521
39919,681
39920,626
39921,685
39922,515
39923,548
39924,569
39925,489
39926,518
39927,583
39928,663
39929,626
39930,492
39931,516
39932,520
39933,537
39934,630
39935,547
39936,683
39937,541
39938,407
39939,404
39940,656
39941,645
39942,634
39943,409
39944,641
39945,587
39946,401
39947,553
39948,602
39949,616
39950,504
39951,400
39952,653
39953,686
39954,693
39955,677
39956,593
39957,656
39958,649
39959,647
39960,487
39961,652
39962,563
39963,561
39964,664
39965,509
39966,606
39967,531
39968,532
39969,507
39970,571
39971,439
39972,691
39973,434
39974,458
39975,592
39976,609
39977,430
39978,573
39979,597
39980,505
39981,674
39982,495
39983,569
39984,429
39985,681
39986,560
39987,510
39988,611
39989,595
39990,495
39991,537
39992,677
39993,578
39994,633
39995,648
39996,531
39997,648
39998,692
39999,462
40000,656
40001,647
40002,663
40003,578
40004,564
40005,490
40006,591
40007,691
40008,475
40009,498
40010,494
40011,580
40012,553
40013,511
40014,570
40015,652
40016,521
40017,604
40018,644
40019,526
40020,445
40021,695
40022,635
40023,540
40024,520
40025,408
40026,465
40027,480
40028,659
40029,504
40030,496
40031,589
40032,594
40033,482
40034,650
40035,469
40036,691
40037,587
40038,540
40039,539
40040,474
40041,499
40042,544
40043,574
40044,620
40045,409
40046,445
40047,516
40048,403
40049,637
40050,693
40051,430
40052,529
40053,640
40054,480
40055,424
40056,660
40057,447
40058,451
40059,548
40060,498
40061,466
40062,609
40063,647
40064,518
40065,627
40066,502
40067,688
40068,639
40069,631
40070,689
40071,553
40072,569
40073,558
40074,512
40075,450
40076,435
40077,412
40078,617
40079,642
40080,622
40081,607
40082,668
40083,621
40084,687
40085,411
40086,586
40087,568
40088,692
40089,505
40090,575
40091,440
40092,648
40093,666
40094,621
40095,512
40096,683
40097,677
40098,602
40099,661
40100,681
40101,543
40102,642
40103,669
40104,434
40105,697
40106,452
40107,549
40108,412
40109,666
40110,496
40111,485
40112,664
40113,470
40114,416
40115,588
40116,409
40117,565
40118,438
40119,618
40120,493
40121,557
40122,433
40123,688
40124,411
40125,632
40126,486
40127,492
40128,506
40129,592
40130,409
40131,524
40132,674
40133,678
40134,527
40135,584
40136,458
40137,581
40138,473
40139,401
40140,642
40141,627
40142,447
40143,405
40144,442
40145,544
40146,526
40147,645
40148,520
40149,631
40150,588
40151,684
40152,641
40153,477
40154,457
40155,580
40156,469
40157,664
40158,603
40159,569
40160,694
40161,646
40162,458
40163,699
40164,410
40165,404
40166,604
40167,644
40168,648
40169,504
40170,641
40171,671
40172,406
40173,623
40174,616
40175,443
40176,425
40177,691
40178,580
40179,491
40180,667
40181,467
40182,550
40183,503
40184,487
40185,494
40186,685
40187,402
40188,607
40189,501
40190,576
40191,598
40192,407
40193,644
40194,692
40195,577
40196,481
40197,511
40198,420
40199,433
40200,654
40201,426
40202,407
40203,417
40204,632
40205,590
40206,549
40207,555
40208,446
40209,538
40210,541
40211,413
40212,658
40213,635
40214,406
40215,438
40216,584
40217,514
40218,509
40219,464
40220,630
40221,680
40222,430
40223,485
40224,537
40225,476
40226,536
40227,521
40228,663
40229,496
40230,418
40231,685
40232,408
40233,482
40234,446
40235,489
40236,400
40237,561
40238,552
40239,400
40240,545
40241,560
40242,534
40243,685
40244,476
40245,480
40246,668
40247,668
40248,441
40249,523
40250,629
40251,601
40252,506
40253,691
40254,690
40255,573
40256,486
40257,404
40258,571
40259,520
40260,555
40261,486
40262,497
40263,534
40264,406
40265,659
40266,431
40267,427
40268,659
40269,643
40270,663
40271,541
40272,429
40273,529
40274,665
40275,469
40276,518
40277,469
40278,607
40279,490
40280,519
40281,606
40282,655
40283,434
40284,523
40285,511
40286,606
40287,501
40288,593
40289,640
40290,546
40291,531
40292,619
40293,503
40294,440
40295,455
40296,649
40297,641
40298,526
40299,549
40300,548
40301,568
40302,444
40303,483
40304,407
40305,506
40306,664
40307,545
40308,430
40309,643
40310,434
40311,646
40312,417
40313,423
40314,677
40315,429
40316,542
40317,676
40318,411
40319,602
40320,649
40321,502
40322,434
40323,419
40324,446
40325,483
40326,667
40327,452
40328,672
40329,417
40330,503
40331,551
40332,564
40333,483
40334,550
40335,436
40336,551
40337,607
40338,449
40339,619
40340,446
40341,417
40342,521
40343,681
40344,519
40345,650
40346,698
40347,446
40348,484
40349,698
40350,559
40351,406
40352,644
40353,614
40354,611
40355,611
40356,687
40357,617
40358,650
40359,580
40360,491
40361,617
40362,689
40363,489
40364,596
40365,583
40366,465
40367,497
40368,423
40369,619
40370,573
40371,644
40372,513
40373,665
40374,622
40375,634
40376,509
40377,412
40378,524
40379,566
40380,452
40381,585
40382,675
40383,409
40384,546
40385,517
40386,417
40387,625
40388,511
40389,471
40390,543
40391,503
40392,614
40393,476
40394,425
40395,629
40396,592
40397,502
40398,604
40399,659
40400,632
40401,450
40402,530
40403,465
40404,601
40405,683
40406,699
40407,545
40408,657
40409,503
40410,550
40411,517
40412,598
40413,678
40414,504
40415,409
40416,512
40417,426
40418,498
40419,656
40420,535
40421,625
40422,526
40423,515
40424,689
40425,570
40426,611
40427,588
40428,664
40429,613
40430,488
40431,529
40432,422
40433,578
40434,419
40435,641
40436,639
40437,428
40438,644
40439,519
40440,431
40441,539
40442,557
40443,459
40444,538
40445,611
40446,538
40447,510
40448,650
40449,498
40450,577
40451,400
40452,488
40453,512
40454,682
40455,515
40456,431
40457,661
40458,440
40459,566
40460,620
40461,613
40462,530
40463,447
40464,533
40465,406
40466,443
40467,485
40468,447
40469,639
40470,551
40471,657
40472,443
40473,567
40474,674
40475,590
40476,551
40477,449
40478,675
40479,494
40480,641
40481,504
40482,659
40483,537
40484,582
40485,456
40486,639
40487,504
40488,464
40489,539
40490,461
40491,551
40492,529
40493,525
40494,611
40495,561
40496,604
40497,428
40498,581
40499,450
40500,634
40501,413
40502,457
40503,536
40504,527
40505,436
40506,667
40507,484
40508,609
40509,538
40510,426
40511,632
40512,570
40513,577
40514,419
40515,663
40516,596
40517,463
40518,443
40519,643
40520,411
40521,659
40522,695
40523,656
40524,634
40525,646
40526,540
40527,580
40528,552
40529,443
40530,508
40531,497
40532,626
40533,480
40534,617
40535,548
40536,475
40537,479
40538,451
40539,462
40540,483
40541,654
40542,458
40543,407
40544,475
40545,477
40546,523
40547,411
40548,679
40549,444
40550,452
40551,580
40552,633
40553,585
40554,692
40555,474
40556,597
40557,478
40558,632
40559,567
40560,422
40561,629
40562,534
40563,692
40564,437
40565,631
40566,567
40567,684
40568,502
40569,544
40570,642
40571,547
40572,552
40573,694
40574,525
40575,591
40576,482
40577,420
40578,687
40579,683
40580,667
40581,520
40582,510
40583,478
40584,484
40585,479
40586,550
40587,643
40588,617
40589,414
40590,500
40591,667
40592,434
40593,682
40594,524
40595,623
40596,560
40597,412
40598,564
40599,657
40600,692
40601,513
40602,519
40603,468
40604,673
40605,447
40606,457
40607,477
40608,603
40609,624
40610,662
40611,502
40612,508
40613,664
40614,455
40615,651
40616,699
40617,471
40618,540
40619,579
40620,602
40621,670
40622,509
40623,481
40624,483
40625,656
40626,592
40627,538
40628,620
40629,588
40630,596
40631,473
40632,597
40633,659
40634,598
40635,536
40636,574
40637,532
40638,426
40639,656
40640,450
40641,543
40642,635
40643,559
40644,670
40645,553
40646,436
40647,616
40648,529
40649,475
40650,687
40651,596
40652,616
40653,498
40654,684
40655,629
40656,508
40657,563
40658,515
40659,470
40660,613
40661,452
40662,484
40663,475
40664,666
40665,647
40666,685
40667,478
40668,506
40669,481
40670,601
40671,629
40672,626
40673,419
40674,667
40675,577
40676,539
40677,479
40678,581
40679,473
40680,546
40681,632
40682,541
40683,549
40684,531
40685,638
40686,561
40687,649
40688,527
40689,673
40690,481
40691,631
40692,430
40693,633
40694,483
40695,441
40696,601
40697,650
40698,484
40699,582
40700,665
40701,470
40702,421
40703,475
40704,668
40705,567
40706,639
40707,450
40708,482
40709,489
40710,412
40711,556
40712,598
40713,553
40714,597
40715,623
40716,517
40717,550
40718,643
40719,474
40720,612
40721,674
40722,643
40723,577
40724,507
40725,690
40726,576
40727,573
40728,492
40729,499
40730,580
40731,558
40732,495
40733,631
40734,650
40735,466
40736,636
40737,418
40738,686
40739,687
40740,606
40741,502
40742,558
40743,594
40744,450
40745,623
40746,601
40747,491
40748,554
40749,575
40750,509
40751,698
40752,622
40753,578
40754,625
40755,474
40756,470
40757,608
40758,502
40759,440
40760,679
40761,429
40762,642
40763,451
40764,456
40765,589
40766,478
40767,595
40768,596
40769,430
40770,429
40771,512
40772,537
40773,621
40774,571
40775,554
40776,675
40777,619
40778,675
40779,411
40780,484
40781,621
40782,448
40783,579
40784,409
40785,660
40786,585
40787,628
40788,557
40789,672
40790,420
40791,415
40792,682
40793,514
40794,405
40795,697
40796,658
40797,439
40798,675
40799,631
40800,406
40801,492
40802,420
40803,410
40804,449
40805,664
40806,444
40807,684
40808,670
40809,674
40810,434
40811,540
40812,543
40813,644
40814,592
40815,434
40816,671
40817,577
40818,669
40819,550
40820,498
40821,428
40822,549
40823,607
40824,661
40825,609
40826,488
40827,636
40828,647
40829,657
40830,591
40831,495
40832,435
40833,495
40834,436
40835,633
40836,501
40837,579
40838,469
40839,506
40840,670
40841,446
40842,507
40843,468
40844,401
40845,618
40846,444
40847,632
40848,588
40849,521
40850,464
40851,548
40852,648
40853,466
40854,458
40855,514
40856,515
40857,636
40858,446
40859,508
40860,673
40861,512
40862,432
40863,679
40864,691
40865,561
40866,489
40867,450
40868,543
40869,503
40870,569
40871,415
40872,532
40873,569
40874,429
40875,559
40876,546
40877,636
40878,574
40879,471
40880,526
40881,595
40882,584
40883,549
40884,613
40885,493
40886,457
40887,618
40888,618
40889,412
40890,682
40891,539
40892,673
40893,518
40894,670
40895,496
40896,446
40897,551
40898,572
40899,674
40900,636
40901,430
40902,612
40903,671
40904,477
40905,678
40906,440
40907,545
40908,411
40909,647
40910,628
40911,578
40912,559
40913,620
40914,563
40915,567
40916,618
40917,469
40918,659
40919,462
40920,645
40921,449
40922,685
40923,633
40924,415
40925,403
40926,681
40927,556
40928,619
40929,450
40930,441
40931,534
40932,673
40933,658
40934,590
40935,655
40936,635
40937,675
40938,472
40939,473
40940,522
40941,469
40942,478
40943,647
40944,586
40945,540
40946,697
40947,443
40948,646
40949,625
40950,466
40951,675
40952,652
40953,679
40954,578
40955,678
40956,528
40957,514
40958,673
40959,601
40960,516
40961,434
40962,505
40963,648
40964,551
40965,540
40966,694
40967,561
40968,546
40969,655
40970,490
40971,617
40972,538
40973,576
40974,690
40975,475
40976,456
40977,427
40978,549
40979,598
40980,563
40981,581
40982,639
40983,641
40984,465
40985,570
40986,532
40987,480
40988,564
40989,462
40990,450
40991,471
40992,442
40993,615
40994,590
40995,557
40996,489
40997,503
40998,450
40999,653
41000,506
41001,693
41002,635
41003,504
41004,654
41005,419
41006,471
41007,516
41008,529
41009,519
41010,612
41011,628
41012,582
41013,533
41014,630
41015,645
41016,651
41017,624
41018,556
41019,518
41020,493
41021,627
41022,585
41023,584
41024,679
41025,629
41026,664
41027,557
41028,476
41029,481
41030,580
41031,595
41032,459
41033,550
41034,460
41035,534
41036,438
41037,652
41038,505
41039,632
41040,569
41041,616
41042,413
41043,415
41044,618
41045,568
41046,413
41047,642
41048,407
41049,682
41050,510
41051,439
41052,467
41053,522
41054,565
41055,602
41056,527
41057,551
41058,545
41059,448
41060,402
41061,650
41062,476
41063,619
41064,627
41065,517
41066,666
41067,634
41068,567
41069,659
41070,592
41071,583
41072,409
41073,540
41074,421
41075,592
41076,491
41077,496
41078,540
41079,656
41080,437
41081,646
41082,655
41083,697
41084,484
41085,436
41086,584
41087,497
41088,429
41089,590
41090,678
41091,600
41092,588
41093,657
41094,554
41095,627
41096,404
41097,528
41098,473
41099,423
41100,678
41101,605
41102,545
41103,488
41104,421
41105,699
41106,443
41107,436
41108,406
41109,679
41110,568
41111,469
41112,612
41113,470
41114,606
41115,471
41116,579
41117,607
41118,576
41119,594
41120,638
41121,553
41122,553
41123,429
41124,426
41125,639
41126,642
41127,531
41128,578
41129,497
41130,636
41131,537
41132,517
41133,505
41134,435
41135,445
41136,503
41137,469
41138,606
41139,620
41140,488
41141,402
41142,697
41143,630
41144,517
41145,513
41146,601
41147,429
41148,646
41149,480
41150,645
41151,583
41152,672
41153,432
41154,501
41155,676
41156,510
41157,605
41158,665
41159,614
41160,502
41161,694
41162,477
41163,574
41164,451
41165,696
41166,574
41167,598
41168,487
41169,570
41170,436
41171,522
41172,600
41173,463
41174,587
41175,614
41176,642
41177,549
41178,523
41179,597
41180,435
41181,677
41182,434
41183,512
41184,574
41185,432
41186,612
41187,602
41188,653
41189,455
41190,412
41191,449
41192,647
41193,632
41194,427
41195,503
41196,495
41197,592
41198,524
41199,480
41200,406
41201,482
41202,423
41203,513
41204,414
41205,512
41206,649
41207,544
41208,418
41209,408
41210,584
41211,437
41212,610
41213,533
41214,501
41215,548
41216,492
41217,689
41218,539
41219,694
41220,661
41221,480
41222,431
41223,587
41224,535
41225,565
41226,546
41227,644
41228,582
41229,408
41230,555
41231,575
41232,513
41233,642
41234,566
41235,622
41236,590
41237,674
41238,688
41239,463
41240,681
41241,572
41242,656
41243,602
41244,476
41245,502
41246,625
41247,625
41248,626
41249,495
41250,475
41251,432
41252,481
41253,468
41254,618
41255,519
41256,447
41257,467
41258,484
41259,675
41260,655
41261,604
41262,632
41263,464
41264,478
41265,413
41266,568
41267,558
41268,515
41269,591
41270,582
41271,630
41272,567
41273,414
41274,592
41275,632
41276,662
41277,453
41278,579
41279,403
41280,656
41281,639
41282,562
41283,537
41284,628
41285,501
41286,592
41287,429
41288,694
41289,646
41290,620
41291,571
41292,559
41293,571
41294,462
41295,460
41296,464
41297,568
41298,480
41299,646
41300,667
41301,657
41302,472
41303,587
41304,424
41305,627
41306,517
41307,507
41308,641
41309,498
41310,421
41311,455
41312,548
41313,439
41314,549
41315,520
41316,659
41317,425
41318,511
41319,422
41320,568
41321,663
41322,515
41323,630
41324,588
41325,656
41326,519
41327,685
41328,672
41329,551
41330,485
41331,645
41332,692
41333,561
41334,499
41335,584
41336,675
41337,416
41338,659
41339,644
41340,449
41341,671
41342,634
41343,471
41344,443
41345,479
41346,685
41347,448
41348,497
41349,424
41350,613
41351,455
41352,654
41353,555
41354,560
41355,593
41356,403
41357,667
41358,435
41359,415
41360,536
41361,477
41362,472
41363,644
41364,627
41365,594
41366,645
41367,488
41368,659
41369,685
41370,538
41371,450
41372,546
41373,641
41374,631
41375,426
41376,607
41377,537
41378,554
41379,406
41380,514
41381,491
41382,481
41383,412
41384,471
41385,490
41386,587
41387,504
41388,699
41389,483
41390,427
41391,678
41392,411
41393,549
41394,425
41395,613
41396,639
41397,621
41398,467
41399,661
41400,510
41401,529
41402,558
41403,679
41404,690
41405,430
41406,488
41407,517
41408,529
41409,606
41410,458
41411,495
41412,645
41413,544
41414,524
41415,421
41416,684
41417,606
41418,657
41419,697
41420,451
41421,437
41422,552
41423,615
41424,622
41425,542
41426,504
41427,409
41428,641
41429,513
41430,632
41431,468
41432,443
41433,568
41434,610
41435,675
41436,506
41437,566
41438,604
41439,518
41440,508
41441,638
41442,407
41443,442
41444,696
41445,531
41446,605
41447,679
41448,638
41449,676
41450,445
41451,597
41452,520
41453,699
41454,619
41455,688
41456,493
41457,691
41458,552
41459,412
41460,606
41461,654
41462,557
41463,669
41464,467
41465,656
41466,588
41467,402
41468,636
41469,531
41470,570
41471,669
41472,488
41473,502
41474,524
41475,466
41476,662
41477,407
41478,443
41479,534
41480,647
41481,424
41482,595
41483,591
41484,521
41485,659
41486,446
41487,608
41488,488
41489,402
41490,544
41491,421
41492,438
41493,694
41494,506
41495,499
41496,671
41497,628
41498,684
41499,605
41500,470
41501,568
41502,584
41503,607
41504,670
41505,534
41506,545
41507,548
41508,515
41509,586
41510,419
41511,643
41512,466
41513,461
41514,673
41515,509
41516,455
41517,484
41518,663
41519,506
41520,411
41521,575
41522,426
41523,690
41524,529
41525,626
41526,535
41527,419
41528,663
41529,558
41530,559
41531,425
41532,480
41533,417
41534,468
41535,529
41536,534
41537,617
41538,414
41539,585
41540,594
41541,590
41542,633
41543,465
41544,480
41545,435
41546,634
41547,416
41548,401
41549,432
41550,533
41551,666
41552,404
41553,685
41554,490
41555,551
41556,517
41557,460
41558,425
41559,508
41560,694
41561,609
41562,658
41563,693
41564,441
41565,412
41566,488
41567,487
41568,586
41569,462
41570,442
41571,632
41572,633
41573,474
41574,652
41575,548
41576,581
41577,606
41578,580
41579,572
41580,640
41581,563
41582,462
41583,634
41584,524
41585,656
41586,491
41587,624
41588,594
41589,606
41590,687
41591,614
41592,585
41593,525
41594,681
41595,654
41596,460
41597,600
41598,468
41599,684
41600,462
41601,533
41602,638
41603,651
41604,586
41605,420
41606,690
41607,445
41608,593
41609,456
41610,441
41611,634
41612,415
41613,532
41614,400
41615,631
41616,549
41617,521
41618,681
41619,689
41620,612
41621,680
41622,539
41623,558
41624,426
41625,561
41626,517
41627,474
41628,492
41629,433
41630,514
41631,512
41632,459
41633,681
41634,636
41635,525
41636,444
41637,687
41638,628
41639,596
41640,611
41641,470
41642,634
41643,678
41644,566
41645,594
41646,572
41647,594
41648,462
41649,469
41650,622
41651,682
41652,478
41653,435
41654,594
41655,616
41656,687
41657,548
41658,672
41659,600
41660,553
41661,421
41662,696
41663,614
41664,521
41665,665
41666,660
41667,454
41668,681
41669,659
41670,682
41671,629
41672,525
41673,658
41674,449
41675,623
41676,681
41677,545
41678,444
41679,661
41680,633
41681,452
41682,634
41683,595
41684,403
41685,459
41686,572
41687,471
41688,474
41689,421
41690,608
41691,450
41692,544
41693,671
41694,443
41695,506
41696,549
41697,493
41698,663
41699,509
41700,417
41701,637
41702,638
41703,611
41704,630
41705,693
41706,480
41707,654
41708,631
41709,608
41710,697
41711,420
41712,637
41713,660
41714,672
41715,679
41716,549
41717,551
41718,681
41719,460
41720,535
41721,411
41722,413
41723,429
41724,686
41725,619
41726,637
41727,426
41728,656
41729,696
41730,541
41731,649
41732,473
41733,697
41734,598
41735,695
41736,413
41737,499
41738,490
41739,590
41740,505
41741,406
41742,480
41743,652
41744,539
41745,406
41746,551
41747,689
41748,525
41749,684
41750,681
41751,473
41752,444
41753,416
41754,632
41755,563
41756,462
41757,492
41758,491
41759,441
41760,640
41761,654
41762,470
41763,698
41764,615
41765,455
41766,478
41767,520
41768,601
41769,656
41770,529
41771,441
41772,473
41773,633
41774,408
41775,430
41776,495
41777,657
41778,679
41779,628
41780,644
41781,597
41782,631
41783,698
41784,450
41785,616
41786,573
41787,474
41788,498
41789,400
41790,523
41791,516
41792,594
41793,632
41794,528
41795,462
41796,635
41797,629
41798,589
41799,588
41800,567
41801,494
41802,556
41803,690
41804,538
41805,590
41806,455
41807,406
41808,450
41809,438
41810,697
41811,471
41812,655
41813,490
41814,548
41815,429
41816,522
41817,636
41818,679
41819,524
41820,533
41821,405
41822,596
41823,589
41824,690
41825,635
41826,478
41827,434
41828,471
41829,442
41830,690
41831,532
41832,686
41833,505
41834,558
41835,407
41836,661
41837,479
41838,443
41839,576
41840,463
41841,687
41842,512
41843,607
41844,625
41845,677
41846,686
41847,679
41848,402
41849,432
41850,613
41851,429
41852,424
41853,427
41854,496
41855,486
41856,425
41857,519
41858,600
41859,414
41860,653
41861,510
41862,407
41863,527
41864,585
41865,413
41866,629
41867,490
41868,403
41869,551
41870,618
41871,475
41872,683
41873,615
41874,558
41875,650
41876,466
41877,621
41878,591
41879,618
41880,416
41881,506
41882,626
41883,480
41884,666
41885,565
41886,633
41887,561
41888,574
41889,559
41890,584
41891,573
41892,637
41893,562
41894,637
41895,505
41896,517
41897,631
41898,475
41899,404
41900,617
41901,681
41902,635
41903,431
41904,576
41905,518
41906,589
41907,501
41908,478
41909,538
41910,625
41911,665
41912,623
41913,459
41914,663
41915,447
41916,480
41917,696
41918,407
41919,648
41920,643
41921,564
41922,586
41923,648
41924,526
41925,487
41926,444
41927,681
41928,645
41929,617
41930,414
41931,655
41932,576
41933,614
41934,424
41935,691
41936,516
41937,479
41938,574
41939,631
41940,439
41941,570
41942,516
41943,583
41944,480
41945,470
41946,539
41947,592
41948,570
41949,500
41950,469
41951,573
41952,588
41953,614
41954,424
41955,488
41956,530
41957,595
41958,685
41959,624
41960,548
41961,470
41962,528
41963,689
41964,486
41965,417
41966,442
41967,475
41968,440
41969,679
41970,679
41971,658
41972,423
41973,695
41974,508
41975,688
41976,426
41977,525
41978,569
41979,446
41980,580
41981,472
41982,521
41983,585
41984,481
41985,429
41986,680
41987,520
41988,505
41989,529
41990,604
41991,452
41992,696
41993,678
41994,588
41995,614
41996,430
41997,657
41998,459
41999,477
42000,422
42001,584
42002,434
42003,400
42004,504
42005,575
42006,448
42007,567
42008,670
42009,557
42010,420
42011,504
42012,689
42013,520
42014,591
42015,628
42016,580
42017,624
42018,633
42019,665
42020,617
42021,610
42022,498
42023,508
42024,652
42025,411
42026,517
42027,487
42028,608
42029,529
42030,582
42031,482
42032,653
42033,404
42034,423
42035,520
42036,494
42037,623
42038,638
42039,626
42040,541
42041,450
42042,544
42043,451
42044,411
42045,494
42046,528
42047,410
42048,671
42049,491
42050,408
42051,522
42052,663
42053,680
42054,518
42055,589
42056,678
42057,699
42058,455
42059,595
42060,422
42061,664
42062,644
42063,659
42064,630
42065,609
42066,561
42067,569
42068,689
42069,626
42070,442
42071,594
42072,411
42073,671
42074,461
42075,416
42076,670
42077,425
42078,444
42079,544
42080,464
42081,685
42082,467
42083,699
42084,495
42085,459
42086,656
42087,418
42088,432
42089,490
42090,637
42091,423
42092,626
42093,664
42094,405
42095,457
42096,499
42097,521
42098,556
42099,600
42100,624
42101,666
42102,550
42103,656
42104,480
42105,499
42106,504
42107,651
42108,532
42109,498
42110,577
42111,664
42112,531
42113,598
42114,592
42115,607
42116,456
42117,661
42118,629
42119,541
42120,462
42121,517
42122,644
42123,535
42124,495
42125,624
42126,407
42127,413
42128,423
42129,591
42130,640
42131,424
42132,528
42133,486
42134,632
42135,688
42136,455
42137,589
42138,427
42139,428
42140,678
42141,571
42142,437
42143,698
42144,665
42145,426
42146,535
42147,635
42148,644
42149,484
42150,412
42151,457
42152,658
42153,499
42154,503
42155,660
42156,677
42157,465
42158,488
42159,695
42160,487
42161,404
42162,543
42163,516
42164,670
42165,604
42166,474
42167,479
42168,417
42169,616
42170,501
42171,531
42172,457
42173,511
42174,484
42175,515
42176,561
42177,685
42178,605
42179,467
42180,647
42181,456
42182,564
42183,565
42184,696
42185,403
42186,694
42187,505
42188,507
42189,569
42190,666
42191,666
42192,453
42193,565
42194,653
42195,675
42196,553
42197,527
42198,475
42199,620
42200,669
42201,522
42202,424
42203,505
42204,505
42205,502
42206,665
42207,413
42208,532
42209,421
42210,474
42211,684
42212,643
42213,655
42214,545
42215,611
42216,648
42217,434
42218,652
42219,659
42220,685
42221,580
42222,609
42223,509
42224,541
42225,563
42226,486
42227,539
42228,561
42229,425
42230,533
42231,514
42232,580
42233,546
42234,614
42235,476
42236,494
42237,617
42238,451
42239,673
42240,574
42241,432
42242,531
42243,674
42244,406
42245,626
42246,654
42247,681
42248,635
42249,583
42250,598
42251,602
42252,535
42253,687
42254,689
42255,545
42256,606
42257,454
42258,698
42259,649
42260,674
42261,604
42262,591
42263,401
42264,584
42265,561
42266,448
42267,489
42268,650
42269,421
42270,611
42271,633
42272,571
42273,490
42274,562
42275,684
42276,405
42277,643
42278,558
42279,522
42280,587
42281,413
42282,469
42283,538
42284,478
42285,693
42286,479
42287,545
42288,624
42289,626
42290,579
42291,423
42292,498
42293,669
42294,493
42295,679
42296,668
42297,546
42298,684
42299,421
42300,401
42301,502
42302,435
42303,693
42304,673
42305,450
42306,542
42307,416
42308,476
42309,677
42310,522
42311,573
42312,531
42313,662
42314,670
42315,607
42316,695
42317,625
42318,588
42319,543
42320,650
42321,644
42322,417
42323,602
42324,603
42325,401
42326,453
42327,565
42328,542
42329,491
42330,407
42331,651
42332,499
42333,438
42334,535
42335,449
42336,482
42337,653
42338,595
42339,426
42340,476
42341,693
42342,654
42343,420
42344,617
42345,444
42346,581
42347,685
42348,543
42349,451
42350,650
42351,505
42352,696
42353,598
42354,679
42355,547
42356,502
42357,401
42358,655
42359,459
42360,490
42361,500
42362,513
42363,661
42364,453
42365,587
42366,426
42367,639
42368,479
42369,589
42370,490
42371,434
42372,457
42373,588
42374,652
42375,435
42376,491
42377,455
42378,466
42379,568
42380,686
42381,530
42382,565
42383,451
42384,551
42385,504
42386,491
42387,600
42388,692
42389,618
42390,466
42391,568
42392,427
42393,687
42394,431
42395,565
42396,535
42397,467
42398,553
42399,495
42400,596
42401,507
42402,445
42403,585
42404,684
42405,482
42406,537
42407,636
42408,544
42409,677
42410,499
42411,413
42412,661
42413,446
42414,624
42415,543
42416,595
42417,689
42418,656
42419,407
42420,677
42421,689
42422,692
42423,422
42424,483
42425,654
42426,423
42427,437
42428,620
42429,613
42430,484
42431,403
42432,594
42433,513
42434,614
42435,540
42436,566
42437,686
42438,404
42439,526
42440,485
42441,485
42442,423
42443,444
42444,510
42445,689
42446,584
42447,634
42448,556
42449,560
42450,599
42451,521
42452,623
42453,422
42454,596
42455,684
42456,405
42457,488
42458,672
42459,683
42460,664
42461,514
42462,523
42463,659
42464,568
42465,435
42466,628
42467,533
42468,643
42469,464
42470,636
42471,402
42472,436
42473,508
42474,649
42475,402
42476,634
42477,650
42478,542
42479,647
42480,455
42481,460
42482,467
42483,478
42484,595
42485,594
42486,422
42487,413
42488,688
42489,408
42490,539
42491,641
42492,652
42493,626
42494,494
42495,578
42496,402
42497,583
42498,445
42499,691
42500,540
42501,412
42502,585
42503,484
42504,442
42505,555
42506,583
42507,446
42508,605
42509,609
42510,674
42511,482
42512,496
42513,578
42514,547
42515,684
42516,471
42517,616
42518,608
42519,693
42520,523
42521,555
42522,432
42523,668
42524,615
42525,500
42526,579
42527,526
42528,568
42529,534
42530,691
42531,492
42532,620
42533,554
42534,679
42535,598
42536,640
42537,497
42538,649
42539,504
42540,660
42541,528
42542,658
42543,691
42544,539
42545,414
42546,583
42547,415
42548,620
42549,462
42550,640
42551,678
42552,656
42553,584
42554,475
42555,426
42556,424
42557,461
42558,545
42559,632
42560,685
42561,483
42562,574
42563,569
42564,689
42565,403
42566,686
42567,449
42568,669
42569,407
42570,468
42571,538
42572,647
42573,428
42574,582
42575,612
42576,418
42577,625
42578,629
42579,495
42580,514
42581,579
42582,477
42583,675
42584,581
42585,494
42586,485
42587,494
42588,544
42589,647
42590,580
42591,692
42592,418
42593,537
42594,443
42595,625
42596,436
42597,619
42598,527
42599,542
42600,582
42601,442
42602,609
42603,447
42604,619
42605,595
42606,571
42607,636
42608,574
42609,431
42610,623
42611,453
42612,585
42613,633
42614,630
42615,509
42616,499
42617,599
42618,610
42619,620
42620,549
42621,562
42622,542
42623,657
42624,644
42625,549
42626,511
42627,498
42628,502
42629,610
42630,411
42631,625
42632,547
42633,578
42634,406
42635,551
42636,469
42637,452
42638,561
42639,492
42640,550
42641,457
42642,595
42643,607
42644,698
42645,461
42646,594
42647,454
42648,448
42649,505
42650,477
42651,683
42652,456
42653,568
42654,606
42655,659
42656,675
42657,562
42658,643
42659,649
42660,438
42661,520
42662,485
42663,498
42664,645
42665,607
42666,512
42667,482
42668,464
42669,400
42670,573
42671,649
42672,625
42673,683
42674,483
42675,638
42676,427
42677,686
42678,681
42679,582
42680,534
42681,456
42682,514
42683,585
42684,400
42685,428
42686,631
42687,549
42688,589
42689,669
42690,647
42691,594
42692,654
42693,478
42694,497
42695,549
42696,673
42697,522
42698,497
42699,563
42700,445
42701,638
42702,629
42703,692
42704,643
42705,417
42706,570
42707,556
42708,603
42709,545
42710,542
42711,586
42712,521
42713,499
42714,683
42715,414
42716,442
42717,688
42718,586
42719,407
42720,511
42721,432
42722,489
42723,548
42724,611
42725,515
42726,572
42727,419
42728,531
42729,691
42730,636
42731,476
42732,622
42733,525
42734,438
42735,608
42736,505
42737,539
42738,648
42739,454
42740,517
42741,575
42742,612
42743,664
42744,539
42745,683
42746,672
42747,421
42748,586
42749,606
42750,546
42751,553
42752,507
42753,699
42754,698
42755,550
42756,574
42757,454
42758,666
42759,553
42760,589
42761,548
42762,407
42763,547
42764,572
42765,480
42766,478
42767,459
42768,494
42769,527
42770,521
42771,686
42772,486
42773,480
42774,421
42775,651
42776,589
42777,485
42778,407
42779,629
42780,551
42781,677
42782,414
42783,686
42784,647
42785,654
42786,566
42787,480
42788,695
42789,468
42790,582
42791,463
42792,663
42793,485
42794,443
42795,693
42796,548
42797,659
42798,458
42799,493
42800,404
42801,482
42802,436
42803,426
42804,412
42805,464
42806,602
42807,579
42808,696
42809,670
42810,414
42811,400
42812,670
42813,447
42814,581
42815,582
42816,613
42817,426
42818,625
42819,557
42820,459
42821,465
42822,573
42823,451
42824,642
42825,690
42826,643
42827,520
42828,441
42829,583
42830,444
42831,451
42832,550
42833,428
42834,456
42835,674
42836,608
42837,407
42838,646
42839,594
42840,427
42841,695
42842,634
42843,529
42844,475
42845,632
42846,629
42847,588
42848,401
42849,464
42850,451
42851,433
42852,639
42853,528
42854,642
42855,497
42856,475
42857,618
42858,500
42859,518
42860,539
42861,624
42862,654
42863,472
42864,555
42865,658
42866,463
42867,435
42868,647
42869,443
42870,518
42871,580
42872,469
42873,666
42874,618
42875,589
42876,655
42877,586
42878,626
42879,460
42880,567
42881,531
42882,554
42883,671
42884,609
42885,406
42886,410
42887,599
42888,650
42889,463
42890,579
42891,527
42892,661
42893,519
42894,447
42895,468
42896,661
42897,629
42898,651
42899,630
42900,623
42901,606
42902,427
42903,618
42904,500
42905,457
42906,423
42907,626
42908,568
42909,645
42910,611
42911,665
42912,420
42913,523
42914,496
42915,537
42916,492
42917,494
42918,423
42919,535
42920,532
42921,453
42922,691
42923,511
42924,530
42925,677
42926,663
42927,477
42928,662
42929,467
42930,461
42931,574
42932,679
42933,635
42934,535
42935,623
42936,488
42937,506
42938,440
42939,585
42940,587
42941,408
42942,579
42943,585
42944,481
42945,576
42946,493
42947,515
42948,559
42949,644
42950,682
42951,612
42952,551
42953,565
42954,542
42955,424
42956,599
42957,632
42958,403
42959,687
42960,572
42961,583
42962,650
42963,690
42964,685
42965,511
42966,529
42967,586
42968,428
42969,557
42970,634
42971,677
42972,501
42973,624
42974,674
42975,631
42976,673
42977,512
42978,538
42979,615
42980,673
42981,583
42982,593
42983,678
42984,671
42985,699
42986,471
42987,595
42988,669
42989,639
42990,507
42991,691
42992,699
42993,499
42994,480
42995,669
42996,416
42997,592
42998,611
42999,525
43000,525
43001,529
43002,544
43003,655
43004,422
43005,613
43006,528
43007,411
43008,540
43009,667
43010,456
43011,485
43012,673
43013,502
43014,542
43015,575
43016,532
43017,663
43018,546
43019,411
43020,454
43021,629
43022,521
43023,632
43024,561
43025,481
43026,446
43027,690
43028,559
43029,578
43030,607
43031,439
43032,613
43033,553
43034,692
43035,565
43036,671
43037,423
43038,514
43039,659
43040,625
43041,501
43042,530
43043,663
43044,411
43045,580
43046,560
43047,513
43048,417
43049,503
43050,585
43051,492
43052,542
43053,542
43054,499
43055,461
43056,483
43057,675
43058,566
43059,694
43060,528
43061,466
43062,446
43063,547
43064,649
43065,536
43066,494
43067,637
43068,683
43069,434
43070,695
43071,657
43072,669
43073,446
43074,493
43075,581
43076,589
43077,450
43078,605
43079,524
43080,611
43081,665
43082,534
43083,672
43084,677
43085,699
43086,666
43087,697
43088,678
43089,613
43090,461
43091,453
43092,511
43093,668
43094,506
43095,682
43096,567
43097,473
43098,635
43099,491
43100,484
43101,474
43102,483
43103,644
43104,627
43105,482
43106,414
43107,580
43108,662
43109,477
43110,628
43111,632
43112,429
43113,554
43114,584
43115,654
43116,568
43117,480
43118,685
43119,609
43120,658
43121,436
43122,685
43123,453
43124,611
43125,499
43126,484
43127,612
43128,663
43129,485
43130,462
43131,591
43132,492
43133,652
43134,537
43135,448
43136,520
43137,438
43138,433
43139,665
43140,408
43141,587
43142,495
43143,532
43144,562
43145,538
43146,697
43147,479
43148,490
43149,655
43150,547
43151,578
43152,656
43153,617
43154,666
43155,478
43156,566
43157,503
43158,683
43159,614
43160,474
43161,624
43162,691
43163,469
43164,589
43165,505
43166,469
43167,409
43168,613
43169,404
43170,427
43171,640
43172,635
43173,491
43174,437
43175,618
43176,551
43177,591
43178,520
43179,570
43180,509
43181,543
43182,465
43183,596
43184,445
43185,548
43186,459
43187,537
43188,489
43189,611
43190,568
43191,512
43192,465
43193,517
43194,624
43195,550
43196,566
43197,494
43198,659
43199,658
43200,519
43201,473
43202,495
43203,691
43204,576
43205,426
43206,610
43207,656
43208,604
43209,465
43210,549
43211,566
43212,619
43213,699
43214,657
43215,602
43216,639
43217,628
43218,555
43219,617
43220,594
43221,669
43222,415
43223,640
43224,651
43225,450
43226,427
43227,452
43228,515
43229,408
43230,410
43231,506
43232,657
43233,581
43234,569
43235,538
43236,684
43237,510
43238,491
43239,619
43240,404
43241,419
43242,500
43243,694
43244,556
43245,400
43246,611
43247,518
43248,659
43249,574
43250,533
43251,501
43252,461
43253,453
43254,406
43255,402
43256,548
43257,687
43258,411
43259,503
43260,510
43261,662
43262,572
43263,494
43264,602
43265,444
43266,433
43267,610
43268,624
43269,663
43270,625
43271,503
43272,620
43273,522
43274,621
43275,442
43276,609
43277,410
43278,615
43279,563
43280,624
43281,624
43282,645
43283,545
43284,590
43285,660
43286,686
43287,415
43288,593
43289,408
43290,401
43291,692
43292,483
43293,608
43294,457
43295,505
43296,535
43297,476
43298,609
43299,631
43300,524
43301,579
43302,689
43303,613
43304,496
43305,648
43306,620
43307,412
43308,490
43309,592
43310,598
43311,659
43312,463
43313,631
43314,626
43315,566
43316,650
43317,585
43318,648
43319,671
43320,537
43321,508
43322,443
43323,600
43324,503
43325,519
43326,427
43327,506
43328,679
43329,427
43330,585
43331,594
43332,545
43333,659
43334,576
43335,527
43336,505
43337,610
43338,410
43339,416
43340,465
43341,512
43342,531
43343,470
43344,460
43345,643
43346,404
43347,420
43348,585
43349,608
43350,630
43351,413
43352,478
43353,581
43354,477
43355,696
43356,671
43357,450
43358,656
43359,695
43360,417
43361,689
43362,617
43363,499
43364,548
43365,554
43366,501
43367,514
43368,669
43369,491
43370,420
43371,519
43372,418
43373,423
43374,425
43375,552
43376,601
43377,538
43378,679
43379,423
43380,411
43381,534
43382,480
43383,469
43384,603
43385,478
43386,678
43387,598
43388,693
43389,684
43390,555
43391,475
43392,618
43393,676
43394,664
43395,448
43396,497
43397,692
43398,420
43399,422
43400,537
43401,629
43402,428
43403,420
43404,498
43405,462
43406,532
43407,414
43408,504
43409,510
43410,510
43411,403
43412,551
43413,441
43414,425
43415,593
43416,407
43417,472
43418,477
43419,547
43420,467
43421,582
43422,484
43423,478
43424,438
43425,419
43426,469
43427,555
43428,516
43429,427
43430,497
43431,550
43432,421
43433,660
43434,459
43435,562
43436,513
43437,595
43438,444
43439,512
43440,578
43441,669
43442,455
43443,666
43444,514
43445,566
43446,514
43447,479
43448,685
43449,428
43450,441
43451,518
43452,461
43453,554
43454,684
43455,588
43456,684
43457,503
43458,456
43459,571
43460,555
43461,564
43462,468
43463,457
43464,606
43465,484
43466,500
43467,691
43468,650
43469,619
43470,559
43471,586
43472,486
43473,554
43474,679
43475,563
43476,467
43477,687
43478,611
43479,519
43480,584
43481,615
43482,529
43483,477
43484,569
43485,437
43486,454
43487,689
43488,445
43489,570
43490,529
43491,563
43492,469
43493,691
43494,468
43495,504
43496,453
43497,647
43498,505
43499,496
43500,426
43501,471
43502,584
43503,533
43504,573
43505,680
43506,497
43507,463
43508,512
43509,464
43510,615
43511,689
43512,488
43513,646
43514,548
43515,639
43516,405
43517,636
43518,666
43519,637
43520,538
43521,564
43522,681
43523,584
43524,553
43525,505
43526,548
43527,584
43528,670
43529,590
43530,562
43531,600
43532,505
43533,614
43534,619
43535,616
43536,428
43537,637
43538,463
43539,495
43540,553
43541,427
43542,575
43543,650
43544,593
43545,678
43546,438
43547,468
43548,676
43549,519
43550,485
43551,576
43552,493
43553,491
43554,480
43555,627
43556,487
43557,527
43558,697
43559,589
43560,533
43561,535
43562,439
43563,537
43564,686
43565,655
43566,685
43567,484
43568,426
43569,629
43570,690
43571,687
43572,531
43573,490
43574,628
43575,426
43576,681
43577,679
43578,598
43579,699
43580,553
43581,698
43582,442
43583,509
43584,510
43585,400
43586,539
43587,577
43588,459
43589,582
43590,681
43591,620
43592,626
43593,543
43594,623
43595,451
43596,480
43597,548
43598,426
43599,631
43600,510
43601,478
43602,678
43603,526
43604,680
43605,581
43606,518
43607,665
43608,577
43609,600
43610,469
43611,557
43612,497
43613,604
43614,485
43615,679
43616,484
43617,614
43618,532
43619,646
43620,540
43621,475
43622,497
43623,454
43624,658
43625,421
43626,434
43627,427
43628,569
43629,539
43630,528
43631,499
43632,646
43633,422
43634,683
43635,512
43636,596
43637,563
43638,455
43639,409
43640,532
43641,551
43642,590
43643,683
43644,676
43645,642
43646,675
43647,589
43648,514
43649,695
43650,633
43651,480
43652,592
43653,657
43654,630
43655,413
43656,413
43657,443
43658,609
43659,439
43660,433
43661,634
43662,633
43663,673
43664,689
43665,628
43666,527
43667,608
43668,479
43669,694
43670,575
43671,632
43672,664
43673,684
43674,517
43675,565
43676,541
43677,646
43678,576
43679,698
43680,663
43681,567
43682,424
43683,590
43684,414
43685,415
43686,526
43687,666
43688,427
43689,662
43690,693
43691,551
43692,467
43693,436
43694,434
43695,533
43696,560
43697,623
43698,509
43699,501
43700,581
43701,546
43702,615
43703,538
43704,587
43705,487
43706,646
43707,585
43708,487
43709,551
43710,666
43711,599
43712,645
43713,615
43714,473
43715,559
43716,654
43717,416
43718,537
43719,405
43720,618
43721,400
43722,463
43723,608
43724,400
43725,588
43726,646
43727,656
43728,573
43729,508
43730,459
43731,442
43732,437
43733,657
43734,481
43735,620
43736,510
43737,664
43738,535
43739,422
43740,458
43741,665
43742,539
43743,515
43744,603
43745,557
43746,595
43747,611
43748,440
43749,406
43750,504
43751,444
43752,437
43753,563
43754,480
43755,457
43756,522
43757,594
43758,592
43759,503
43760,511
43761,531
43762,495
43763,482
43764,569
43765,448
43766,534
43767,664
43768,598
43769,682
43770,434
43771,603
43772,640
43773,442
43774,663
43775,477
43776,435
43777,573
43778,534
43779,539
43780,454
43781,651
43782,678
43783,579
43784,412
43785,603
43786,462
43787,473
43788,554
43789,406
43790,552
43791,443
43792,435
43793,496
43794,564
43795,633
43796,502
43797,406
43798,493
43799,520
43800,436
43801,420
43802,497
43803,420
43804,631
43805,471
43806,451
43807,621
43808,684
43809,566
43810,682
43811,604
43812,537
43813,435
43814,494
43815,415
43816,636
43817,563
43818,489
43819,507
43820,483
43821,654
43822,564
43823,599
43824,556
43825,430
43826,465
43827,488
43828,658
43829,652
43830,633
43831,506
43832,468
43833,677
43834,600
43835,452
43836,640
43837,574
43838,441
43839,659
43840,609
43841,441
43842,569
43843,658
43844,603
43845,562
43846,504
43847,577
43848,590
43849,523
43850,597
43851,498
43852,405
43853,687
43854,666
43855,442
43856,694
43857,540
43858,668
43859,438
43860,561
43861,594
43862,503
43863,644
43864,464
43865,600
43866,641
43867,406
43868,618
43869,402
43870,683
43871,421
43872,493
43873,470
43874,621
43875,412
43876,404
43877,421
43878,694
43879,436
43880,430
43881,461
43882,620
43883,480
43884,632
43885,405
43886,504
43887,561
43888,451
43889,557
43890,412
43891,585
43892,621
43893,640
43894,547
43895,454
43896,458
43897,597
43898,497
43899,555
43900,649
43901,579
43902,473
43903,460
43904,444
43905,534
43906,609
43907,485
43908,669
43909,691
43910,663
43911,667
43912,624
43913,615
43914,630
43915,589
43916,541
43917,576
43918,450
43919,589
43920,404
43921,610
43922,594
43923,400
43924,503
43925,500
43926,527
43927,648
43928,690
43929,668
43930,437
43931,649
43932,620
43933,462
43934,652
43935,664
43936,563
43937,422
43938,478
43939,517
43940,584
43941,458
43942,651
43943,488
43944,628
43945,637
43946,691
43947,694
43948,443
43949,479
43950,573
43951,540
43952,436
43953,413
43954,521
43955,637
43956,454
43957,421
43958,602
43959,414
43960,429
43961,428
43962,651
43963,559
43964,516
43965,557
43966,507
43967,514
43968,671
43969,575
43970,630
43971,683
43972,649
43973,455
43974,672
43975,589
43976,420
43977,564
43978,684
43979,467
43980,666
43981,617
43982,495
43983,587
43984,607
43985,473
43986,561
43987,560
43988,459
43989,425
43990,424
43991,657
43992,402
43993,687
43994,656
43995,679
43996,647
43997,443
43998,432
43999,693
44000,511
44001,690
44002,672
44003,442
44004,443
44005,688
44006,486
44007,629
44008,482
44009,603
44010,529
44011,537
44012,482
44013,574
44014,535
44015,506
44016,550
44017,508
44018,621
44019,646
44020,436
44021,667
44022,473
44023,514
44024,480
44025,592
44026,613
44027,414
44028,483
44029,665
44030,697
44031,553
44032,652
44033,672
44034,531
44035,598
44036,482
44037,525
44038,613
44039,614
44040,637
44041,487
44042,512
44043,504
44044,462
44045,638
44046,425
44047,527
44048,400
44049,493
44050,411
44051,565
44052,697
44053,671
44054,466
44055,566
44056,653
44057,652
44058,645
44059,458
44060,693
44061,543
44062,608
44063,625
44064,683
44065,490
44066,510
44067,639
44068,479
44069,603
44070,637
44071,693
44072,583
44073,611
44074,650
44075,626
44076,566
44077,430
44078,550
44079,561
44080,495
44081,672
44082,423
44083,517
44084,486
44085,674
44086,449
44087,511
44088,679
44089,535
44090,402
44091,561
44092,476
44093,584
44094,457
44095,562
44096,420
44097,464
44098,465
44099,697
44100,698
44101,681
44102,574
44103,564
44104,481
44105,545
44106,603
44107,563
44108,503
44109,529
44110,483
44111,519
44112,658
44113,503
44114,433
44115,573
44116,631
44117,584
44118,417
44119,630
44120,534
44121,444
44122,511
44123,482
44124,438
44125,653
44126,544
44127,450
44128,692
44129,466
44130,423
44131,521
44132,448
44133,548
44134,584
44135,649
44136,544
44137,642
44138,548
44139,467
44140,623
44141,609
44142,591
44143,699
44144,523
44145,683
44146,691
44147,699
44148,449
44149,582
44150,646
44151,487
44152,537
44153,437
44154,448
44155,471
44156,657
44157,443
44158,690
44159,515
44160,548
44161,678
44162,687
44163,617
44164,470
44165,560
44166,672
44167,526
44168,569
44169,416
44170,638
44171,575
44172,609
44173,456
44174,588
44175,443
44176,521
44177,432
44178,427
44179,550
44180,462
44181,406
44182,510
44183,529
44184,531
44185,407
44186,428
44187,405
44188,511
44189,504
44190,606
44191,439
44192,667
44193,445
44194,640
44195,669
44196,554
44197,515
44198,436
44199,604
44200,648
44201,509
44202,479
44203,475
44204,669
44205,497
44206,475
44207,681
44208,480
44209,462
44210,666
44211,432
44212,696
44213,439
44214,573
44215,659
44216,623
44217,622
44218,666
44219,554
44220,663
44221,548
44222,624
44223,526
44224,404
44225,687
44226,457
44227,471
44228,554
44229,681
44230,567
44231,428
44232,481
44233,662
44234,505
44235,676
44236,409
44237,461
44238,623
44239,535
44240,623
44241,513
44242,659
44243,556
44244,628
44245,499
44246,654
44247,578
44248,674
44249,628
44250,430
44251,507
44252,681
44253,508
44254,428
44255,416
44256,569
44257,574
44258,473
44259,639
44260,495
44261,401
44262,601
44263,436
44264,490
44265,632
44266,546
44267,696
44268,652
44269,611
44270,463
44271,404
44272,545
44273,471
44274,504
44275,435
44276,546
44277,655
44278,627
44279,678
44280,512
44281,410
44282,593
44283,623
44284,649
44285,648
44286,668
44287,690
44288,482
44289,428
44290,479
44291,494
44292,658
44293,521
44294,523
44295,422
44296,615
44297,688
44298,491
44299,423
44300,506
44301,451
44302,598
44303,693
44304,699
44305,455
44306,593
44307,444
44308,638
44309,631
44310,638
44311,535
44312,684
44313,412
44314,428
44315,577
44316,692
44317,656
44318,507
44319,468
44320,575
44321,582
44322,641
44323,593
44324,421
44325,410
44326,684
44327,658
44328,572
44329,604
44330,647
44331,658
44332,669
44333,480
44334,587
44335,630
44336,427
44337,402
44338,636
44339,580
44340,403
44341,471
44342,581
44343,503
44344,671
44345,686
44346,486
44347,472
44348,490
44349,572
44350,586
44351,635
44352,561
44353,472
44354,624
44355,629
44356,653
44357,561
44358,649
44359,598
44360,639
44361,636
44362,475
44363,694
44364,444
44365,578
44366,621
44367,416
44368,618
44369,483
44370,590
44371,531
44372,686
44373,493
44374,494
44375,583
44376,531
44377,481
44378,695
44379,511
44380,450
44381,693
44382,588
44383,607
44384,548
44385,664
44386,680
44387,512
44388,435
44389,510
44390,570
44391,477
44392,427
44393,444
44394,541
44395,414
44396,527
44397,566
44398,552
44399,462
44400,458
44401,602
44402,556
44403,402
44404,438
44405,677
44406,500
44407,568
44408,419
44409,540
44410,674
44411,592
44412,551
44413,635
44414,693
44415,607
44416,436
44417,477
44418,571
44419,444
44420,483
44421,492
44422,553
44423,505
44424,608
44425,603
44426,647
44427,625
44428,447
44429,645
44430,430
44431,582
44432,656
44433,525
44434,618
44435,644
44436,538
44437,626
44438,656
44439,654
44440,469
44441,465
44442,401
44443,668
44444,528
44445,545
44446,512
44447,687
44448,495
44449,666
44450,407
44451,619
44452,612
44453,501
44454,565
44455,661
44456,401
44457,601
44458,582
44459,658
44460,627
44461,599
44462,425
44463,501
44464,535
44465,596
44466,429
44467,698
44468,532
44469,655
44470,419
44471,420
44472,440
44473,551
44474,401
44475,443
44476,440
44477,662
44478,693
44479,572
44480,408
44481,452
44482,683
44483,527
44484,418
44485,531
44486,412
44487,619
44488,666
44489,644
44490,657
44491,539
44492,646
44493,631
44494,455
44495,487
44496,653
44497,451
44498,646
44499,651
44500,524
44501,600
44502,531
44503,576
44504,451
44505,433
44506,421
44507,540
44508,670
44509,567
44510,437
44511,645
44512,634
44513,454
44514,519
44515,465
44516,565
44517,609
44518,474
44519,533
44520,664
44521,573
44522,642
44523,488
44524,649
44525,430
44526,676
44527,437
44528,537
44529,475
44530,652
44531,478
44532,437
44533,562
44534,527
44535,557
44536,482
44537,616
44538,601
44539,677
44540,551
44541,425
44542,653
44543,650
44544,566
44545,539
44546,628
44547,472
44548,698
44549,635
44550,594
44551,487
44552,496
44553,565
44554,695
44555,602
44556,586
44557,674
44558,419
44559,472
44560,481
44561,695
44562,426
44563,540
44564,446
44565,511
44566,634
44567,550
44568,525
44569,406
44570,449
44571,465
44572,566
44573,651
44574,662
44575,595
44576,582
44577,663
44578,687
44579,674
44580,517
44581,676
44582,531
44583,546
44584,428
44585,624
44586,538
44587,688
44588,680
44589,425
44590,691
44591,666
44592,685
44593,496
44594,537
44595,680
44596,495
44597,456
44598,522
44599,630
44600,689
44601,485
44602,450
44603,627
44604,405
44605,672
44606,401
44607,675
44608,490
44609,661
44610,641
44611,645
44612,478
44613,457
44614,624
44615,601
44616,405
44617,429
44618,550
44619,435
44620,509
44621,520
44622,640
44623,658
44624,489
44625,429
44626,636
44627,569
44628,548
44629,487
44630,403
44631,651
44632,450
44633,423
44634,445
44635,515
44636,426
44637,494
44638,498
44639,515
44640,675
44641,494
44642,598
44643,545
44644,554
44645,669
44646,675
44647,655
44648,444
44649,400
44650,546
44651,694
44652,554
44653,455
44654,625
44655,406
44656,419
44657,558
44658,478
44659,400
44660,628
44661,612
44662,682
44663,647
44664,518
44665,626
44666,423
44667,589
44668,456
44669,488
44670,674
44671,508
44672,540
44673,684
44674,643
44675,473
44676,661
44677,575
44678,629
44679,475
44680,582
44681,673
44682,676
44683,626
44684,564
44685,674
44686,616
44687,589
44688,417
44689,631
44690,583
44691,505
44692,642
44693,452
44694,625
44695,601
44696,485
44697,449
44698,659
44699,594
44700,647
44701,455
44702,576
44703,549
44704,412
44705,688
44706,463
44707,504
44708,638
44709,433
44710,438
44711,624
44712,528
44713,532
44714,439
44715,620
44716,493
44717,498
44718,459
44719,528
44720,531
44721,468
44722,413
44723,550
44724,573
44725,691
44726,595
44727,431
44728,472
44729,593
44730,449
44731,456
44732,516
44733,591
44734,616
44735,510
44736,488
44737,556
44738,468
44739,669
44740,624
44741,404
44742,642
44743,517
44744,571
44745,542
44746,656
44747,477
44748,456
44749,419
44750,413
44751,605
44752,636
44753,580
44754,690
44755,588
44756,546
44757,441
44758,400
44759,503
44760,654
44761,608
44762,617
44763,477
44764,450
44765,687
44766,499
44767,611
44768,636
44769,694
44770,556
44771,697
44772,413
44773,515
44774,538
44775,474
44776,423
44777,576
44778,454
44779,612
44780,562
44781,699
44782,563
44783,488
44784,414
44785,521
44786,577
44787,668
44788,504
44789,558
44790,404
44791,540
44792,568
44793,416
44794,431
44795,404
44796,536
44797,506
44798,561
44799,656
44800,567
44801,687
44802,644
44803,512
44804,577
44805,589
44806,410
44807,422
44808,518
44809,681
44810,468
44811,533
44812,652
44813,450
44814,442
44815,540
44816,424
44817,669
44818,503
44819,694
44820,552
44821,560
44822,682
44823,444
44824,686
44825,565
44826,606
44827,507
44828,464
44829,666
44830,584
44831,623
44832,552
44833,688
44834,684
44835,585
44836,625
44837,599
44838,410
44839,676
44840,402
44841,677
44842,461
44843,404
44844,408
44845,457
44846,679
44847,637
44848,526
44849,636
44850,618
44851,577
44852,548
44853,437
44854,517
44855,496
44856,416
44857,678
44858,553
44859,493
44860,574
44861,428
44862,433
44863,409
44864,675
44865,689
44866,500
44867,540
44868,486
44869,527
44870,605
44871,488
44872,481
44873,611
44874,518
44875,535
44876,660
44877,675
44878,607
44879,642
44880,499
44881,514
44882,415
44883,403
44884,665
44885,447
44886,622
44887,603
44888,419
44889,687
44890,593
44891,410
44892,419
44893,678
44894,434
44895,665
44896,631
44897,437
44898,482
44899,431
44900,453
44901,624
44902,506
44903,424
44904,444
44905,517
44906,693
44907,524
44908,435
44909,566
44910,668
44911,593
44912,523
44913,670
44914,457
44915,458
44916,616
44917,468
44918,643
44919,502
44920,404
44921,698
44922,663
44923,640
44924,621
44925,628
44926,431
44927,423
44928,586
44929,527
44930,511
44931,693
44932,548
44933,550
44934,573
44935,596
44936,654
44937,567
44938,481
44939,469
44940,412
44941,518
44942,611
44943,501
44944,676
44945,595
44946,476
44947,604
44948,628
44949,588
44950,498
44951,617
44952,593
44953,442
44954,523
44955,419
44956,567
44957,445
44958,622
44959,478
44960,569
44961,645
44962,670
44963,498
44964,540
44965,508
44966,536
44967,520
44968,498
44969,465
44970,543
44971,509
44972,529
44973,656
44974,609
44975,645
44976,553
44977,532
44978,420
44979,434
44980,623
44981,523
44982,639
44983,699
44984,403
44985,522
44986,441
44987,568
44988,679
44989,624
44990,584
44991,410
44992,572
44993,495
44994,677
44995,538
44996,565
44997,586
44998,485
44999,630
45000,537
45001,418
45002,555
45003,494
45004,416
45005,679
45006,660
45007,559
45008,480
45009,584
45010,612
45011,566
45012,605
45013,660
45014,673
45015,635
45016,642
45017,619
45018,469
45019,612
45020,686
45021,625
45022,668
45023,678
45024,648
45025,595
45026,429
45027,530
45028,411
45029,415
45030,516
45031,548
45032,508
45033,635
45034,404
45035,579
45036,400
45037,407
45038,543
45039,542
45040,674
45041,552
45042,686
45043,529
45044,520
45045,458
45046,616
45047,430
45048,643
45049,539
45050,612
45051,428
45052,563
45053,503
45054,462
45055,414
45056,685
45057,578
45058,410
45059,412
45060,614
45061,625
45062,462
45063,654
45064,529
45065,662
45066,570
45067,589
45068,683
45069,424
45070,559
45071,616
45072,575
45073,620
45074,679
45075,480
45076,524
45077,569
45078,469
45079,477
45080,489
45081,510
45082,563
45083,527
45084,554
45085,593
45086,572
45087,699
45088,420
45089,508
45090,528
45091,679
45092,426
45093,491
45094,694
45095,454
45096,595
45097,620
45098,555
45099,500
45100,635
45101,684
45102,468
45103,666
45104,537
45105,647
45106,502
45107,507
45108,599
45109,614
45110,554
45111,486
45112,608
45113,577
45114,473
45115,657
45116,672
45117,423
45118,470
45119,482
45120,691
45121,409
45122,442
45123,450
45124,606
45125,506
45126,658
45127,593
45128,634
45129,562
45130,468
45131,691
45132,656
45133,584
45134,654
45135,515
45136,413
45137,614
45138,492
45139,633
45140,579
45141,453
45142,429
45143,411
45144,510
45145,511
45146,568
45147,503
45148,410
45149,671
45150,413
45151,574
45152,557
45153,509
45154,551
45155,633
45156,540
45157,518
45158,408
45159,576
45160,448
45161,697
45162,548
45163,556
45164,491
45165,551
45166,569
45167,483
45168,447
45169,616
45170,476
45171,442
45172,663
45173,462
45174,644
45175,519
45176,661
45177,649
45178,451
45179,676
45180,541
45181,650
45182,624
45183,552
45184,455
45185,408
45186,640
45187,563
45188,532
45189,480
45190,534
45191,533
45192,451
45193,601
45194,597
45195,505
45196,643
45197,632
45198,413
45199,624
45200,610
45201,600
45202,564
45203,448
45204,532
45205,469
45206,518
45207,538
45208,642
45209,580
45210,582
45211,449
45212,580
45213,524
45214,630
45215,402
45216,572
45217,480
45218,674
45219,618
45220,539
45221,462
45222,426
45223,595
45224,551
45225,651
45226,647
45227,553
45228,609
45229,421
45230,469
45231,418
45232,500
45233,561
45234,538
45235,487
45236,436
45237,570
45238,659
45239,670
45240,654
45241,539
45242,467
45243,467
45244,568
45245,504
45246,457
45247,586
45248,455
45249,403
45250,684
45251,416
45252,636
45253,649
45254,423
45255,699
45256,515
45257,637
45258,568
45259,687
45260,640
45261,697
45262,689
45263,650
45264,564
45265,540
45266,519
45267,560
45268,504
45269,491
45270,603
45271,439
45272,453
45273,488
45274,534
45275,401
45276,496
45277,455
45278,523
45279,584
45280,524
45281,663
45282,590
45283,614
45284,620
45285,598
45286,573
45287,616
45288,605
45289,466
45290,573
45291,477
45292,441
45293,463
45294,598
45295,489
45296,406
45297,662
45298,521
45299,563
45300,515
45301,412
45302,419
45303,600
45304,653
45305,485
45306,579
45307,636
45308,460
45309,614
45310,614
45311,489
45312,495
45313,460
45314,455
45315,619
45316,493
45317,439
45318,647
45319,616
45320,553
45321,461
45322,639
45323,589
45324,545
45325,409
45326,691
45327,529
45328,459
45329,574
45330,472
45331,638
45332,578
45333,466
45334,480
45335,476
45336,647
45337,594
45338,467
45339,455
45340,498
45341,669
45342,475
45343,465
45344,432
45345,668
45346,429
45347,425
45348,609
45349,668
45350,522
45351,432
45352,542
45353,544
45354,661
45355,404
45356,560
45357,543
45358,551
45359,404
45360,594
45361,524
45362,475
45363,568
45364,616
45365,582
45366,512
45367,675
45368,577
45369,524
45370,690
45371,598
45372,537
45373,617
45374,696
45375,567
45376,533
45377,560
45378,671
45379,679
45380,647
45381,621
45382,571
45383,658
45384,655
45385,567
45386,519
45387,418
45388,695
45389,646
45390,604
45391,466
45392,584
45393,507
45394,564
45395,520
45396,483
45397,660
45398,506
45399,522
45400,472
45401,553
45402,688
45403,496
45404,691
45405,677
45406,653
45407,481
45408,416
45409,699
45410,579
45411,615
45412,421
45413,635
45414,610
45415,685
45416,606
45417,654
45418,410
45419,433
45420,520
45421,635
45422,582
45423,477
45424,522
45425,675
45426,607
45427,585
45428,416
45429,689
45430,653
45431,498
45432,546
45433,513
45434,496
45435,569
45436,598
45437,576
45438,523
45439,556
45440,494
45441,685
45442,498
45443,634
45444,589
45445,693
45446,672
45447,417
45448,573
45449,519
45450,655
45451,495
45452,430
45453,496
45454,592
45455,632
45456,445
45457,690
45458,635
45459,448
45460,561
45461,684
45462,533
45463,656
45464,582
45465,426
45466,539
45467,659
45468,479
45469,579
45470,666
45471,451
45472,483
45473,555
45474,503
45475,496
45476,524
45477,582
45478,453
45479,563
45480,548
45481,689
45482,486
45483,561
45484,567
45485,534
45486,489
45487,480
45488,630
45489,488
45490,692
45491,401
45492,621
45493,416
45494,595
45495,519
45496,641
45497,573
45498,431
45499,674
45500,594
45501,403
45502,680
45503,420
45504,637
45505,492
45506,488
45507,512
45508,620
45509,497
45510,541
45511,549
45512,447
45513,450
45514,607
45515,410
45516,669
45517,662
45518,596
45519,585
45520,695
45521,620
45522,480
45523,621
45524,569
45525,485
45526,443
45527,660
45528,503
45529,683
45530,627
45531,587
45532,520
45533,548
45534,456
45535,588
45536,437
45537,600
45538,628
45539,530
45540,570
45541,434
45542,600
45543,567
45544,645
45545,623
45546,457
45547,689
45548,424
45549,431
45550,509
45551,500
45552,549
45553,592
45554,508
45555,676
45556,632
45557,420
45558,651
45559,413
45560,614
45561,423
45562,419
45563,601
45564,451
45565,585
45566,606
45567,494
45568,665
45569,414
45570,574
45571,618
45572,409
45573,418
45574,467
45575,677
45576,693
45577,414
45578,513
45579,699
45580,557
45581,503
45582,679
45583,485
45584,493
45585,573
45586,641
45587,661
45588,693
45589,681
45590,546
45591,401
45592,467
45593,468
45594,446
45595,463
45596,479
45597,653
45598,636
45599,538
45600,663
45601,553
45602,531
45603,625
45604,491
45605,517
45606,525
45607,626
45608,578
45609,484
45610,563
45611,629
45612,605
45613,503
45614,513
45615,587
45616,670
45617,450
45618,621
45619,510
45620,454
45621,411
45622,589
45623,554
45624,664
45625,503
45626,562
45627,540
45628,636
45629,443
45630,638
45631,496
45632,497
45633,452
45634,508
45635,656
45636,410
45637,577
45638,693
45639,424
45640,525
45641,665
45642,532
45643,677
45644,441
45645,500
45646,683
45647,676
45648,538
45649,620
45650,468
45651,692
45652,576
45653,596
45654,432
45655,627
45656,535
45657,533
45658,542
45659,644
45660,536
45661,460
45662,455
45663,532
45664,607
45665,525
45666,522
45667,630
45668,434
45669,665
45670,490
45671,420
45672,539
45673,664
45674,519
45675,620
45676,422
45677,438
45678,634
45679,640
45680,527
45681,421
45682,454
45683,446
45684,633
45685,426
45686,447
45687,566
45688,670
45689,480
45690,517
45691,444
45692,674
45693,580
45694,631
45695,485
45696,504
45697,642
45698,576
45699,633
45700,477
45701,525
45702,588
45703,459
45704,619
45705,475
45706,490
45707,515
45708,679
45709,566
45710,525
45711,632
45712,513
45713,499
45714,550
45715,471
45716,566
45717,471
45718,410
45719,697
45720,628
45721,525
45722,552
45723,561
45724,677
45725,578
45726,543
45727,538
45728,605
45729,495
45730,613
45731,468
45732,418
45733,500
45734,480
45735,582
45736,417
45737,554
45738,528
45739,560
45740,518
45741,572
45742,552
45743,419
45744,433
45745,459
45746,557
45747,605
45748,492
45749,617
45750,488
45751,572
45752,439
45753,602
45754,620
45755,446
45756,642
45757,487
45758,556
45759,561
45760,419
45761,547
45762,600
45763,550
45764,499
45765,646
45766,512
45767,618
45768,424
45769,688
45770,502
45771,478
45772,415
45773,458
45774,593
45775,524
45776,431
45777,577
45778,618
45779,499
45780,502
45781,517
45782,642
45783,518
45784,406
45785,409
45786,680
45787,441
45788,446
45789,495
45790,645
45791,623
45792,513
45793,431
45794,552
45795,616
45796,645
45797,671
45798,660
45799,406
45800,604
45801,663
45802,688
45803,601
45804,515
45805,611
45806,559
45807,528
45808,547
45809,477
45810,661
45811,451
45812,657
45813,620
45814,438
45815,647
45816,687
45817,653
45818,515
45819,596
45820,613
45821,491
45822,431
45823,492
45824,631
45825,530
45826,622
45827,412
45828,420
45829,413
45830,506
45831,527
45832,431
45833,568
45834,687
45835,480
45836,581
45837,589
45838,654
45839,698
45840,565
45841,655
45842,597
45843,612
45844,444
45845,412
45846,451
45847,664
45848,442
45849,406
45850,629
45851,443
45852,571
45853,501
45854,622
45855,467
45856,521
45857,476
45858,699
45859,695
45860,604
45861,570
45862,617
45863,592
45864,552
45865,440
45866,422
45867,585
45868,615
45869,442
45870,512
45871,630
45872,509
45873,537
45874,504
45875,539
45876,654
45877,474
45878,632
45879,611
45880,457
45881,437
45882,661
45883,611
45884,537
45885,681
45886,457
45887,672
45888,452
45889,605
45890,404
45891,506
45892,642
45893,547
45894,578
45895,573
45896,538
45897,574
45898,652
45899,649
45900,535
45901,421
45902,437
45903,426
45904,681
45905,678
45906,519
45907,652
45908,464
45909,473
45910,573
45911,659
45912,684
45913,472
45914,478
45915,443
45916,632
45917,402
45918,478
45919,580
45920,538
45921,406
45922,612
45923,400
45924,583
45925,650
45926,614
45927,476
45928,442
45929,556
45930,417
45931,619
45932,472
45933,589
45934,661
45935,543
45936,528
45937,677
45938,589
45939,550
45940,494
45941,437
45942,555
45943,699
45944,441
45945,525
45946,476
45947,495
45948,662
45949,624
45950,510
45951,637
45952,604
45953,687
45954,662
45955,475
45956,542
45957,484
45958,651
45959,631
45960,694
45961,529
45962,684
45963,428
45964,627
45965,693
45966,406
45967,429
45968,614
45969,514
45970,614
45971,563
45972,569
45973,620
45974,659
45975,611
45976,660
45977,529
45978,504
45979,453
45980,507
45981,688
45982,654
45983,677
45984,446
45985,533
45986,423
45987,516
45988,638
45989,440
45990,649
45991,488
45992,491
45993,480
45994,529
45995,490
45996,499
45997,477
45998,442
45999,522
46000,687
46001,422
46002,543
46003,657
46004,406
46005,676
46006,585
46007,494
46008,424
46009,690
46010,626
46011,572
46012,534
46013,687
46014,468
46015,680
46016,630
46017,657
46018,572
46019,431
46020,599
46021,479
46022,474
46023,663
46024,484
46025,616
46026,520
46027,419
46028,548
46029,406
46030,485
46031,546
46032,586
46033,592
46034,681
46035,587
46036,417
46037,548
46038,445
46039,411
46040,629
46041,512
46042,559
46043,626
46044,582
46045,454
46046,665
46047,434
46048,479
46049,405
46050,526
46051,467
46052,589
46053,643
46054,408
46055,556
46056,470
46057,533
46058,699
46059,648
46060,443
46061,515
46062,627
46063,456
46064,643
46065,456
46066,542
46067,591
46068,406
46069,674
46070,533
46071,438
46072,592
46073,424
46074,501
46075,550
46076,616
46077,629
46078,666
46079,561
46080,686
46081,565
46082,646
46083,573
46084,408
46085,675
46086,458
46087,484
46088,549
46089,459
46090,524
46091,440
46092,572
46093,659
46094,572
46095,585
46096,640
46097,493
46098,462
46099,620
46100,407
46101,612
46102,608
46103,608
46104,484
46105,606
46106,552
46107,560
46108,515
46109,650
46110,582
46111,563
46112,479
46113,406
46114,486
46115,407
46116,435
46117,650
46118,499
46119,478
46120,685
46121,670
46122,620
46123,595
46124,625
46125,486
46126,457
46127,569
46128,496
46129,545
46130,417
46131,583
46132,542
46133,461
46134,562
46135,439
46136,578
46137,634
46138,459
46139,627
46140,638
46141,455
46142,633
46143,483
46144,602
46145,440
46146,416
46147,504
46148,424
46149,492
46150,614
46151,583
46152,616
46153,550
46154,657
46155,518
46156,533
46157,606
46158,662
46159,589
46160,557
46161,475
46162,451
46163,625
46164,493
46165,691
46166,690
46167,577
46168,505
46169,475
46170,403
46171,586
46172,419
46173,674
46174,535
46175,426
46176,535
46177,417
46178,684
46179,537
46180,631
46181,656
46182,618
46183,531
46184,655
46185,495
46186,673
46187,414
46188,578
46189,659
46190,487
46191,493
46192,427
46193,584
46194,474
46195,453
46196,446
46197,647
46198,633
46199,517
46200,659
46201,629
46202,689
46203,640
46204,581
46205,500
46206,647
46207,512
46208,620
46209,547
46210,695
46211,596
46212,468
46213,687
46214,423
46215,585
46216,569
46217,690
46218,431
46219,575
46220,576
46221,689
46222,543
46223,410
46224,546
46225,594
46226,475
46227,559
46228,499
46229,515
46230,482
46231,462
46232,531
46233,647
46234,530
46235,557
46236,615
46237,433
46238,697
46239,678
46240,695
46241,414
46242,514
46243,456
46244,541
46245,606
46246,539
46247,506
46248,690
46249,477
46250,401
46251,673
46252,434
46253,664
46254,617
46255,466
46256,468
46257,623
46258,693
46259,602
46260,480
46261,465
46262,696
46263,679
46264,660
46265,676
46266,405
46267,531
46268,664
46269,467
46270,525
46271,570
46272,428
46273,575
46274,691
46275,504
46276,444
46277,500
46278,625
46279,503
46280,661
46281,652
46282,564
46283,691
46284,611
46285,543
46286,635
46287,421
46288,468
46289,468
46290,645
46291,462
46292,636
46293,418
46294,630
46295,628
46296,526
46297,545
46298,513
46299,642
46300,544
46301,440
46302,560
46303,476
46304,567
46305,683
46306,509
46307,594
46308,627
46309,566
46310,420
46311,564
46312,529
46313,661
46314,451
46315,660
46316,574
46317,698
46318,495
46319,439
46320,608
46321,541
46322,657
46323,566
46324,590
46325,518
46326,545
46327,528
46328,544
46329,453
46330,521
46331,523
46332,566
46333,542
46334,421
46335,675
46336,698
46337,676
46338,514
46339,671
46340,567
46341,676
46342,663
46343,649
46344,654
46345,457
46346,404
46347,510
46348,685
46349,664
46350,648
46351,494
46352,696
46353,584
46354,628
46355,661
46356,518
46357,633
46358,681
46359,601
46360,661
46361,452
46362,560
46363,643
46364,493
46365,439
46366,679
46367,491
46368,437
46369,642
46370,535
46371,463
46372,600
46373,661
46374,574
46375,576
46376,484
46377,559
46378,581
46379,435
46380,498
46381,625
46382,436
46383,672
46384,671
46385,585
46386,448
46387,493
46388,625
46389,404
46390,573
46391,582
46392,472
46393,544
46394,551
46395,455
46396,582
46397,521
46398,643
46399,603
46400,478
46401,415
46402,525
46403,486
46404,677
46405,442
46406,478
46407,676
46408,663
46409,627
46410,524
46411,505
46412,629
46413,533
46414,480
46415,508
46416,574
46417,563
46418,524
46419,422
46420,461
46421,611
46422,651
46423,495
46424,608
46425,456
46426,633
46427,464
46428,692
46429,416
46430,534
46431,529
46432,436
46433,649
46434,456
46435,409
46436,480
46437,489
46438,519
46439,501
46440,426
46441,660
46442,460
46443,535
46444,496
46445,548
46446,626
46447,676
46448,627
46449,648
46450,657
46451,619
46452,635
46453,419
46454,537
46455,588
46456,504
46457,497
46458,669
46459,552
46460,617
46461,420
46462,671
46463,601
46464,559
46465,463
46466,483
46467,472
46468,459
46469,546
46470,446
46471,622
46472,557
46473,446
46474,688
46475,609
46476,420
46477,630
46478,697
46479,504
46480,525
46481,698
46482,467
46483,425
46484,560
46485,507
46486,688
46487,483
46488,440
46489,599
46490,435
46491,633
46492,641
46493,419
46494,551
46495,570
46496,615
46497,631
46498,415
46499,682
46500,564
46501,668
46502,578
46503,657
46504,475
46505,504
46506,486
46507,413
46508,685
46509,646
46510,640
46511,408
46512,423
46513,511
46514,696
46515,616
46516,627
46517,431
46518,676
46519,569
46520,630
46521,469
46522,510
46523,488
46524,401
46525,455
46526,557
46527,670
46528,673
46529,431
46530,669
46531,589
46532,609
46533,421
46534,413
46535,605
46536,433
46537,455
46538,639
46539,462
46540,479
46541,439
46542,693
46543,678
46544,655
46545,509
46546,447
46547,631
46548,481
46549,573
46550,512
46551,677
46552,439
46553,429
46554,654
46555,639
46556,582
46557,583
46558,441
46559,526
46560,481
46561,632
46562,591
46563,400
46564,606
46565,596
46566,682
46567,416
46568,568
46569,585
46570,521
46571,623
46572,526
46573,565
46574,521
46575,619
46576,678
46577,547
46578,691
46579,646
46580,587
46581,410
46582,683
46583,444
46584,523
46585,646
46586,558
46587,666
46588,691
46589,477
46590,690
46591,550
46592,684
46593,550
46594,523
46595,627
46596,671
46597,616
46598,546
46599,617
46600,495
46601,449
46602,442
46603,418
46604,512
46605,612
46606,417
46607,533
46608,690
46609,413
46610,463
46611,562
46612,657
46613,405
46614,520
46615,552
46616,577
46617,462
46618,657
46619,464
46620,586
46621,626
46622,598
46623,693
46624,650
46625,592
46626,518
46627,578
46628,451
46629,509
46630,623
46631,497
46632,447
46633,500
46634,639
46635,473
46636,437
46637,615
46638,535
46639,405
46640,646
46641,596
46642,510
46643,687
46644,437
46645,514
46646,584
46647,611
46648,654
46649,512
46650,669
46651,574
46652,418
46653,602
46654,525
46655,653
46656,654
46657,687
46658,691
46659,551
46660,598
46661,598
46662,574
46663,669
46664,579
46665,617
46666,517
46667,422
46668,524
46669,483
46670,598
46671,586
46672,491
46673,581
46674,626
46675,598
46676,634
46677,443
46678,475
46679,540
46680,581
46681,518
46682,439
46683,659
46684,643
46685,528
46686,405
46687,465
46688,618
46689,545
46690,633
46691,428
46692,560
46693,530
46694,547
46695,481
46696,482
46697,472
46698,613
46699,425
46700,689
46701,470
46702,576
46703,488
46704,576
46705,426
46706,688
46707,462
46708,418
46709,677
46710,466
46711,637
46712,536
46713,562
46714,692
46715,427
46716,655
46717,690
46718,511
46719,639
46720,642
46721,552
46722,664
46723,451
46724,664
46725,453
46726,532
46727,590
46728,523
46729,617
46730,470
46731,613
46732,432
46733,570
46734,690
46735,636
46736,501
46737,409
46738,440
46739,525
46740,672
46741,410
46742,594
46743,419
46744,672
46745,634
46746,626
46747,626
46748,671
46749,678
46750,523
46751,594
46752,470
46753,631
46754,572
46755,602
46756,432
46757,610
46758,581
46759,640
46760,450
46761,428
46762,405
46763,532
46764,495
46765,481
46766,676
46767,616
46768,679
46769,530
46770,485
46771,492
46772,470
46773,590
46774,613
46775,446
46776,617
46777,488
46778,674
46779,626
46780,616
46781,639
46782,569
46783,631
46784,507
46785,632
46786,569
46787,534
46788,530
46789,436
46790,658
46791,523
46792,662
46793,616
46794,569
46795,497
46796,585
46797,612
46798,631
46799,566
46800,560
46801,683
46802,583
46803,424
46804,541
46805,582
46806,483
46807,630
46808,622
46809,557
46810,584
46811,582
46812,484
46813,464
46814,451
46815,402
46816,476
46817,534
46818,469
46819,561
46820,495
46821,415
46822,629
46823,666
46824,405
46825,509
46826,542
46827,554
46828,606
46829,565
46830,659
46831,572
46832,520
46833,539
46834,567
46835,483
46836,593
46837,675
46838,667
46839,437
46840,641
46841,598
46842,697
46843,404
46844,502
46845,537
46846,692
46847,465
46848,466
46849,669
46850,446
46851,579
46852,467
46853,514
46854,425
46855,446
46856,606
46857,472
46858,658
46859,429
46860,402
46861,408
46862,407
46863,408
46864,551
46865,541
46866,673
46867,426
46868,470
46869,618
46870,689
46871,655
46872,502
46873,546
46874,557
46875,539
46876,542
46877,508
46878,463
46879,670
46880,585
46881,400
46882,406
46883,400
46884,660
46885,446
46886,665
46887,401
46888,422
46889,483
46890,603
46891,626
46892,651
46893,550
46894,646
46895,416
46896,401
46897,596
46898,668
46899,460
46900,666
46901,496
46902,682
46903,646
46904,434
46905,673
46906,467
46907,588
46908,440
46909,495
46910,570
46911,466
46912,518
46913,570
46914,585
46915,469
46916,644
46917,558
46918,683
46919,506
46920,435
46921,594
46922,667
46923,475
46924,679
46925,479
46926,497
46927,681
46928,517
46929,622
46930,651
46931,479
46932,569
46933,556
46934,401
46935,602
46936,657
46937,650
46938,545
46939,674
46940,418
46941,651
46942,683
46943,449
46944,536
46945,625
46946,620
46947,512
46948,548
46949,447
46950,457
46951,596
46952,624
46953,536
46954,594
46955,605
46956,417
46957,667
46958,614
46959,605
46960,523
46961,415
46962,564
46963,547
46964,675
46965,632
46966,424
46967,667
46968,694
46969,470
46970,599
46971,446
46972,424
46973,612
46974,432
46975,613
46976,610
46977,428
46978,658
46979,438
46980,659
46981,564
46982,494
46983,619
46984,667
46985,517
46986,465
46987,592
46988,434
46989,574
46990,511
46991,689
46992,479
46993,510
46994,491
46995,585
46996,440
46997,486
46998,623
46999,450
47000,525
47001,545
47002,440
47003,423
47004,683
47005,435
47006,676
47007,583
47008,553
47009,581
47010,699
47011,553
47012,549
47013,401
47014,696
47015,453
47016,645
47017,445
47018,474
47019,548
47020,402
47021,408
47022,401
47023,637
47024,427
47025,689
47026,580
47027,665
47028,482
47029,652
47030,657
47031,447
47032,533
47033,699
47034,598
47035,691
47036,535
47037,482
47038,665
47039,618
47040,418
47041,417
47042,578
47043,422
47044,643
47045,506
47046,530
47047,409
47048,598
47049,489
47050,543
47051,694
47052,508
47053,603
47054,443
47055,407
47056,552
47057,416
47058,636
47059,455
47060,443
47061,640
47062,438
47063,529
47064,497
47065,680
47066,479
47067,687
47068,633
47069,568
47070,478
47071,470
47072,662
47073,599
47074,610
47075,417
47076,672
47077,609
47078,516
47079,503
47080,476
47081,410
47082,450
47083,406
47084,436
47085,660
47086,461
47087,599
47088,489
47089,478
47090,454
47091,620
47092,491
47093,473
47094,455
47095,631
47096,578
47097,460
47098,516
47099,477
47100,635
47101,432
47102,454
47103,642
47104,673
47105,473
47106,420
47107,600
47108,553
47109,653
47110,606
47111,548
47112,582
47113,696
47114,660
47115,443
47116,543
47117,643
47118,404
47119,461
47120,425
47121,583
47122,435
47123,429
47124,468
47125,631
47126,575
47127,677
47128,432
47129,468
47130,654
47131,449
47132,422
47133,653
47134,563
47135,672
47136,580
47137,649
47138,636
47139,631
47140,521
47141,641
47142,533
47143,470
47144,678
47145,618
47146,584
47147,616
47148,680
47149,680
47150,524
47151,578
47152,434
47153,469
47154,577
47155,448
47156,467
47157,406
47158,493
47159,480
47160,649
47161,437
47162,444
47163,536
47164,628
47165,582
47166,603
47167,510
47168,467
47169,437
47170,597
47171,491
47172,663
47173,642
47174,515
47175,494
47176,612
47177,645
47178,572
47179,684
47180,478
47181,679
47182,548
47183,678
47184,625
47185,517
47186,472
47187,405
47188,421
47189,578
47190,595
47191,508
47192,584
47193,454
47194,628
47195,418
47196,615
47197,447
47198,559
47199,672
47200,495
47201,429
47202,520
47203,589
47204,551
47205,654
47206,590
47207,541
47208,645
47209,433
47210,586
47211,485
47212,560
47213,517
47214,510
47215,457
47216,417
47217,539
47218,593
47219,529
47220,611
47221,683
47222,519
47223,441
47224,402
47225,628
47226,628
47227,540
47228,456
47229,615
47230,530
47231,513
47232,590
47233,642
47234,693
47235,427
47236,425
47237,483
47238,601
47239,460
47240,584
47241,645
47242,400
47243,642
47244,431
47245,634
47246,416
47247,488
47248,451
47249,563
47250,431
47251,597
47252,600
47253,506
47254,695
47255,427
47256,686
47257,518
47258,430
47259,553
47260,659
47261,506
47262,650
47263,506
47264,516
47265,644
47266,478
47267,628
47268,422
47269,596
47270,587
47271,616
47272,646
47273,553
47274,594
47275,515
47276,595
47277,454
47278,574
47279,543
47280,616
47281,656
47282,526
47283,572
47284,493
47285,618
47286,451
47287,418
47288,636
47289,570
47290,674
47291,694
47292,559
47293,639
47294,464
47295,616
47296,446
47297,473
47298,563
47299,597
47300,547
47301,485
47302,408
47303,652
47304,631
47305,646
47306,400
47307,666
47308,504
47309,633
47310,656
47311,480
47312,522
47313,571
47314,672
47315,646
47316,593
47317,511
47318,422
47319,601
47320,505
47321,493
47322,424
47323,544
47324,418
47325,609
47326,481
47327,445
47328,434
47329,601
47330,422
47331,699
47332,664
47333,586
47334,697
47335,589
47336,639
47337,526
47338,690
47339,510
47340,442
47341,533
47342,412
47343,410
47344,501
47345,596
47346,454
47347,582
47348,418
47349,661
47350,408
47351,547
47352,424
47353,471
47354,456
47355,421
47356,435
47357,578
47358,467
47359,400
47360,447
47361,551
47362,596
47363,457
47364,447
47365,633
47366,587
47367,513
47368,489
47369,568
47370,576
47371,591
47372,532
47373,571
47374,417
47375,650
47376,511
47377,439
47378,501
47379,573
47380,595
47381,471
47382,581
47383,640
47384,688
47385,512
47386,562
47387,438
47388,634
47389,470
47390,618
47391,404
47392,640
47393,564
47394,400
47395,583
47396,407
47397,507
47398,584
47399,683
47400,553
47401,433
47402,421
47403,547
47404,550
47405,466
47406,477
47407,631
47408,438
47409,564
47410,498
47411,528
47412,418
47413,670
47414,400
47415,686
47416,579
47417,655
47418,573
47419,449
47420,419
47421,504
47422,589
47423,638
47424,442
47425,404
47426,647
47427,465
47428,650
47429,527
47430,584
47431,587
47432,582
47433,470
47434,465
47435,649
47436,554
47437,478
47438,418
47439,668
47440,444
47441,661
47442,621
47443,528
47444,505
47445,650
47446,520
47447,629
47448,680
47449,626
47450,674
47451,537
47452,572
47453,670
47454,614
47455,627
47456,506
47457,558
47458,535
47459,650
47460,429
47461,497
47462,496
47463,656
47464,671
47465,410
47466,567
47467,610
47468,571
47469,519
47470,584
47471,438
47472,656
47473,678
47474,629
47475,514
47476,490
47477,460
47478,502
47479,614
47480,501
47481,542
47482,489
47483,517
47484,538
47485,639
47486,535
47487,404
47488,608
47489,486
47490,676
47491,520
47492,644
47493,489
47494,539
47495,511
47496,639
47497,671
47498,542
47499,606
47500,518
47501,483
47502,650
47503,677
47504,562
47505,541
47506,430
47507,490
47508,527
47509,666
47510,435
47511,679
47512,612
47513,632
47514,627
47515,697
47516,636
47517,420
47518,495
47519,450
47520,461
47521,552
47522,623
47523,541
47524,440
47525,565
47526,589
47527,696
47528,444
47529,607
47530,495
47531,674
47532,692
47533,634
47534,606
47535,425
47536,606
47537,540
47538,486
47539,497
47540,422
47541,649
47542,649
47543,547
47544,453
47545,438
47546,617
47547,636
47548,676
47549,624
47550,543
47551,687
47552,610
47553,553
47554,658
47555,626
47556,481
47557,487
47558,403
47559,572
47560,431
47561,633
47562,625
47563,605
47564,501
47565,457
47566,668
47567,549
47568,651
47569,443
47570,429
47571,411
47572,413
47573,691
47574,444
47575,599
47576,423
47577,650
47578,518
47579,477
47580,641
47581,602
47582,636
47583,693
47584,486
47585,609
47586,675
47587,496
47588,401
47589,628
47590,642
47591,657
47592,441
47593,612
47594,695
47595,402
47596,415
47597,678
47598,501
47599,476
47600,601
47601,454
47602,608
47603,480
47604,643
47605,634
47606,513
47607,466
47608,696
47609,439
47610,620
47611,502
47612,694
47613,452
47614,695
47615,451
47616,436
47617,466
47618,561
47619,605
47620,451
47621,608
47622,401
47623,528
47624,577
47625,563
47626,421
47627,626
47628,481
47629,563
47630,402
47631,571
47632,517
47633,543
47634,651
47635,665
47636,569
47637,612
47638,680
47639,626
47640,661
47641,654
47642,407
47643,440
47644,656
47645,530
47646,451
47647,501
47648,618
47649,643
47650,674
47651,469
47652,446
47653,516
47654,477
47655,404
47656,653
47657,506
47658,643
47659,572
47660,435
47661,572
47662,579
47663,666
47664,654
47665,472
47666,456
47667,465
47668,531
47669,659
47670,523
47671,491
47672,673
47673,540
47674,631
47675,469
47676,574
47677,485
47678,652
47679,429
47680,554
47681,599
47682,555
47683,644
47684,419
47685,602
47686,551
47687,476
47688,571
47689,649
47690,585
47691,527
47692,410
47693,641
47694,580
47695,664
47696,594
47697,645
47698,499
47699,451
47700,474
47701,532
47702,655
47703,608
47704,542
47705,467
47706,453
47707,666
47708,641
47709,446
47710,514
47711,595
47712,693
47713,529
47714,444
47715,554
47716,481
47717,666
47718,556
47719,424
47720,581
47721,573
47722,696
47723,440
47724,687
47725,448
47726,661
47727,643
47728,456
47729,405
47730,446
47731,462
47732,466
47733,582
47734,561
47735,696
47736,504
47737,662
47738,456
47739,415
47740,458
47741,565
47742,649
47743,433
47744,445
47745,698
47746,446
47747,651
47748,565
47749,531
47750,469
47751,459
47752,604
47753,637
47754,505
47755,583
47756,406
47757,430
47758,615
47759,697
47760,685
47761,525
47762,450
47763,589
47764,450
47765,631
47766,577
47767,557
47768,546
47769,650
47770,531
47771,636
47772,411
47773,542
47774,517
47775,460
47776,580
47777,664
47778,428
47779,662
47780,599
47781,504
47782,478
47783,543
47784,598
47785,505
47786,488
47787,665
47788,650
47789,551
47790,595
47791,525
47792,442
47793,572
47794,453
47795,652
47796,698
47797,595
47798,692
47799,616
47800,568
47801,621
47802,527
47803,415
47804,436
47805,695
47806,624
47807,513
47808,421
47809,698
47810,461
47811,581
47812,684
47813,415
47814,676
47815,536
47816,682
47817,526
47818,485
47819,606
47820,550
47821,450
47822,630
47823,479
47824,530
47825,535
47826,569
47827,562
47828,598
47829,626
47830,447
47831,652
47832,502
47833,435
47834,405
47835,598
47836,411
47837,502
47838,586
47839,577
47840,570
47841,576
47842,488
47843,603
47844,610
47845,612
47846,420
47847,487
47848,412
47849,519
47850,577
47851,528
47852,450
47853,441
47854,494
47855,641
47856,460
47857,627
47858,676
47859,417
47860,643
47861,446
47862,417
47863,600
47864,652
47865,591
47866,448
47867,493
47868,636
47869,621
47870,566
47871,653
47872,456
47873,405
47874,637
47875,620
47876,623
47877,477
47878,419
47879,664
47880,603
47881,541
47882,479
47883,609
47884,655
47885,439
47886,601
47887,485
47888,442
47889,635
47890,469
47891,530
47892,531
47893,647
47894,554
47895,629
47896,488
47897,628
47898,426
47899,637
47900,574
47901,691
47902,460
47903,569
47904,662
47905,515
47906,574
47907,620
47908,527
47909,404
47910,585
47911,571
47912,598
47913,630
47914,687
47915,514
47916,410
47917,503
47918,574
47919,519
47920,636
47921,635
47922,437
47923,671
47924,650
47925,426
47926,522
47927,555
47928,616
47929,593
47930,560
47931,527
47932,577
47933,525
47934,573
47935,434
47936,638
47937,440
47938,585
47939,582
47940,660
47941,433
47942,586
47943,536
47944,601
47945,542
47946,508
47947,556
47948,654
47949,580
47950,618
47951,427
47952,550
47953,499
47954,402
47955,432
47956,598
47957,468
47958,489
47959,416
47960,433
47961,663
47962,459
47963,583
47964,598
47965,640
47966,631
47967,610
47968,451
47969,518
47970,614
47971,548
47972,575
47973,668
47974,404
47975,515
47976,602
47977,436
47978,453
47979,687
47980,683
47981,485
47982,444
47983,683
47984,469
47985,441
47986,671
47987,540
47988,458
47989,639
47990,446
47991,566
47992,509
47993,525
47994,698
47995,508
47996,564
47997,658
47998,475
47999,406
48000,585
48001,675
48002,478
48003,464
48004,514
48005,601
48006,541
48007,497
48008,616
48009,473
48010,692
48011,533
48012,661
48013,683
48014,501
48015,605
48016,540
48017,412
48018,648
48019,522
48020,409
48021,479
48022,566
48023,498
48024,606
48025,550
48026,436
48027,663
48028,404
48029,625
48030,426
48031,523
48032,698
48033,434
48034,636
48035,501
48036,476
48037,481
48038,545
48039,592
48040,623
48041,452
48042,484
48043,528
48044,610
48045,663
48046,582
48047,671
48048,626
48049,411
48050,492
48051,589
48052,485
48053,676
48054,692
48055,660
48056,597
48057,409
48058,487
48059,436
48060,622
48061,574
48062,608
48063,448
48064,423
48065,505
48066,662
48067,605
48068,568
48069,557
48070,640
48071,522
48072,419
48073,455
48074,679
48075,507
48076,539
48077,490
48078,670
48079,609
48080,575
48081,460
48082,683
48083,402
48084,671
48085,563
48086,408
48087,411
48088,473
48089,637
48090,699
48091,507
48092,412
48093,633
48094,644
48095,491
48096,597
48097,515
48098,530
48099,552
48100,520
48101,507
48102,415
48103,698
48104,455
48105,502
48106,607
48107,550
48108,661
48109,442
48110,699
48111,517
48112,678
48113,543
48114,627
48115,603
48116,628
48117,664
48118,536
48119,639
48120,585
48121,550
48122,690
48123,509
48124,439
48125,541
48126,412
48127,452
48128,479
48129,632
48130,438
48131,626
48132,520
48133,464
48134,695
48135,604
48136,534
48137,444
48138,677
48139,534
48140,451
48141,628
48142,467
48143,597
48144,466
48145,402
48146,457
48147,655
48148,664
48149,415
48150,667
48151,501
48152,686
48153,621
48154,420
48155,420
48156,491
48157,683
48158,532
48159,574
48160,612
48161,547
48162,631
48163,564
48164,544
48165,697
48166,622
48167,461
48168,495
48169,511
48170,486
48171,654
48172,512
48173,653
48174,431
48175,463
48176,553
48177,404
48178,609
48179,491
48180,621
48181,589
48182,459
48183,604
48184,611
48185,657
48186,488
48187,635
48188,595
48189,582
48190,650
48191,623
48192,570
48193,597
48194,648
48195,580
48196,676
48197,674
48198,560
48199,647
48200,587
48201,418
48202,643
48203,512
48204,677
48205,450
48206,522
48207,637
48208,461
48209,473
48210,644
48211,431
48212,552
48213,543
48214,414
48215,673
48216,644
48217,678
48218,454
48219,441
48220,451
48221,410
48222,487
48223,626
48224,513
48225,424
48226,491
48227,486
48228,480
48229,649
48230,649
48231,609
48232,408
48233,498
48234,435
48235,456
48236,462
48237,675
48238,612
48239,419
48240,646
48241,405
48242,472
48243,506
48244,492
48245,684
48246,618
48247,448
48248,694
48249,687
48250,576
48251,698
48252,507
48253,683
48254,464
48255,453
48256,698
48257,429
48258,645
48259,609
48260,620
48261,569
48262,613
48263,468
48264,633
48265,414
48266,533
48267,605
48268,423
48269,484
48270,541
48271,539
48272,521
48273,699
48274,578
48275,607
48276,565
48277,440
48278,521
48279,443
48280,474
48281,671
48282,565
48283,649
48284,485
48285,536
48286,438
48287,486
48288,554
48289,559
48290,463
48291,622
48292,545
48293,603
48294,466
48295,404
48296,458
48297,475
48298,659
48299,647
48300,415
48301,474
48302,575
48303,535
48304,676
48305,681
48306,567
48307,429
48308,668
48309,400
48310,570
48311,528
48312,567
48313,460
48314,516
48315,522
48316,659
48317,625
48318,691
48319,585
48320,484
48321,617
48322,542
48323,489
48324,667
48325,475
48326,468
48327,697
48328,559
48329,407
48330,618
48331,487
48332,540
48333,428
48334,412
48335,462
48336,574
48337,615
48338,634
48339,486
48340,473
48341,693
48342,468
48343,468
48344,622
48345,684
48346,521
48347,662
48348,620
48349,563
48350,662
48351,491
48352,665
48353,473
48354,489
48355,695
48356,528
48357,448
48358,485
48359,543
48360,534
48361,514
48362,676
48363,465
48364,586
48365,600
48366,537
48367,451
48368,612
48369,557
48370,689
48371,605
48372,535
48373,474
48374,468
48375,448
48376,601
48377,461
48378,566
48379,604
48380,548
48381,520
48382,496
48383,452
48384,408
48385,650
48386,523
48387,521
48388,598
48389,494
48390,429
48391,491
48392,483
48393,414
48394,542
48395,608
48396,422
48397,543
48398,486
48399,592
48400,572
48401,662
48402,694
48403,449
48404,447
48405,448
48406,567
48407,566
48408,481
48409,462
48410,627
48411,613
48412,529
48413,553
48414,641
48415,495
48416,631
48417,637
48418,417
48419,645
48420,459
48421,529
48422,448
48423,565
48424,567
48425,652
48426,463
48427,432
48428,457
48429,463
48430,524
48431,460
48432,648
48433,537
48434,465
48435,578
48436,685
48437,680
48438,570
48439,642
48440,519
48441,591
48442,586
48443,626
48444,665
48445,591
48446,639
48447,493
48448,525
48449,498
48450,642
48451,419
48452,516
48453,498
48454,554
48455,584
48456,402
48457,556
48458,574
48459,468
48460,420
48461,697
48462,517
48463,676
48464,529
48465,605
48466,596
48467,534
48468,602
48469,434
48470,429
48471,656
48472,581
48473,607
48474,528
48475,462
48476,476
48477,414
48478,458
48479,550
48480,507
48481,506
48482,538
48483,679
48484,471
48485,510
48486,625
48487,505
48488,558
48489,549
48490,413
48491,404
48492,526
48493,672
48494,610
48495,616
48496,478
48497,492
48498,637
48499,633
48500,576
48501,654
48502,531
48503,664
48504,691
48505,578
48506,545
48507,542
48508,419
48509,457
48510,695
48511,465
48512,412
48513,461
48514,445
48515,492
48516,622
48517,422
48518,466
48519,513
48520,605
48521,465
48522,449
48523,540
48524,657
48525,433
48526,695
48527,652
48528,468
48529,588
48530,552
48531,602
48532,476
48533,590
48534,427
48535,612
48536,455
48537,511
48538,642
48539,553
48540,554
48541,681
48542,670
48543,449
48544,467
48545,531
48546,557
48547,664
48548,569
48549,669
48550,619
48551,439
48552,688
48553,478
48554,638
48555,459
48556,636
48557,475
48558,438
48559,598
48560,504
48561,469
48562,681
48563,457
48564,578
48565,621
48566,543
48567,426
48568,560
48569,550
48570,572
48571,610
48572,421
48573,697
48574,432
48575,508
48576,446
48577,495
48578,524
48579,694
48580,424
48581,481
48582,457
48583,425
48584,696
48585,443
48586,484
48587,421
48588,625
48589,436
48590,500
48591,541
48592,403
48593,423
48594,590
48595,668
48596,426
48597,480
48598,520
48599,468
48600,471
48601,645
48602,645
48603,652
48604,472
48605,673
48606,415
48607,578
48608,439
48609,438
48610,455
48611,632
48612,453
48613,571
48614,588
48615,442
48616,403
48617,660
48618,457
48619,436
48620,634
48621,664
48622,414
48623,487
48624,498
48625,504
48626,616
48627,590
48628,614
48629,597
48630,504
48631,426
48632,581
48633,482
48634,558
48635,629
48636,634
48637,687
48638,417
48639,683
48640,470
48641,614
48642,516
48643,499
48644,487
48645,552
48646,694
48647,576
48648,531
48649,521
48650,610
48651,467
48652,456
48653,412
48654,592
48655,462
48656,552
48657,422
48658,429
48659,588
48660,508
48661,459
48662,465
48663,565
48664,540
48665,451
48666,579
48667,431
48668,613
48669,664
48670,416
48671,525
48672,481
48673,439
48674,503
48675,618
48676,581
48677,555
48678,577
48679,417
48680,540
48681,560
48682,613
48683,621
48684,661
48685,444
48686,586
48687,640
48688,624
48689,447
48690,510
48691,482
48692,503
48693,473
48694,454
48695,401
48696,641
48697,657
48698,409
48699,475
48700,657
48701,520
48702,614
48703,644
48704,579
48705,699
48706,689
48707,472
48708,608
48709,640
48710,572
48711,404
48712,616
48713,613
48714,437
48715,460
48716,494
48717,632
48718,676
48719,435
48720,400
48721,549
48722,614
48723,445
48724,464
48725,405
48726,480
48727,588
48728,550
48729,547
48730,427
48731,564
48732,534
48733,653
48734,611
48735,679
48736,479
48737,668
48738,414
48739,486
48740,622
48741,490
48742,665
48743,505
48744,652
48745,598
48746,455
48747,638
48748,617
48749,611
48750,588
48751,501
48752,542
48753,684
48754,469
48755,464
48756,597
48757,415
48758,662
48759,459
48760,409
48761,407
48762,489
48763,436
48764,483
48765,633
48766,649
48767,639
48768,503
48769,610
48770,624
48771,678
48772,565
48773,445
48774,401
48775,575
48776,672
48777,517
48778,671
48779,572
48780,551
48781,592
48782,491
48783,560
48784,505
48785,628
48786,502
48787,531
48788,656
48789,688
48790,500
48791,420
48792,648
48793,591
48794,472
48795,567
48796,461
48797,570
48798,520
48799,615
48800,573
48801,423
48802,537
48803,498
48804,456
48805,646
48806,571
48807,600
48808,506
48809,447
48810,685
48811,445
48812,519
48813,459
48814,546
48815,503
48816,467
48817,561
48818,614
48819,517
48820,636
48821,617
48822,523
48823,516
48824,662
48825,569
48826,595
48827,549
48828,645
48829,681
48830,590
48831,573
48832,480
48833,571
48834,563
48835,696
48836,510
48837,606
48838,469
48839,497
48840,404
48841,584
48842,603
48843,411
48844,638
48845,679
48846,514
48847,609
48848,532
48849,622
48850,580
48851,427
48852,592
48853,655
48854,510
48855,593
48856,523
48857,490
48858,535
48859,682
48860,628
48861,544
48862,641
48863,430
48864,660
48865,459
48866,488
48867,500
48868,697
48869,678
48870,520
48871,642
48872,476
48873,672
48874,457
48875,646
48876,495
48877,444
48878,690
48879,657
48880,658
48881,645
48882,639
48883,527
48884,601
48885,675
48886,606
48887,439
48888,455
48889,559
48890,495
48891,515
48892,611
48893,486
48894,667
48895,443
48896,482
48897,610
48898,408
48899,556
48900,588
48901,530
48902,614
48903,514
48904,522
48905,591
48906,547
48907,427
48908,523
48909,476
48910,474
48911,585
48912,438
48913,633
48914,647
48915,530
48916,404
48917,658
48918,644
48919,477
48920,514
48921,403
48922,530
48923,626
48924,527
48925,408
48926,517
48927,587
48928,538
48929,524
48930,622
48931,658
48932,466
48933,484
48934,461
48935,413
48936,521
48937,678
48938,522
48939,476
48940,671
48941,545
48942,668
48943,455
48944,617
48945,572
48946,439
48947,558
48948,431
48949,647
48950,528
48951,690
48952,435
48953,465
48954,684
48955,556
48956,442
48957,674
48958,520
48959,591
48960,430
48961,418
48962,684
48963,472
48964,475
48965,587
48966,578
48967,536
48968,561
48969,689
48970,446
48971,423
48972,683
48973,573
48974,661
48975,629
48976,590
48977,517
48978,452
48979,591
48980,459
48981,410
48982,659
48983,669
48984,540
48985,542
48986,512
48987,663
48988,410
48989,498
48990,422
48991,638
48992,508
48993,662
48994,559
48995,619
48996,571
48997,493
48998,521
48999,699
49000,596
49001,450
49002,419
49003,429
49004,699
49005,485
49006,629
49007,556
49008,580
49009,511
49010,538
49011,409
49012,690
49013,637
49014,531
49015,584
49016,694
49017,607
49018,649
49019,488
49020,435
49021,403
49022,633
49023,668
49024,469
49025,406
49026,555
49027,692
49028,685
49029,473
49030,411
49031,511
49032,429
49033,435
49034,629
49035,676
49036,505
49037,687
49038,649
49039,462
49040,443
49041,548
49042,445
49043,574
49044,553
49045,660
49046,532
49047,686
49048,555
49049,640
49050,526
49051,592
49052,668
49053,521
49054,545
49055,551
49056,556
49057,555
49058,501
49059,651
49060,666
49061,458
49062,504
49063,668
49064,446
49065,487
49066,570
49067,551
49068,575
49069,544
49070,621
49071,414
49072,537
49073,649
49074,549
49075,668
49076,480
49077,464
49078,541
49079,699
49080,646
49081,592
49082,682
49083,653
49084,572
49085,677
49086,689
49087,585
49088,623
49089,461
49090,483
49091,426
49092,530
49093,526
49094,410
49095,679
49096,684
49097,596
49098,624
49099,663
49100,674
49101,467
49102,632
49103,498
49104,621
49105,523
49106,501
49107,663
49108,629
49109,522
49110,626
49111,627
49112,552
49113,548
49114,408
49115,623
49116,422
49117,591
49118,626
49119,453
49120,491
49121,414
49122,578
49123,403
49124,500
49125,529
49126,406
49127,583
49128,434
49129,631
49130,553
49131,463
49132,646
49133,455
49134,628
49135,652
49136,692
49137,451
49138,414
49139,579
49140,476
49141,614
49142,622
49143,553
49144,444
49145,420
49146,480
49147,452
49148,556
49149,546
49150,581
49151,477
49152,518
49153,504
49154,401
49155,514
49156,431
49157,461
49158,496
49159,534
49160,497
49161,614
49162,483
49163,556
49164,506
49165,530
49166,421
49167,483
49168,488
49169,625
49170,505
49171,500
49172,695
49173,547
49174,629
49175,486
49176,410
49177,535
49178,492
49179,691
49180,552
49181,495
49182,461
49183,486
49184,610
49185,482
49186,626
49187,411
49188,552
49189,404
49190,475
49191,403
49192,482
49193,434
49194,641
49195,543
49196,479
49197,474
49198,698
49199,683
49200,614
49201,645
49202,637
49203,418
49204,473
49205,454
49206,482
49207,563
49208,566
49209,515
49210,696
49211,587
49212,654
49213,418
49214,403
49215,589
49216,680
49217,462
49218,668
49219,653
49220,514
49221,659
49222,401
49223,466
49224,685
49225,531
49226,447
49227,442
49228,492
49229,540
49230,446
49231,630
49232,623
49233,683
49234,436
49235,427
49236,557
49237,621
49238,408
49239,469
49240,465
49241,494
49242,580
49243,469
49244,633
49245,660
49246,419
49247,585
49248,463
49249,577
49250,634
49251,649
49252,694
49253,439
49254,686
49255,658
49256,639
49257,471
49258,429
49259,428
49260,486
49261,507
49262,429
49263,445
49264,536
49265,662
49266,462
49267,443
49268,650
49269,606
49270,458
49271,605
49272,483
49273,412
49274,636
49275,557
49276,503
49277,442
49278,578
49279,663
49280,642
49281,436
49282,649
49283,519
49284,591
49285,694
49286,461
49287,609
49288,694
49289,451
49290,609
49291,678
49292,601
49293,538
49294,418
49295,494
49296,529
49297,504
49298,596
49299,659
49300,438
49301,530
49302,553
49303,440
49304,521
49305,643
49306,644
49307,543
49308,585
49309,434
49310,610
49311,432
49312,558
49313,591
49314,562
49315,651
49316,438
49317,530
49318,495
49319,540
49320,669
49321,568
49322,674
49323,498
49324,460
49325,616
49326,476
49327,607
49328,444
49329,601
49330,609
49331,534
49332,421
49333,459
49334,697
49335,458
49336,630
49337,684
49338,582
49339,500
49340,513
49341,441
49342,428
49343,676
49344,496
49345,590
49346,437
49347,606
49348,593
49349,539
49350,688
49351,656
49352,624
49353,427
49354,589
49355,644
49356,448
49357,603
49358,514
49359,419
49360,484
49361,652
49362,451
49363,547
49364,585
49365,572
49366,513
49367,401
49368,433
49369,681
49370,560
49371,569
49372,493
49373,647
49374,407
49375,509
49376,431
49377,450
49378,567
49379,465
49380,430
49381,411
49382,686
49383,422
49384,560
49385,663
49386,589
49387,640
49388,479
49389,670
49390,503
49391,477
49392,411
49393,682
49394,510
49395,659
49396,595
49397,583
49398,545
49399,574
49400,599
49401,587
49402,505
49403,472
49404,671
49405,613
49406,585
49407,539
49408,566
49409,542
49410,471
49411,546
49412,500
49413,484
49414,694
49415,542
49416,594
49417,583
49418,466
49419,621
49420,661
49421,421
49422,565
49423,501
49424,509
49425,578
49426,566
49427,533
49428,429
49429,485
49430,408
49431,535
49432,689
49433,535
49434,539
49435,442
49436,504
49437,430
49438,569
49439,560
49440,674
49441,652
49442,618
49443,512
49444,619
49445,582
49446,659
49447,411
49448,645
49449,649
49450,457
49451,400
49452,602
49453,443
49454,494
49455,693
49456,408
49457,661
49458,652
49459,495
49460,529
49461,435
49462,504
49463,598
49464,690
49465,429
49466,492
49467,635
49468,594
49469,655
49470,430
49471,424
49472,400
49473,517
49474,564
49475,512
49476,594
49477,539
49478,419
49479,685
49480,630
49481,478
49482,527
49483,484
49484,463
49485,673
49486,687
49487,652
49488,493
49489,688
49490,549
49491,556
49492,615
49493,659
49494,499
49495,521
49496,531
49497,404
49498,632
49499,566
49500,456
49501,430
49502,406
49503,411
49504,409
49505,556
49506,612
49507,540
49508,526
49509,597
49510,536
49511,578
49512,487
49513,666
49514,563
49515,648
49516,400
49517,676
49518,571
49519,661
49520,541
49521,492
49522,528
49523,535
49524,510
49525,443
49526,610
49527,646
49528,631
49529,691
49530,569
49531,633
49532,407
49533,499
49534,652
49535,681
49536,690
49537,587
49538,522
49539,531
49540,635
49541,620
49542,461
49543,577
49544,619
49545,570
49546,481
49547,413
49548,669
49549,453
49550,530
49551,497
49552,600
49553,660
49554,620
49555,404
49556,516
49557,591
49558,515
49559,635
49560,450
49561,412
49562,617
49563,467
49564,630
49565,491
49566,503
49567,477
49568,501
49569,660
49570,625
49571,574
49572,487
49573,517
49574,679
49575,540
49576,512
49577,648
49578,488
49579,619
49580,450
49581,574
49582,608
49583,516
49584,690
49585,485
49586,534
49587,665
49588,619
49589,694
49590,585
49591,562
49592,526
49593,516
49594,536
49595,655
49596,663
49597,621
49598,549
49599,635
49600,567
49601,468
49602,608
49603,451
49604,666
49605,549
49606,412
49607,499
49608,572
49609,636
49610,474
49611,649
49612,477
49613,677
49614,641
49615,615
49616,619
49617,420
49618,491
49619,694
49620,499
49621,665
49622,567
49623,457
49624,488
49625,572
49626,544
49627,520
49628,644
49629,665
49630,461
49631,488
49632,471
49633,569
49634,572
49635,475
49636,557
49637,612
49638,408
49639,402
49640,569
49641,546
49642,405
49643,570
49644,479
49645,691
49646,623
49647,694
49648,442
49649,644
49650,449
49651,694
49652,529
49653,651
49654,564
49655,500
49656,674
49657,468
49658,443
49659,549
49660,534
49661,617
49662,547
49663,525
49664,648
49665,453
49666,622
49667,608
49668,543
49669,537
49670,624
49671,501
49672,498
49673,682
49674,490
49675,696
49676,603
49677,637
49678,496
49679,520
49680,516
49681,465
49682,530
49683,666
49684,491
49685,476
49686,637
49687,651
49688,626
49689,540
49690,453
49691,539
49692,545
49693,673
49694,544
49695,566
49696,485
49697,540
49698,444
49699,527
49700,516
49701,546
49702,546
49703,420
49704,423
49705,557
49706,447
49707,509
49708,458
49709,416
49710,454
49711,536
49712,476
49713,669
49714,579
49715,484
49716,699
49717,538
49718,569
49719,641
49720,463
49721,639
49722,494
49723,545
49724,448
49725,544
49726,658
49727,558
49728,616
49729,416
49730,480
49731,583
49732,682
49733,470
49734,489
49735,596
49736,529
49737,479
49738,602
49739,630
49740,486
49741,626
49742,405
49743,624
49744,545
49745,454
49746,466
49747,584
49748,546
49749,473
49750,538
49751,623
49752,631
49753,582
49754,495
49755,647
49756,531
49757,412
49758,469
49759,655
49760,587
49761,488
49762,553
49763,549
49764,531
49765,543
49766,646
49767,462
49768,569
49769,635
49770,688
49771,522
49772,669
49773,407
49774,617
49775,573
49776,525
49777,448
49778,635
49779,655
49780,515
49781,678
49782,484
49783,519
49784,449
49785,563
49786,547
49787,442
49788,535
49789,645
49790,617
49791,680
49792,633
49793,662
49794,514
49795,588
49796,596
49797,437
49798,411
49799,523
49800,443
49801,413
49802,451
49803,644
49804,579
49805,529
49806,499
49807,683
49808,510
49809,687
49810,491
49811,475
49812,604
49813,421
49814,569
49815,556
49816,621
49817,467
49818,560
49819,573
49820,437
49821,425
49822,653
49823,698
49824,682
49825,646
49826,410
49827,637
49828,506
49829,400
49830,410
49831,557
49832,487
49833,641
49834,531
49835,485
49836,509
49837,510
49838,607
49839,688
49840,473
49841,648
49842,507
49843,403
49844,614
49845,578
49846,554
49847,688
49848,624
49849,504
49850,483
49851,476
49852,602
49853,640
49854,687
49855,594
49856,604
49857,613
49858,418
49859,558
49860,611
49861,452
49862,487
49863,559
49864,408
49865,578
49866,482
49867,550
49868,424
49869,624
49870,593
49871,517
49872,647
49873,477
49874,551
49875,455
49876,658
49877,422
49878,561
49879,664
49880,481
49881,458
49882,465
49883,514
49884,690
49885,641
49886,508
49887,431
49888,612
49889,487
49890,461
49891,402
49892,661
49893,511
49894,411
49895,452
49896,547
49897,533
49898,483
49899,583
49900,568
49901,448
49902,507
49903,592
49904,613
49905,494
49906,430
49907,555
49908,411
49909,671
49910,624
49911,562
49912,443
49913,625
49914,652
49915,632
49916,658
49917,686
49918,579
49919,622
49920,515
49921,404
49922,660
49923,465
49924,414
49925,548
49926,500
49927,666
49928,617
49929,441
49930,465
49931,519
49932,644
49933,686
49934,447
49935,687
49936,654
49937,554
49938,660
49939,416
49940,602
49941,565
49942,447
49943,628
49944,612
49945,615
49946,568
49947,421
49948,674
49949,512
49950,602
49951,432
49952,488
49953,533
49954,410
49955,426
49956,430
49957,490
49958,568
49959,446
49960,478
49961,401
49962,419
49963,505
49964,694
49965,489
49966,537
49967,567
49968,540
49969,612
49970,699
49971,431
49972,429
49973,443
49974,434
49975,444
49976,537
49977,446
49978,584
49979,417
49980,584
49981,471
49982,522
49983,570
49984,476
49985,408
49986,600
49987,642
49988,468
49989,638
49990,410
49991,437
49992,409
49993,415
49994,642
49995,646
49996,441
49997,633
49998,443
49999,563
50000,549
50001,679
50002,603
50003,630
50004,690
50005,695
50006,421
50007,574
50008,641
50009,465
50010,493
50011,612
50012,640
50013,509
50014,446
50015,555
50016,479
50017,444
50018,594
50019,636
50020,610
50021,667
50022,482
50023,512
50024,666
50025,530
50026,455
50027,637
50028,425
50029,644
50030,608
50031,689
50032,582
50033,606
50034,603
50035,607
50036,471
50037,546
50038,603
50039,532
50040,681
50041,477
50042,496
50043,562
50044,595
50045,515
50046,560
50047,654
50048,469
50049,601
50050,435
50051,617
50052,596
50053,591
50054,676
50055,690
50056,485
50057,421
50058,533
50059,560
50060,694
50061,442
50062,440
50063,690
50064,679
50065,582
50066,651
50067,439
50068,486
50069,624
50070,684
50071,537
50072,537
50073,463
50074,516
50075,497
50076,545
50077,484
50078,450
50079,494
50080,677
50081,408
50082,488
50083,488
50084,618
50085,685
50086,560
50087,442
50088,645
50089,657
50090,558
50091,531
50092,446
50093,488
50094,444
50095,593
50096,405
50097,662
50098,595
50099,417
50100,696
50101,506
50102,468
50103,424
50104,455
50105,400
50106,582
50107,453
50108,480
50109,559
50110,625
50111,663
50112,508
50113,443
50114,600
50115,683
50116,546
50117,598
50118,633
50119,583
50120,434
50121,608
50122,462
50123,481
50124,662
50125,654
50126,438
50127,685
50128,422
50129,483
50130,605
50131,494
50132,462
50133,536
50134,550
50135,516
50136,590
50137,601
50138,649
50139,486
50140,473
50141,436
50142,524
50143,565
50144,400
50145,690
50146,470
50147,507
50148,485
50149,580
50150,424
50151,697
50152,550
50153,664
50154,602
50155,450
50156,619
50157,456
50158,481
50159,563
50160,668
50161,582
50162,579
50163,683
50164,485
50165,510
50166,557
50167,444
50168,437
50169,419
50170,496
50171,458
50172,623
50173,697
50174,588
50175,458
50176,407
50177,501
50178,420
50179,615
50180,630
50181,635
50182,550
50183,467
50184,445
50185,621
50186,639
50187,555
50188,494
50189,496
50190,482
50191,644
50192,462
50193,409
50194,488
50195,564
50196,685
50197,614
50198,471
50199,607
50200,538
50201,645
50202,528
50203,499
50204,410
50205,575
50206,549
50207,474
50208,498
50209,664
50210,642
50211,482
50212,692
50213,469
50214,627
50215,571
50216,530
50217,409
50218,455
50219,432
50220,643
50221,625
50222,627
50223,644
50224,502
50225,596
50226,608
50227,591
50228,526
50229,409
50230,465
50231,557
50232,655
50233,434
50234,566
50235,421
50236,466
50237,597
50238,499
50239,594
50240,499
50241,474
50242,416
50243,546
50244,649
50245,654
50246,587
50247,639
50248,575
50249,431
50250,521
50251,427
50252,588
50253,539
50254,670
50255,684
50256,668
50257,693
50258,585
50259,509
50260,654
50261,434
50262,621
50263,509
50264,660
50265,401
50266,633
50267,685
50268,498
50269,518
50270,409
50271,472
50272,608
50273,523
50274,437
50275,493
50276,632
50277,562
50278,539
50279,641
50280,569
50281,497
50282,466
50283,688
50284,503
50285,540
50286,602
50287,689
50288,536
50289,662
50290,505
50291,529
50292,660
50293,512
50294,515
50295,537
50296,560
50297,507
50298,647
50299,533
50300,413
50301,477
50302,670
50303,624
50304,520
50305,622
50306,608
50307,639
50308,420
50309,684
50310,492
50311,654
50312,561
50313,651
50314,664
50315,587
50316,511
50317,429
50318,672
50319,567
50320,495
50321,534
50322,437
50323,687
50324,468
50325,633
50326,466
50327,455
50328,675
50329,591
50330,519
50331,410
50332,545
50333,413
50334,433
50335,603
50336,485
50337,553
50338,569
50339,566
50340,584
50341,512
50342,543
50343,610
50344,590
50345,685
50346,581
50347,554
50348,591
50349,480
50350,448
50351,454
50352,466
50353,514
50354,511
50355,558
50356,506
50357,425
50358,509
50359,465
50360,604
50361,500
50362,605
50363,400
50364,623
50365,469
50366,549
50367,614
50368,541
50369,413
50370,598
50371,418
50372,549
50373,661
50374,473
50375,665
50376,692
50377,544
50378,532
50379,547
50380,478
50381,614
50382,432
50383,593
50384,577
50385,687
50386,600
50387,402
50388,452
50389,657
50390,520
50391,549
50392,552
50393,616
50394,534
50395,655
50396,461
50397,686
50398,462
50399,692
50400,467
50401,624
50402,536
50403,445
50404,494
50405,689
50406,646
50407,691
50408,613
50409,655
50410,447
50411,492
50412,405
50413,592
50414,502
50415,473
50416,473
50417,512
50418,551
50419,662
50420,485
50421,457
50422,548
50423,613
50424,699
50425,680
50426,494
50427,607
50428,542
50429,482
50430,451
50431,416
50432,617
50433,627
50434,691
50435,600
50436,481
50437,527
50438,479
50439,588
50440,555
50441,559
50442,641
50443,481
50444,443
50445,561
50446,620
50447,548
50448,523
50449,400
50450,582
50451,607
50452,496
50453,420
50454,622
50455,447
50456,431
50457,687
50458,529
50459,677
50460,644
50461,451
50462,608
50463,629
50464,585
50465,561
50466,598
50467,678
50468,432
50469,418
50470,520
50471,468
50472,692
50473,614
50474,522
50475,679
50476,453
50477,420
50478,496
50479,537
50480,441
50481,645
50482,427
50483,457
50484,526
50485,662
50486,543
50487,492
50488,434
50489,491
50490,662
50491,413
50492,601
50493,677
50494,543
50495,698
50496,644
50497,411
50498,470
50499,583
50500,503
50501,410
50502,607
50503,624
50504,672
50505,453
50506,572
50507,646
50508,552
50509,505
50510,558
50511,505
50512,592
50513,694
50514,675
50515,472
50516,442
50517,593
50518,528
50519,507
50520,502
50521,532
50522,649
50523,669
50524,502
50525,695
50526,637
50527,507
50528,536
50529,697
50530,688
50531,424
50532,517
50533,629
50534,655
50535,408
50536,518
50537,518
50538,490
50539,571
50540,610
50541,515
50542,687
50543,421
50544,454
50545,507
50546,476
50547,460
50548,521
50549,491
50550,621
50551,529
50552,647
50553,520
50554,600
50555,560
50556,649
50557,617
50558,462
50559,616
50560,463
50561,611
50562,519
50563,468
50564,523
50565,544
50566,695
50567,528
50568,412
50569,673
50570,467
50571,669
50572,532
50573,461
50574,560
50575,425
50576,646
50577,588
50578,685
50579,619
50580,648
50581,490
50582,435
50583,406
50584,601
50585,440
50586,431
50587,541
50588,655
50589,560
50590,429
50591,661
50592,409
50593,602
50594,675
50595,523
50596,517
50597,667
50598,677
50599,475
50600,413
50601,505
50602,575
50603,581
50604,435
50605,454
50606,669
50607,401
50608,655
50609,401
50610,460
50611,506
50612,533
50613,422
50614,472
50615,427
50616,424
50617,464
50618,593
50619,606
50620,698
50621,439
50622,422
50623,576
50624,663
50625,527
50626,662
50627,676
50628,434
50629,500
50630,624
50631,628
50632,498
50633,481
50634,595
50635,467
50636,672
50637,698
50638,540
50639,584
50640,553
50641,588
50642,461
50643,418
50644,480
50645,429
50646,526
50647,617
50648,412
50649,576
50650,520
50651,578
50652,510
50653,408
50654,621
50655,684
50656,509
50657,535
50658,507
50659,603
50660,414
50661,561
50662,594
50663,660
50664,408
50665,615
50666,660
50667,512
50668,516
50669,446
50670,678
50671,497
50672,492
50673,698
50674,651
50675,562
50676,557
50677,466
50678,537
50679,689
50680,464
50681,661
50682,597
50683,570
50684,415
50685,590
50686,424
50687,649
50688,426
50689,569
50690,516
50691,454
50692,425
50693,671
50694,507
50695,489
50696,521
50697,642
50698,668
50699,651
50700,474
50701,511
50702,550
50703,669
50704,497
50705,654
50706,567
50707,649
50708,645
50709,612
50710,675
50711,679
50712,445
50713,417
50714,645
50715,619
50716,575
50717,633
50718,548
50719,497
50720,404
50721,558
50722,486
50723,630
50724,519
50725,571
50726,463
50727,493
50728,569
50729,634
50730,520
50731,499
50732,534
50733,468
50734,597
50735,605
50736,410
50737,529
50738,622
50739,509
50740,426
50741,593
50742,415
50743,472
50744,515
50745,600
50746,532
50747,563
50748,406
50749,460
50750,519
50751,430
50752,447
50753,490
50754,405
50755,684
50756,483
50757,538
50758,674
50759,532
50760,502
50761,494
50762,417
50763,420
50764,405
50765,423
50766,624
50767,459
50768,683
50769,619
50770,678
50771,445
50772,692
50773,541
50774,477
50775,598
50776,514
50777,435
50778,459
50779,644
50780,478
50781,590
50782,496
50783,549
50784,442
50785,696
50786,617
50787,606
50788,545
50789,658
50790,453
50791,518
50792,642
50793,541
50794,689
50795,526
50796,624
50797,628
50798,640
50799,656
50800,644
50801,575
50802,409
50803,482
50804,538
50805,518
50806,526
50807,498
50808,465
50809,658
50810,542
50811,458
50812,643
50813,591
50814,529
50815,557
50816,565
50817,660
50818,532
50819,411
50820,531
50821,552
50822,681
50823,454
50824,655
50825,525
50826,445
50827,573
50828,698
50829,420
50830,654
50831,564
50832,667
50833,500
50834,548
50835,540
50836,432
50837,635
50838,597
50839,634
50840,519
50841,557
50842,436
50843,543
50844,444
50845,598
50846,637
50847,528
50848,580
50849,427
50850,699
50851,466
50852,641
50853,643
50854,566
50855,665
50856,450
50857,508
50858,533
50859,566
50860,479
50861,498
50862,552
50863,688
50864,482
50865,501
50866,630
50867,651
50868,424
50869,456
50870,499
50871,518
50872,550
50873,479
50874,549
50875,525
50876,688
50877,440
50878,589
50879,462
50880,604
50881,603
50882,578
50883,504
50884,485
50885,650
50886,403
50887,583
50888,580
50889,699
50890,415
50891,493
50892,678
50893,555
50894,415
50895,440
50896,536
50897,657
50898,442
50899,465
50900,607
50901,644
50902,642
50903,476
50904,618
50905,622
50906,420
50907,546
50908,476
50909,434
50910,525
50911,631
50912,486
50913,587
50914,444
50915,471
50916,615
50917,497
50918,670
50919,490
50920,541
50921,516
50922,401
50923,442
50924,470
50925,543
50926,645
50927,683
50928,613
50929,506
50930,662
50931,693
50932,575
50933,506
50934,485
50935,626
50936,481
50937,640
50938,401
50939,650
50940,441
50941,480
50942,661
50943,596
50944,647
50945,695
50946,435
50947,502
50948,497
50949,544
50950,681
50951,526
50952,682
50953,466
50954,546
50955,480
50956,652
50957,641
50958,464
50959,470
50960,435
50961,466
50962,482
50963,569
50964,466
50965,497
50966,692
50967,649
50968,607
50969,462
50970,477
50971,429
50972,650
50973,514
50974,618
50975,553
50976,620
50977,422
50978,613
50979,547
50980,607
50981,558
50982,566
50983,462
50984,675
50985,422
50986,623
50987,600
50988,682
50989,614
50990,664
50991,628
50992,626
50993,676
50994,629
50995,614
50996,556
50997,412
50998,596
50999,510
51000,502
51001,502
51002,569
51003,508
51004,525
51005,634
51006,547
51007,570
51008,400
51009,439
51010,636
51011,406
51012,562
51013,689
51014,556
51015,513
51016,511
51017,656
51018,472
51019,592
51020,672
51021,623
51022,493
51023,606
51024,569
51025,555
51026,643
51027,402
51028,619
51029,404
51030,593
51031,453
51032,699
51033,608
51034,475
51035,617
51036,517
51037,679
51038,479
51039,586
51040,407
51041,490
51042,609
51043,657
51044,440
51045,614
51046,583
51047,640
51048,505
51049,421
51050,644
51051,673
51052,478
51053,422
51054,510
51055,529
51056,659
51057,553
51058,418
51059,448
51060,473
51061,613
51062,452
51063,589
51064,528
51065,543
51066,647
51067,579
51068,406
51069,690
51070,605
51071,467
51072,542
51073,507
51074,584
51075,639
51076,550
51077,610
51078,477
51079,627
51080,646
51081,501
51082,613
51083,538
51084,585
51085,567
51086,457
51087,518
51088,487
51089,521
51090,643
51091,466
51092,693
51093,529
51094,439
51095,611
51096,455
51097,599
51098,690
51099,506
51100,594
51101,521
51102,494
51103,686
51104,524
51105,525
51106,435
51107,616
51108,402
51109,429
51110,654
51111,444
51112,576
51113,621
51114,512
51115,521
51116,674
51117,631
51118,648
51119,502
51120,575
51121,635
51122,681
51123,644
51124,532
51125,558
51126,679
51127,421
51128,501
51129,549
51130,456
51131,557
51132,594
51133,566
51134,593
51135,659
51136,599
51137,404
51138,699
51139,490
51140,423
51141,635
51142,634
51143,625
51144,427
51145,551
51146,645
51147,404
51148,412
51149,454
51150,685
51151,501
51152,613
51153,512
51154,489
51155,670
51156,646
51157,429
51158,427
51159,467
51160,542
51161,433
51162,626
51163,602
51164,460
51165,590
51166,401
51167,517
51168,451
51169,414
51170,683
51171,495
51172,497
51173,454
51174,677
51175,644
51176,437
51177,519
51178,657
51179,539
51180,582
51181,612
51182,525
51183,539
51184,508
51185,408
51186,431
51187,634
51188,472
51189,535
51190,653
51191,515
51192,555
51193,481
51194,506
51195,628
51196,691
51197,516
51198,687
51199,612
51200,566
51201,448
51202,620
51203,678
51204,688
51205,578
51206,570
51207,403
51208,594
51209,657
51210,444
51211,607
51212,514
51213,529
51214,559
51215,400
51216,673
51217,559
51218,664
51219,647
51220,423
51221,666
51222,555
51223,671
51224,492
51225,411
51226,637
51227,520
51228,489
51229,474
51230,430
51231,594
51232,488
51233,497
51234,528
51235,694
51236,494
51237,563
51238,629
51239,539
51240,508
51241,413
51242,560
51243,531
51244,512
51245,685
51246,493
51247,488
51248,533
51249,660
51250,605
51251,433
51252,568
51253,545
51254,419
51255,506
51256,535
51257,425
51258,645
51259,554
51260,441
51261,577
51262,480
51263,576
51264,592
51265,590
51266,682
51267,645
51268,499
51269,434
51270,693
51271,693
51272,441
51273,569
51274,456
51275,453
51276,587
51277,695
51278,485
51279,463
51280,480
51281,667
51282,584
51283,425
51284,637
51285,695
51286,698
51287,624
51288,489
51289,416
51290,487
51291,423
51292,622
51293,457
51294,588
51295,621
51296,450
51297,487
51298,621
51299,566
51300,593
51301,500
51302,601
51303,412
51304,546
51305,661
51306,545
51307,408
51308,480
51309,467
51310,525
51311,449
51312,469
51313,538
51314,569
51315,489
51316,538
51317,471
51318,644
51319,466
51320,529
51321,609
51322,593
51323,425
51324,692
51325,617
51326,435
51327,415
51328,477
51329,420
51330,534
51331,644
51332,583
51333,571
51334,453
51335,492
51336,692
51337,575
51338,589
51339,645
51340,694
51341,591
51342,503
51343,467
51344,554
51345,625
51346,632
51347,503
51348,639
51349,611
51350,525
51351,522
51352,435
51353,637
51354,641
51355,532
51356,626
51357,489
51358,654
51359,482
51360,538
51361,419
51362,483
51363,426
51364,457
51365,616
51366,524
51367,687
51368,599
51369,682
51370,613
51371,555
51372,417
51373,504
51374,558
51375,440
51376,689
51377,406
51378,404
51379,420
51380,533
51381,519
51382,641
51383,505
51384,530
51385,437
51386,486
51387,512
51388,650
51389,470
51390,663
51391,468
51392,654
51393,674
51394,485
51395,617
51396,449
51397,533
51398,629
51399,460
51400,651
51401,629
51402,457
51403,584
51404,602
51405,431
51406,544
51407,568
51408,421
51409,697
51410,478
51411,535
51412,575
51413,476
51414,429
51415,683
51416,552
51417,612
51418,578
51419,694
51420,482
51421,599
51422,528
51423,693
51424,590
51425,451
51426,482
51427,587
51428,412
51429,618
51430,416
51431,641
51432,557
51433,565
51434,538
51435,693
51436,427
51437,560
51438,581
51439,679
51440,554
51441,613
51442,468
51443,694
51444,608
51445,556
51446,474
51447,686
51448,630
51449,464
51450,670
51451,482
51452,473
51453,664
51454,668
51455,489
51456,699
51457,401
51458,575
51459,524
51460,667
51461,614
51462,466
51463,577
51464,666
51465,404
51466,601
51467,516
51468,631
51469,483
51470,488
51471,626
51472,510
51473,411
51474,426
51475,504
51476,485
51477,555
51478,598
51479,536
51480,430
51481,563
51482,512
51483,670
51484,686
51485,657
51486,600
51487,698
51488,400
51489,610
51490,664
51491,587
51492,640
51493,592
51494,509
51495,510
51496,464
51497,464
51498,634
51499,494
51500,596
51501,690
51502,595
51503,437
51504,438
51505,548
51506,563
51507,619
51508,675
51509,442
51510,637
51511,562
51512,506
51513,687
51514,691
51515,504
51516,468
51517,508
51518,579
51519,531
51520,406
51521,548
51522,584
51523,555
51524,689
51525,644
51526,671
51527,437
51528,514
51529,518
51530,531
51531,455
51532,519
51533,449
51534,481
51535,448
51536,447
51537,533
51538,637
51539,572
51540,544
51541,586
51542,519
51543,583
51544,478
51545,562
51546,407
51547,498
51548,426
51549,675
51550,678
51551,603
51552,559
51553,577
51554,591
51555,439
51556,635
51557,432
51558,428
51559,432
51560,499
51561,544
51562,464
51563,521
51564,442
51565,608
51566,629
51567,526
51568,585
51569,636
51570,490
51571,442
51572,445
51573,424
51574,594
51575,498
51576,655
51577,693
51578,645
51579,565
51580,656
51581,677
51582,588
51583,585
51584,581
51585,674
51586,626
51587,433
51588,606
51589,443
51590,644
51591,653
51592,508
51593,513
51594,677
51595,636
51596,428
51597,621
51598,670
51599,641
51600,496
51601,662
51602,406
51603,672
51604,687
51605,604
51606,583
51607,457
51608,510
51609,585
51610,530
51611,488
51612,517
51613,656
51614,509
51615,466
51616,547
51617,619
51618,613
51619,461
51620,455
51621,495
51622,545
51623,447
51624,693
51625,677
51626,602
51627,598
51628,523
51629,599
51630,474
51631,556
51632,533
51633,519
51634,411
51635,634
51636,694
51637,507
51638,432
51639,519
51640,655
51641,482
51642,580
51643,627
51644,674
51645,585
51646,610
51647,648
51648,442
51649,472
51650,418
51651,564
51652,666
51653,527
51654,541
51655,433
51656,497
51657,609
51658,597
51659,655
51660,441
51661,503
51662,588
51663,461
51664,542
51665,621
51666,419
51667,679
51668,664
51669,647
51670,515
51671,654
51672,696
51673,412
51674,445
51675,641
51676,470
51677,458
51678,603
51679,450
51680,415
51681,450
51682,623
51683,527
51684,569
51685,666
51686,467
51687,520
51688,579
51689,625
51690,590
51691,650
51692,405
51693,661
51694,490
51695,593
51696,463
51697,693
51698,625
51699,462
51700,470
51701,419
51702,644
51703,463
51704,692
51705,624
51706,665
51707,561
51708,444
51709,668
51710,424
51711,699
51712,624
51713,473
51714,515
51715,551
51716,468
51717,601
51718,490
51719,449
51720,688
51721,491
51722,634
51723,428
51724,571
51725,572
51726,635
51727,441
51728,548
51729,687
51730,612
51731,574
51732,498
51733,519
51734,416
51735,428
51736,447
51737,688
51738,527
51739,467
51740,438
51741,532
51742,518
51743,451
51744,535
51745,646
51746,568
51747,469
51748,435
51749,687
51750,404
51751,547
51752,636
51753,467
51754,630
51755,549
51756,620
51757,660
51758,665
51759,513
51760,564
51761,455
51762,649
51763,642
51764,401
51765,542
51766,568
51767,462
51768,553
51769,654
51770,465
51771,684
51772,587
51773,592
51774,695
51775,410
51776,579
51777,489
51778,622
51779,625
51780,502
51781,631
51782,666
51783,683
51784,589
51785,447
51786,683
51787,454
51788,518
51789,401
51790,623
51791,635
51792,602
51793,543
51794,410
51795,658
51796,697
51797,556
51798,596
51799,491
51800,552
51801,533
51802,515
51803,466
51804,549
51805,655
51806,440
51807,580
51808,587
51809,438
51810,616
51811,529
51812,663
51813,513
51814,462
51815,496
51816,417
51817,604
51818,612
51819,496
51820,678
51821,635
51822,567
51823,459
51824,484
51825,660
51826,565
51827,627
51828,459
51829,563
51830,629
51831,481
51832,556
51833,590
51834,643
51835,641
51836,621
51837,567
51838,520
51839,401
51840,517
51841,535
51842,526
51843,640
51844,507
51845,698
51846,511
51847,562
51848,674
51849,418
51850,632
51851,419
51852,640
51853,659
51854,448
51855,553
51856,402
51857,691
51858,568
51859,597
51860,578
51861,502
51862,618
51863,415
51864,446
51865,445
51866,499
51867,582
51868,615
51869,533
51870,408
51871,612
51872,538
51873,621
51874,490
51875,511
51876,512
51877,597
51878,662
51879,561
51880,483
51881,444
51882,444
51883,670
51884,609
51885,573
51886,646
51887,573
51888,435
51889,697
51890,557
51891,538
51892,432
51893,650
51894,570
51895,509
51896,566
51897,524
51898,613
51899,694
51900,580
51901,482
51902,424
51903,645
51904,440
51905,458
51906,576
51907,429
51908,444
51909,553
51910,439
51911,539
51912,656
51913,469
51914,535
51915,635
51916,511
51917,432
51918,595
51919,577
51920,533
51921,590
51922,405
51923,692
51924,578
51925,682
51926,505
51927,645
51928,630
51929,614
51930,672
51931,504
51932,422
51933,694
51934,560
51935,593
51936,665
51937,482
51938,567
51939,542
51940,442
51941,411
51942,421
51943,417
51944,461
51945,588
51946,478
51947,566
51948,549
51949,622
51950,504
51951,653
51952,406
51953,562
51954,689
51955,594
51956,529
51957,508
51958,618
51959,529
51960,643
51961,696
51962,484
51963,654
51964,636
51965,400
51966,664
51967,593
51968,521
51969,403
51970,548
51971,460
51972,681
51973,516
51974,571
51975,637
51976,537
51977,617
51978,481
51979,618
51980,601
51981,474
51982,446
51983,635
51984,550
51985,522
51986,645
51987,653
51988,453
51989,586
51990,680
51991,466
51992,540
51993,420
51994,421
51995,574
51996,590
51997,684
51998,680
51999,660
52000,556
52001,660
52002,438
52003,429
52004,657
52005,670
52006,450
52007,678
52008,633
52009,425
52010,410
52011,423
52012,615
52013,537
52014,624
52015,509
52016,605
52017,470
52018,609
52019,584
52020,489
52021,646
52022,632
52023,432
52024,546
52025,569
52026,613
52027,627
52028,545
52029,545
52030,421
52031,488
52032,579
52033,699
52034,664
52035,449
52036,629
52037,460
52038,418
52039,424
52040,606
52041,474
52042,540
52043,680
52044,490
52045,474
52046,463
52047,481
52048,649
52049,537
52050,496
52051,499
52052,672
52053,640
52054,404
52055,614
52056,466
52057,554
52058,428
52059,408
52060,599
52061,629
52062,666
52063,562
52064,474
52065,691
52066,582
52067,508
52068,599
52069,580
52070,427
52071,452
52072,647
52073,439
52074,621
52075,696
52076,565
52077,428
52078,588
52079,601
52080,695
52081,529
52082,447
52083,656
52084,487
52085,657
52086,458
52087,448
52088,615
52089,475
52090,433
52091,647
52092,689
52093,422
52094,418
52095,495
52096,650
52097,640
52098,444
52099,475
52100,506
52101,459
52102,531
52103,556
52104,454
52105,585
52106,574
52107,430
52108,554
52109,644
52110,429
52111,448
52112,569
52113,474
52114,605
52115,560
52116,548
52117,487
52118,567
52119,588
52120,513
52121,412
52122,565
52123,556
52124,580
52125,691
52126,503
52127,510
52128,660
52129,547
52130,538
52131,568
52132,557
52133,455
52134,472
52135,647
52136,579
52137,490
52138,593
52139,594
52140,684
52141,647
52142,628
52143,682
52144,562
52145,490
52146,610
52147,665
52148,526
52149,681
52150,470
52151,490
52152,493
52153,475
52154,503
52155,596
52156,583
52157,476
52158,696
52159,433
52160,521
52161,602
52162,697
52163,528
52164,689
52165,612
52166,537
52167,660
52168,571
52169,546
52170,548
52171,428
52172,501
52173,695
52174,653
52175,673
52176,448
52177,588
52178,464
52179,563
52180,623
52181,406
52182,460
52183,591
52184,487
52185,557
52186,672
52187,681
52188,544
52189,562
52190,573
52191,507
52192,543
52193,457
52194,697
52195,587
52196,419
52197,611
52198,423
52199,490
52200,615
52201,451
52202,537
52203,552
52204,619
52205,572
52206,400
52207,424
52208,603
52209,600
52210,590
52211,631
52212,619
52213,465
52214,423
52215,481
52216,490
52217,571
52218,434
52219,433
52220,661
52221,576
52222,543
52223,614
52224,540
52225,667
52226,538
52227,446
52228,459
52229,448
52230,451
52231,460
52232,613
52233,494
52234,519
52235,618
52236,439
52237,631
52238,610
52239,437
52240,610
52241,482
52242,517
52243,426
52244,608
52245,524
52246,675
52247,697
52248,696
52249,471
52250,457
52251,695
52252,518
52253,461
52254,486
52255,498
52256,523
52257,406
52258,533
52259,682
52260,401
52261,559
52262,556
52263,625
52264,542
52265,665
52266,665
52267,436
52268,687
52269,691
52270,472
52271,415
52272,482
52273,573
52274,475
52275,690
52276,450
52277,585
52278,404
52279,661
52280,578
52281,541
52282,667
52283,513
52284,579
52285,467
52286,506
52287,458
52288,673
52289,430
52290,434
52291,659
52292,408
52293,508
52294,542
52295,441
52296,586
52297,484
52298,600
52299,687
52300,660
52301,558
52302,552
52303,583
52304,656
52305,466
52306,612
52307,619
52308,623
52309,493
52310,458
52311,577
52312,689
52313,511
52314,581
52315,623
52316,559
52317,663
52318,562
52319,679
52320,402
52321,480
52322,691
52323,578
52324,493
52325,616
52326,421
52327,525
52328,667
52329,542
52330,667
52331,502
52332,455
52333,626
52334,505
52335,543
52336,432
52337,516
52338,570
52339,417
52340,635
52341,567
52342,554
52343,639
52344,517
52345,480
52346,567
52347,572
52348,617
52349,627
52350,590
52351,625
52352,567
52353,696
52354,588
52355,592
52356,400
52357,408
52358,474
52359,542
52360,593
52361,409
52362,538
52363,429
52364,678
52365,677
52366,441
52367,627
52368,684
52369,600
52370,609
52371,577
52372,485
52373,447
52374,692
52375,605
52376,590
52377,415
52378,527
52379,584
52380,529
52381,564
52382,492
52383,678
52384,612
52385,540
52386,514
52387,406
52388,455
52389,591
52390,421
52391,479
52392,683
52393,502
52394,616
52395,541
52396,484
52397,476
52398,657
52399,627
52400,477
52401,561
52402,481
52403,615
52404,450
52405,563
52406,650
52407,612
52408,610
52409,562
52410,484
52411,402
52412,404
52413,634
52414,674
52415,689
52416,419
52417,594
52418,548
52419,515
52420,403
52421,421
52422,589
52423,411
52424,588
52425,426
52426,541
52427,406
52428,409
52429,578
52430,402
52431,502
52432,699
52433,453
52434,561
52435,629
52436,610
52437,680
52438,469
52439,467
52440,681
52441,681
52442,553
52443,623
52444,588
52445,440
52446,572
52447,637
52448,669
52449,564
52450,529
52451,404
52452,529
52453,575
52454,421
52455,440
52456,552
52457,445
52458,408
52459,500
52460,446
52461,606
52462,640
52463,402
52464,663
52465,435
52466,698
52467,642
52468,637
52469,618
52470,600
52471,426
52472,488
52473,668
52474,523
52475,680
52476,654
52477,401
52478,522
52479,635
52480,476
52481,477
52482,562
52483,549
52484,447
52485,513
52486,463
52487,549
52488,472
52489,446
52490,695
52491,580
52492,658
52493,494
52494,500
52495,482
52496,481
52497,520
52498,402
52499,412
52500,563
52501,504
52502,565
52503,474
52504,459
52505,632
52506,472
52507,677
52508,548
52509,522
52510,688
52511,403
52512,636
52513,607
52514,571
52515,606
52516,549
52517,623
52518,458
52519,692
52520,550
52521,560
52522,512
52523,631
52524,585
52525,638
52526,646
52527,539
52528,511
52529,594
52530,524
52531,638
52532,400
52533,520
52534,488
52535,419
52536,672
52537,576
52538,513
52539,681
52540,426
52541,587
52542,486
52543,479
52544,579
52545,454
52546,646
52547,632
52548,669
52549,508
52550,637
52551,554
52552,567
52553,467
52554,664
52555,634
52556,438
52557,542
52558,417
52559,451
52560,621
52561,692
52562,479
52563,580
52564,539
52565,608
52566,680
52567,521
52568,610
52569,534
52570,576
52571,438
52572,474
52573,448
52574,616
52575,645
52576,630
52577,654
52578,602
52579,543
52580,695
52581,406
52582,500
52583,695
52584,627
52585,502
52586,491
52587,677
52588,586
52589,545
52590,666
52591,518
52592,663
52593,675
52594,602
52595,458
52596,552
52597,585
52598,514
52599,674
52600,635
52601,465
52602,662
52603,450
52604,631
52605,412
52606,693
52607,419
52608,612
52609,669
52610,439
52611,534
52612,661
52613,580
52614,626
52615,664
52616,505
52617,495
52618,694
52619,522
52620,676
52621,436
52622,667
52623,597
52624,654
52625,414
52626,484
52627,491
52628,499
52629,573
52630,614
52631,485
52632,481
52633,516
52634,566
52635,641
52636,677
52637,533
52638,579
52639,564
52640,611
52641,405
52642,472
52643,476
52644,682
52645,614
52646,564
52647,573
52648,497
52649,424
52650,550
52651,619
52652,553
52653,475
52654,630
52655,402
52656,472
52657,510
52658,471
52659,654
52660,617
52661,607
52662,648
52663,689
52664,464
52665,684
52666,403
52667,595
52668,518
52669,589
52670,565
52671,631
52672,529
52673,491
52674,524
52675,699
52676,606
52677,513
52678,500
52679,431
52680,530
52681,416
52682,647
52683,463
52684,477
52685,599
52686,440
52687,657
52688,580
52689,689
52690,524
52691,511
52692,634
52693,601
52694,439
52695,598
52696,525
52697,473
52698,578
52699,404
52700,517
52701,631
52702,548
52703,600
52704,430
52705,636
52706,554
52707,597
52708,506
52709,558
52710,568
52711,657
52712,461
52713,548
52714,561
52715,485
52716,412
52717,674
52718,523
52719,503
52720,448
52721,402
52722,649
52723,652
52724,610
52725,470
52726,670
52727,437
52728,552
52729,614
52730,409
52731,499
52732,697
52733,633
52734,598
52735,573
52736,616
52737,439
52738,585
52739,679
52740,468
52741,648
52742,484
52743,567
52744,428
52745,436
52746,419
52747,545
52748,659
52749,538
52750,654
52751,485
52752,451
52753,698
52754,541
52755,521
52756,550
52757,547
52758,482
52759,548
52760,569
52761,669
52762,627
52763,404
52764,551
52765,620
52766,556
52767,657
52768,405
52769,689
52770,603
52771,677
52772,533
52773,476
52774,515
52775,600
52776,486
52777,467
52778,500
52779,561
52780,470
52781,572
52782,568
52783,502
52784,627
52785,532
52786,459
52787,544
52788,610
52789,508
52790,592
52791,582
52792,408
52793,531
52794,473
52795,495
52796,528
52797,621
52798,527
52799,406
52800,624
52801,515
52802,502
52803,625
52804,452
52805,402
52806,431
52807,657
52808,479
52809,523
52810,659
52811,609
52812,444
52813,671
52814,626
52815,512
52816,429
52817,675
52818,613
52819,486
52820,691
52821,421
52822,420
52823,575
52824,660
52825,567
52826,620
52827,481
52828,478
52829,558
52830,542
52831,444
52832,635
52833,569
52834,624
52835,693
52836,679
52837,490
52838,546
52839,680
52840,469
52841,448
52842,416
52843,548
52844,442
52845,611
52846,603
52847,604
52848,462
52849,423
52850,432
52851,608
52852,672
52853,575
52854,443
52855,552
52856,587
52857,684
52858,411
52859,536
52860,485
52861,452
52862,460
52863,512
52864,507
52865,466
52866,521
52867,653
52868,699
52869,404
52870,634
52871,438
52872,599
52873,569
52874,420
52875,574
52876,473
52877,683
52878,548
52879,512
52880,683
52881,485
52882,501
52883,418
52884,462
52885,515
52886,579
52887,437
52888,491
52889,572
52890,604
52891,408
52892,408
52893,420
52894,423
52895,494
52896,591
52897,695
52898,579
52899,530
52900,420
52901,407
52902,600
52903,413
52904,435
52905,563
52906,444
52907,543
52908,410
52909,611
52910,512
52911,410
52912,565
52913,657
52914,453
52915,492
52916,662
52917,695
52918,444
52919,616
52920,588
52921,506
52922,689
52923,407
52924,431
52925,567
52926,436
52927,630
52928,582
52929,691
52930,645
52931,409
52932,469
52933,636
52934,517
52935,616
52936,590
52937,638
52938,605
52939,621
52940,545
52941,588
52942,637
52943,691
52944,622
52945,645
52946,646
52947,437
52948,606
52949,586
52950,491
52951,405
52952,532
52953,491
52954,400
52955,669
52956,482
52957,686
52958,578
52959,546
52960,501
52961,687
52962,430
52963,553
52964,447
52965,440
52966,552
52967,581
52968,631
52969,520
52970,584
52971,519
52972,625
52973,511
52974,594
52975,696
52976,425
52977,593
52978,418
52979,424
52980,446
52981,598
52982,663
52983,402
52984,638
52985,688
52986,421
52987,429
52988,446
52989,669
52990,669
52991,551
52992,625
52993,647
52994,570
52995,636
52996,635
52997,658
52998,678
52999,547
53000,508
53001,542
53002,698
53003,470
53004,525
53005,481
53006,440
53007,658
53008,543
53009,570
53010,678
53011,542
53012,526
53013,457
53014,567
53015,517
53016,565
53017,481
53018,533
53019,445
53020,661
53021,522
53022,621
53023,491
53024,418
53025,669
53026,464
53027,618
53028,556
53029,552
53030,646
53031,598
53032,630
53033,415
53034,507
53035,673
53036,583
53037,583
53038,468
53039,649
53040,617
53041,487
53042,671
53043,616
53044,579
53045,524
53046,582
53047,599
53048,583
53049,696
53050,623
53051,488
53052,624
53053,517
53054,555
53055,558
53056,582
53057,601
53058,465
53059,445
53060,659
53061,643
53062,555
53063,648
53064,494
53065,654
53066,600
53067,533
53068,552
53069,654
53070,659
53071,639
53072,551
53073,490
53074,639
53075,582
53076,658
53077,685
53078,475
53079,696
53080,582
53081,458
53082,439
53083,444
53084,414
53085,619
53086,672
53087,586
53088,424
53089,698
53090,591
53091,578
53092,460
53093,530
53094,648
53095,563
53096,606
53097,637
53098,591
53099,427
53100,506
53101,622
53102,483
53103,636
53104,548
53105,682
53106,499
53107,434
53108,496
53109,632
53110,412
53111,645
53112,661
53113,622
53114,473
53115,665
53116,583
53117,676
53118,455
53119,456
53120,694
53121,460
53122,572
53123,509
53124,545
53125,413
53126,582
53127,546
53128,631
53129,696
53130,539
53131,547
53132,435
53133,676
53134,455
53135,440
53136,568
53137,570
53138,505
53139,626
53140,485
53141,693
53142,545
53143,663
53144,646
53145,547
53146,621
53147,545
53148,507
53149,614
53150,644
53151,529
53152,463
53153,699
53154,623
53155,464
53156,464
53157,581
53158,507
53159,510
53160,475
53161,649
53162,640
53163,625
53164,563
53165,662
53166,414
53167,552
53168,437
53169,436
53170,521
53171,671
53172,656
53173,574
53174,692
53175,541
53176,561
53177,422
53178,465
53179,457
53180,428
53181,482
53182,528
53183,532
53184,514
53185,433
53186,524
53187,477
53188,674
53189,567
53190,480
53191,494
53192,608
53193,471
53194,544
53195,437
53196,570
53197,439
53198,572
53199,598
53200,621
53201,489
53202,685
53203,562
53204,532
53205,682
53206,551
53207,444
53208,660
53209,618
53210,507
53211,446
53212,532
53213,660
53214,575
53215,520
53216,589
53217,659
53218,576
53219,464
53220,619
53221,547
53222,499
53223,518
53224,508
53225,481
53226,412
53227,698
53228,491
53229,637
53230,583
53231,577
53232,609
53233,675
53234,674
53235,672
53236,435
53237,469
53238,515
53239,400
53240,480
53241,434
53242,682
53243,594
53244,583
53245,445
53246,547
53247,663
53248,492
53249,513
53250,681
53251,502
53252,601
53253,461
53254,493
53255,627
53256,467
53257,684
53258,564
53259,500
53260,642
53261,489
53262,487
53263,526
53264,506
53265,643
53266,584
53267,663
53268,500
53269,652
53270,541
53271,652
53272,472
53273,613
53274,698
53275,571
53276,629
53277,636
53278,629
53279,406
53280,594
53281,655
53282,570
53283,439
53284,687
53285,627
53286,633
53287,582
53288,610
53289,628
53290,654
53291,476
53292,664
53293,631
53294,536
53295,463
53296,644
53297,490
53298,632
53299,493
53300,602
53301,573
53302,523
53303,469
53304,502
53305,632
53306,463
53307,494
53308,562
53309,667
53310,572
53311,405
53312,500
53313,530
53314,419
53315,610
53316,694
53317,691
53318,664
53319,652
53320,443
53321,474
53322,452
53323,685
53324,465
53325,437
53326,653
53327,693
53328,598
53329,635
53330,454
53331,515
53332,484
53333,678
53334,541
53335,495
53336,448
53337,604
53338,594
53339,649
53340,657
53341,458
53342,620
53343,459
53344,421
53345,452
53346,674
53347,448
53348,416
53349,526
53350,554
53351,674
53352,634
53353,685
53354,477
53355,573
53356,505
53357,431
53358,691
53359,409
53360,501
53361,517
53362,556
53363,666
53364,644
53365,478
53366,559
53367,490
53368,528
53369,413
53370,685
53371,558
53372,528
53373,573
53374,573
53375,442
53376,693
53377,699
53378,508
53379,641
53380,454
53381,454
53382,615
53383,506
53384,583
53385,529
53386,523
53387,448
53388,652
53389,468
53390,451
53391,432
53392,419
53393,628
53394,586
53395,587
53396,590
53397,511
53398,583
53399,692
53400,684
53401,626
53402,536
53403,485
53404,695
53405,570
53406,678
53407,651
53408,407
53409,473
53410,550
53411,492
53412,495
53413,541
53414,479
53415,639
53416,672
53417,419
53418,411
53419,523
53420,521
53421,628
53422,484
53423,673
53424,428
53425,534
53426,439
53427,500
53428,533
53429,580
53430,599
53431,608
53432,487
53433,524
53434,421
53435,449
53436,638
53437,613
53438,682
53439,447
53440,465
53441,529
53442,666
53443,638
53444,425
53445,590
53446,448
53447,420
53448,478
53449,479
53450,408
53451,548
53452,454
53453,696
53454,405
53455,656
53456,591
53457,628
53458,646
53459,681
53460,656
53461,656
53462,492
53463,613
53464,693
53465,440
53466,555
53467,532
53468,485
53469,483
53470,647
53471,434
53472,648
53473,524
53474,451
53475,688
53476,669
53477,620
53478,460
53479,668
53480,414
53481,580
53482,599
53483,474
53484,643
53485,670
53486,420
53487,435
53488,597
53489,552
53490,443
53491,528
53492,441
53493,432
53494,695
53495,514
53496,602
53497,463
53498,683
53499,622
53500,609
53501,485
53502,626
53503,584
53504,664
53505,572
53506,615
53507,482
53508,477
53509,471
53510,670
53511,695
53512,540
53513,607
53514,432
53515,508
53516,561
53517,415
53518,413
53519,630
53520,645
53521,445
53522,512
53523,442
53524,447
53525,591
53526,601
53527,541
53528,588
53529,618
53530,651
53531,676
53532,515
53533,401
53534,412
53535,676
53536,651
53537,627
53538,545
53539,616
53540,636
53541,693
53542,655
53543,680
53544,565
53545,542
53546,637
53547,496
53548,591
53549,687
53550,442
53551,668
53552,608
53553,424
53554,487
53555,519
53556,624
53557,535
53558,650
53559,610
53560,410
53561,409
53562,464
53563,479
53564,491
53565,532
53566,511
53567,594
53568,486
53569,561
53570,400
53571,518
53572,653
53573,590
53574,689
53575,687
53576,515
53577,598
53578,634
53579,629
53580,625
53581,595
53582,677
53583,556
53584,572
53585,420
53586,587
53587,684
53588,688
53589,566
53590,589
53591,489
53592,472
53593,481
53594,410
53595,648
53596,559
53597,506
53598,490
53599,640
53600,603
53601,548
53602,661
53603,565
53604,515
53605,407
53606,628
53607,469
53608,590
53609,561
53610,576
53611,439
53612,428
53613,408
53614,676
53615,687
53616,471
53617,582
53618,409
53619,576
53620,486
53621,483
53622,485
53623,696
53624,606
53625,686
53626,508
53627,431
53628,412
53629,612
53630,517
53631,505
53632,414
53633,612
53634,587
53635,633
53636,663
53637,622
53638,612
53639,544
53640,404
53641,540
53642,420
53643,516
53644,514
53645,443
53646,603
53647,525
53648,519
53649,613
53650,529
53651,493
53652,464
53653,604
53654,586
53655,611
53656,590
53657,660
53658,489
53659,644
53660,549
53661,539
53662,692
53663,518
53664,646
53665,497
53666,569
53667,466
53668,455
53669,445
53670,404
53671,455
53672,550
53673,540
53674,683
53675,405
53676,588
53677,618
53678,572
53679,492
53680,411
53681,562
53682,404
53683,465
53684,602
53685,592
53686,465
53687,568
53688,554
53689,475
53690,660
53691,532
53692,540
53693,536
53694,575
53695,687
53696,435
53697,542
53698,536
53699,415
53700,649
53701,405
53702,471
53703,560
53704,623
53705,435
53706,433
53707,412
53708,601
53709,456
53710,406
53711,510
53712,515
53713,658
53714,554
53715,605
53716,493
53717,591
53718,689
53719,678
53720,447
53721,454
53722,416
53723,461
53724,524
53725,636
53726,460
53727,443
53728,527
53729,658
53730,600
53731,511
53732,542
53733,606
53734,539
53735,626
53736,535
53737,689
53738,599
53739,677
53740,539
53741,549
53742,490
53743,585
53744,481
53745,418
53746,532
53747,671
53748,568
53749,418
53750,652
53751,592
53752,677
53753,544
53754,434
53755,566
53756,643
53757,472
53758,532
53759,472
53760,514
53761,666
53762,509
53763,567
53764,615
53765,496
53766,479
53767,616
53768,585
53769,463
53770,466
53771,495
53772,433
53773,633
53774,562
53775,556
53776,680
53777,427
53778,468
53779,629
53780,536
53781,511
53782,698
53783,424
53784,493
53785,465
53786,416
53787,508
53788,677
53789,409
53790,540
53791,697
53792,427
53793,499
53794,586
53795,666
53796,607
53797,660
53798,468
53799,437
53800,465
53801,634
53802,463
53803,634
53804,552
53805,579
53806,565
53807,674
53808,498
53809,424
53810,472
53811,434
53812,542
53813,613
53814,604
53815,616
53816,631
53817,485
53818,568
53819,524
53820,635
53821,544
53822,504
53823,663
53824,533
53825,408
53826,414
53827,463
53828,577
53829,523
53830,410
53831,494
53832,519
53833,645
53834,476
53835,493
53836,552
53837,639
53838,539
53839,484
53840,615
53841,681
53842,692
53843,640
53844,422
53845,444
53846,473
53847,501
53848,683
53849,471
53850,440
53851,678
53852,611
53853,559
53854,486
53855,406
53856,582
53857,698
53858,413
53859,499
53860,643
53861,568
53862,631
53863,510
53864,501
53865,616
53866,639
53867,639
53868,620
53869,669
53870,427
53871,685
53872,453
53873,612
53874,519
53875,474
53876,469
53877,632
53878,670
53879,531
53880,497
53881,501
53882,566
53883,504
53884,485
53885,436
53886,559
53887,522
53888,531
53889,665
53890,682
53891,660
53892,588
53893,430
53894,674
53895,531
53896,575
53897,448
53898,571
53899,405
53900,475
53901,603
53902,609
53903,435
53904,680
53905,576
53906,454
53907,568
53908,447
53909,503
53910,402
53911,484
53912,572
53913,675
53914,632
53915,563
53916,459
53917,477
53918,417
53919,496
53920,465
53921,430
53922,637
53923,664
53924,547
53925,547
53926,446
53927,643
53928,656
53929,482
53930,541
53931,528
53932,409
53933,576
53934,609
53935,441
53936,523
53937,586
53938,424
53939,563
53940,434
53941,652
53942,646
53943,409
53944,663
53945,504
53946,619
53947,654
53948,533
53949,605
53950,523
53951,615
53952,463
53953,437
53954,647
53955,552
53956,621
53957,657
53958,423
53959,466
53960,648
53961,634
53962,489
53963,493
53964,588
53965,536
53966,572
53967,415
53968,631
53969,573
53970,500
53971,585
53972,429
53973,687
53974,477
53975,422
53976,416
53977,521
53978,627
53979,574
53980,440
53981,414
53982,613
53983,490
53984,451
53985,456
53986,688
53987,548
53988,419
53989,500
53990,587
53991,432
53992,430
53993,561
53994,677
53995,685
53996,404
53997,568
53998,572
53999,614
54000,516
54001,654
54002,668
54003,651
54004,605
54005,608
54006,562
54007,673
54008,539
54009,568
54010,543
54011,621
54012,668
54013,475
54014,517
54015,497
54016,432
54017,466
54018,405
54019,691
54020,640
54021,454
54022,470
54023,493
54024,542
54025,421
54026,448
54027,535
54028,630
54029,499
54030,692
54031,599
54032,520
54033,626
54034,638
54035,676
54036,500
54037,586
54038,558
54039,405
54040,569
54041,579
54042,611
54043,563
54044,527
54045,695
54046,617
54047,540
54048,531
54049,650
54050,500
54051,497
54052,678
54053,585
54054,542
54055,478
54056,438
54057,436
54058,685
54059,406
54060,609
54061,478
54062,532
54063,575
54064,486
54065,648
54066,616
54067,491
54068,606
54069,631
54070,598
54071,437
54072,476
54073,466
54074,584
54075,674
54076,489
54077,685
54078,606
54079,417
54080,643
54081,406
54082,587
54083,487
54084,515
54085,462
54086,474
54087,694
54088,570
54089,631
54090,647
54091,624
54092,675
54093,591
54094,566
54095,498
54096,627
54097,461
54098,528
54099,649
54100,538
54101,629
54102,458
54103,564
54104,603
54105,497
54106,645
54107,536
54108,445
54109,603
54110,592
54111,441
54112,561
54113,623
54114,653
54115,683
54116,617
54117,499
54118,460
54119,439
54120,581
54121,458
54122,622
54123,607
54124,569
54125,538
54126,602
54127,653
54128,565
54129,456
54130,522
54131,536
54132,649
54133,456
54134,466
54135,630
54136,643
54137,685
54138,520
54139,453
54140,687
54141,677
54142,465
54143,669
54144,412
54145,523
54146,476
54147,423
54148,434
54149,473
54150,689
54151,689
54152,418
54153,658
54154,515
54155,691
54156,659
54157,553
54158,602
54159,530
54160,527
54161,664
54162,669
54163,402
54164,657
54165,499
54166,452
54167,565
54168,548
54169,562
54170,482
54171,421
54172,419
54173,610
54174,407
54175,553
54176,450
54177,645
54178,553
54179,645
54180,442
54181,562
54182,546
54183,555
54184,402
54185,545
54186,668
54187,643
54188,695
54189,694
54190,456
54191,679
54192,518
54193,421
54194,450
54195,611
54196,615
54197,475
54198,603
54199,565
54200,460
54201,678
54202,659
54203,475
54204,608
54205,436
54206,492
54207,533
54208,638
54209,535
54210,622
54211,547
54212,651
54213,478
54214,643
54215,519
54216,521
54217,611
54218,683
54219,653
54220,417
54221,662
54222,676
54223,440
54224,430
54225,697
54226,517
54227,633
54228,442
54229,627
54230,533
54231,556
54232,605
54233,488
54234,498
54235,436
54236,598
54237,454
54238,504
54239,642
54240,473
54241,503
54242,620
54243,415
54244,428
54245,663
54246,582
54247,451
54248,505
54249,424
54250,491
54251,425
54252,489
54253,574
54254,429
54255,413
54256,529
54257,530
54258,405
54259,610
54260,548
54261,675
54262,548
54263,439
54264,595
54265,523
54266,470
54267,598
54268,432
54269,489
54270,489
54271,675
54272,674
54273,598
54274,455
54275,636
54276,400
54277,566
54278,436
54279,673
54280,478
54281,641
54282,533
54283,651
54284,421
54285,666
54286,617
54287,471
54288,408
54289,534
54290,594
54291,457
54292,683
54293,686
54294,650
54295,490
54296,603
54297,407
54298,507
54299,632
54300,673
54301,519
54302,410
54303,582
54304,578
54305,605
54306,491
54307,626
54308,405
54309,411
54310,649
54311,597
54312,526
54313,436
54314,407
54315,564
54316,519
54317,631
54318,624
54319,632
54320,686
54321,625
54322,544
54323,649
54324,671
54325,685
54326,438
54327,443
54328,436
54329,655
54330,610
54331,491
54332,418
54333,499
54334,546
54335,468
54336,529
54337,424
54338,514
54339,489
54340,685
54341,672
54342,611
54343,510
54344,475
54345,695
54346,487
54347,569
54348,546
54349,639
54350,454
54351,491
54352,652
54353,556
54354,650
54355,663
54356,407
54357,698
54358,497
54359,449
54360,612
54361,403
54362,691
54363,640
54364,418
54365,669
54366,600
54367,503
54368,481
54369,454
54370,687
54371,635
54372,563
54373,484
54374,618
54375,612
54376,602
54377,699
54378,641
54379,561
54380,578
54381,491
54382,537
54383,511
54384,568
54385,500
54386,695
54387,592
54388,606
54389,685
54390,615
54391,627
54392,442
54393,580
54394,685
54395,696
54396,443
54397,436
54398,648
54399,482
54400,656
54401,616
54402,409
54403,637
54404,425
54405,650
54406,614
54407,544
54408,621
54409,417
54410,627
54411,635
54412,675
54413,520
54414,461
54415,586
54416,424
54417,495
54418,592
54419,653
54420,466
54421,439
54422,623
54423,621
54424,502
54425,647
54426,561
54427,663
54428,424
54429,553
54430,618
54431,653
54432,614
54433,568
54434,479
54435,471
54436,462
54437,474
54438,662
54439,497
54440,484
54441,672
54442,548
54443,405
54444,508
54445,598
54446,437
54447,527
54448,539
54449,647
54450,658
54451,546
54452,594
54453,614
54454,640
54455,532
54456,428
54457,497
54458,581
54459,551
54460,502
54461,687
54462,634
54463,532
54464,629
54465,434
54466,479
54467,641
54468,532
54469,408
54470,652
54471,432
54472,586
54473,410
54474,468
54475,537
54476,530
54477,650
54478,522
54479,672
54480,642
54481,561
54482,494
54483,561
54484,683
54485,628
54486,515
54487,620
54488,568
54489,544
54490,685
54491,581
54492,674
54493,436
54494,435
54495,467
54496,520
54497,554
54498,604
54499,443
54500,688
54501,489
54502,611
54503,462
54504,471
54505,689
54506,426
54507,452
54508,641
54509,692
54510,499
54511,478
54512,489
54513,424
54514,560
54515,594
54516,600
54517,565
54518,621
54519,682
54520,412
54521,645
54522,487
54523,539
54524,655
54525,675
54526,545
54527,406
54528,645
54529,603
54530,639
54531,493
54532,407
54533,569
54534,518
54535,645
54536,527
54537,621
54538,462
54539,516
54540,508
54541,633
54542,604
54543,487
54544,639
54545,597
54546,403
54547,505
54548,506
54549,651
54550,585
54551,625
54552,420
54553,553
54554,623
54555,485
54556,440
54557,571
54558,559
54559,559
54560,450
54561,517
54562,679
54563,571
54564,483
54565,692
54566,465
54567,669
54568,670
54569,460
54570,576
54571,516
54572,535
54573,658
54574,655
54575,670
54576,431
54577,653
54578,666
54579,681
54580,406
54581,438
54582,403
54583,429
54584,565
54585,435
54586,610
54587,512
54588,516
54589,450
54590,414
54591,600
54592,523
54593,555
54594,607
54595,641
54596,563
54597,659
54598,676
54599,592
54600,637
54601,449
54602,612
54603,665
54604,489
54605,543
54606,565
54607,466
54608,419
54609,510
54610,468
54611,424
54612,411
54613,464
54614,581
54615,633
54616,532
54617,585
54618,478
54619,531
54620,674
54621,599
54622,500
54623,551
54624,615
54625,546
54626,679
54627,632
54628,548
54629,674
54630,580
54631,550
54632,692
54633,683
54634,603
54635,479
54636,548
54637,676
54638,434
54639,615
54640,400
54641,605
54642,491
54643,490
54644,469
54645,531
54646,656
54647,491
54648,481
54649,498
54650,452
54651,479
54652,645
54653,688
54654,678
54655,661
54656,660
54657,631
54658,647
54659,654
54660,482
54661,664
54662,402
54663,622
54664,649
54665,591
54666,445
54667,694
54668,668
54669,440
54670,538
54671,440
54672,574
54673,690
54674,679
54675,493
54676,604
54677,455
54678,630
54679,659
54680,619
54681,567
54682,570
54683,536
54684,677
54685,659
54686,690
54687,688
54688,534
54689,504
54690,626
54691,589
54692,594
54693,463
54694,570
54695,417
54696,658
54697,589
54698,694
54699,652
54700,480
54701,459
54702,504
54703,660
54704,654
54705,445
54706,531
54707,413
54708,666
54709,421
54710,505
54711,404
54712,580
54713,548
54714,679
54715,412
54716,425
54717,439
54718,681
54719,685
54720,463
54721,510
54722,487
54723,523
54724,545
54725,613
54726,527
54727,693
54728,548
54729,539
54730,691
54731,521
54732,410
54733,682
54734,651
54735,593
54736,594
54737,480
54738,506
54739,605
54740,608
54741,526
54742,433
54743,463
54744,416
54745,648
54746,504
54747,507
54748,621
54749,575
54750,627
54751,589
54752,612
54753,620
54754,561
54755,697
54756,648
54757,589
54758,411
54759,467
54760,440
54761,659
54762,525
54763,625
54764,609
54765,664
54766,570
54767,400
54768,608
54769,640
54770,471
54771,672
54772,488
54773,419
54774,540
54775,574
54776,449
54777,493
54778,567
54779,454
54780,450
54781,669
54782,544
54783,476
54784,528
54785,510
54786,400
54787,425
54788,515
54789,573
54790,412
54791,433
54792,631
54793,472
54794,450
54795,610
54796,614
54797,440
54798,493
54799,588
54800,534
54801,605
54802,401
54803,603
54804,640
54805,657
54806,555
54807,453
54808,493
54809,460
54810,567
54811,673
54812,424
54813,447
54814,588
54815,452
54816,640
54817,426
54818,458
54819,585
54820,540
54821,456
54822,594
54823,505
54824,679
54825,567
54826,645
54827,613
54828,401
54829,581
54830,582
54831,494
54832,555
54833,579
54834,496
54835,676
54836,637
54837,697
54838,412
54839,581
54840,554
54841,650
54842,680
54843,576
54844,470
54845,483
54846,588
54847,491
54848,468
54849,563
54850,578
54851,432
54852,452
54853,615
54854,601
54855,437
54856,660
54857,430
54858,687
54859,404
54860,578
54861,453
54862,618
54863,683
54864,667
54865,599
54866,672
54867,663
54868,625
54869,417
54870,642
54871,516
54872,409
54873,438
54874,440
54875,507
54876,443
54877,596
54878,698
54879,608
54880,575
54881,674
54882,676
54883,635
54884,402
54885,653
54886,435
54887,405
54888,419
54889,690
54890,561
54891,637
54892,446
54893,691
54894,415
54895,507
54896,576
54897,464
54898,462
54899,472
54900,603
54901,653
54902,459
54903,500
54904,416
54905,594
54906,650
54907,437
54908,684
54909,430
54910,580
54911,681
54912,540
54913,644
54914,674
54915,623
54916,426
54917,649
54918,630
54919,412
54920,497
54921,591
54922,585
54923,418
54924,658
54925,466
54926,425
54927,405
54928,540
54929,637
54930,629
54931,426
54932,504
54933,409
54934,671
54935,678
54936,411
54937,555
54938,476
54939,417
54940,457
54941,529
54942,573
54943,486
54944,453
54945,477
54946,603
54947,669
54948,571
54949,437
54950,585
54951,635
54952,415
54953,625
54954,473
54955,610
54956,685
54957,514
54958,646
54959,436
54960,454
54961,566
54962,576
54963,590
54964,498
54965,511
54966,517
54967,561
54968,456
54969,461
54970,438
54971,428
54972,626
54973,430
54974,438
54975,400
54976,455
54977,585
54978,490
54979,598
54980,570
54981,624
54982,581
54983,529
54984,541
54985,530
54986,541
54987,404
54988,566
54989,519
54990,442
54991,491
54992,629
54993,639
54994,586
54995,477
54996,670
54997,445
54998,406
54999,569
55000,514
55001,662
55002,638
55003,674
55004,415
55005,461
55006,593
55007,691
55008,562
55009,634
55010,679
55011,640
55012,632
55013,528
55014,522
55015,536
55016,414
55017,628
55018,543
55019,629
55020,575
55021,691
55022,645
55023,452
55024,546
55025,440
55026,692
55027,639
55028,594
55029,535
55030,487
55031,669
55032,653
55033,588
55034,690
55035,470
55036,632
55037,407
55038,667
55039,514
55040,696
55041,636
55042,475
55043,498
55044,401
55045,521
55046,584
55047,415
55048,678
55049,440
55050,454
55051,607
55052,531
55053,683
55054,577
55055,641
55056,641
55057,683
55058,522
55059,681
55060,566
55061,412
55062,470
55063,453
55064,412
55065,458
55066,659
55067,479
55068,459
55069,446
55070,601
55071,660
55072,435
55073,418
55074,655
55075,685
55076,440
55077,683
55078,686
55079,627
55080,570
55081,644
55082,411
55083,614
55084,539
55085,697
55086,584
55087,611
55088,671
55089,498
55090,531
55091,514
55092,668
55093,459
55094,683
55095,508
55096,421
55097,426
55098,613
55099,443
55100,479
55101,679
55102,573
55103,672
55104,660
55105,437
55106,458
55107,581
55108,504
55109,495
55110,489
55111,470
55112,499
55113,570
55114,565
55115,639
55116,615
55117,460
55118,585
55119,581
55120,618
55121,433
55122,444
55123,537
55124,585
55125,427
55126,505
55127,685
55128,683
55129,556
55130,686
55131,506
55132,632
55133,595
55134,601
55135,508
55136,430
55137,625
55138,440
55139,463
55140,630
55141,569
55142,699
55143,538
55144,691
55145,635
55146,687
55147,466
55148,587
55149,680
55150,427
55151,610
55152,633
55153,418
55154,512
55155,525
55156,607
55157,481
55158,651
55159,440
55160,668
55161,604
55162,498
55163,482
55164,423
55165,472
55166,582
55167,402
55168,658
55169,429
55170,545
55171,611
55172,426
55173,504
55174,509
55175,418
55176,415
55177,681
55178,669
55179,446
55180,545
55181,555
55182,429
55183,504
55184,548
55185,447
55186,582
55187,557
55188,441
55189,564
55190,696
55191,573
55192,493
55193,613
55194,587
55195,487
55196,656
55197,647
55198,453
55199,690
55200,543
55201,404
55202,436
55203,518
55204,552
55205,645
55206,693
55207,611
55208,529
55209,591
55210,596
55211,655
55212,547
55213,666
55214,690
55215,571
55216,548
55217,547
55218,664
55219,494
55220,585
55221,656
55222,610
55223,402
55224,566
55225,604
55226,577
55227,426
55228,428
55229,526
55230,504
55231,468
55232,506
55233,579
55234,501
55235,661
55236,551
55237,439
55238,688
55239,536
55240,576
55241,466
55242,550
55243,677
55244,611
55245,515
55246,535
55247,546
55248,565
55249,627
55250,533
55251,579
55252,689
55253,442
55254,690
55255,538
55256,652
55257,584
55258,464
55259,579
55260,694
55261,613
55262,552
55263,687
55264,522
55265,493
55266,481
55267,507
55268,639
55269,466
55270,667
55271,642
55272,675
55273,535
55274,558
55275,551
55276,441
55277,425
55278,565
55279,693
55280,496
55281,666
55282,522
55283,422
55284,597
55285,440
55286,520
55287,403
55288,654
55289,530
55290,582
55291,506
55292,576
55293,471
55294,469
55295,468
55296,663
55297,522
55298,626
55299,582
55300,626
55301,471
55302,407
55303,471
55304,611
55305,662
55306,445
55307,549
55308,480
55309,660
55310,574
55311,542
55312,591
55313,558
55314,636
55315,482
55316,699
55317,574
55318,539
55319,463
55320,678
55321,449
55322,614
55323,524
55324,435
55325,538
55326,485
55327,455
55328,648
55329,621
55330,692
55331,648
55332,613
55333,697
55334,557
55335,493
55336,677
55337,565
55338,455
55339,481
55340,433
55341,462
55342,401
55343,589
55344,442
55345,494
55346,673
55347,547
55348,406
55349,613
55350,692
55351,497
55352,441
55353,641
55354,503
55355,646
55356,477
55357,523
55358,431
55359,566
55360,681
55361,429
55362,653
55363,568
55364,431
55365,583
55366,452
55367,548
55368,475
55369,468
55370,673
55371,628
55372,436
55373,534
55374,460
55375,530
55376,400
55377,459
55378,430
55379,663
55380,406
55381,534
55382,419
55383,541
55384,542
55385,609
55386,524
55387,402
55388,530
55389,474
55390,559
55391,671
55392,416
55393,431
55394,554
55395,511
55396,497
55397,660
55398,491
55399,545
55400,402
55401,683
55402,689
55403,685
55404,447
55405,464
55406,620
55407,546
55408,579
55409,696
55410,480
55411,592
55412,696
55413,522
55414,688
55415,627
55416,481
55417,483
55418,642
55419,614
55420,573
55421,504
55422,456
55423,675
55424,568
55425,638
55426,474
55427,693
55428,682
55429,595
55430,617
55431,552
55432,669
55433,436
55434,577
55435,599
55436,569
55437,524
55438,562
55439,686
55440,649
55441,627
55442,544
55443,512
55444,491
55445,580
55446,527
55447,677
55448,568
55449,658
55450,462
55451,611
55452,641
55453,535
55454,438
55455,467
55456,456
55457,552
55458,600
55459,486
55460,438
55461,647
55462,513
55463,603
55464,605
55465,534
55466,661
55467,522
55468,482
55469,612
55470,674
55471,574
55472,674
55473,635
55474,433
55475,570
55476,540
55477,424
55478,496
55479,420
55480,689
55481,509
55482,680
55483,481
55484,506
55485,666
55486,674
55487,576
55488,685
55489,508
55490,437
55491,670
55492,615
55493,531
55494,620
55495,669
55496,663
55497,476
55498,614
55499,492
55500,538
55501,479
55502,449
55503,635
55504,693
55505,551
55506,494
55507,565
55508,489
55509,416
55510,628
55511,682
55512,621
55513,632
55514,680
55515,603
55516,656
55517,676
55518,656
55519,558
55520,658
55521,602
55522,575
55523,481
55524,424
55525,417
55526,683
55527,659
55528,515
55529,548
55530,420
55531,493
55532,547
55533,525
55534,623
55535,520
55536,527
55537,686
55538,552
55539,599
55540,672
55541,547
55542,620
55543,627
55544,578
55545,497
55546,515
55547,522
55548,684
55549,594
55550,639
55551,614
55552,402
55553,647
55554,661
55555,567
55556,660
55557,402
55558,659
55559,615
55560,660
55561,456
55562,569
55563,482
55564,599
55565,555
55566,678
55567,534
55568,693
55569,604
55570,584
55571,484
55572,692
55573,537
55574,617
55575,505
55576,456
55577,491
55578,671
55579,458
55580,658
55581,592
55582,516
55583,594
55584,557
55585,674
55586,674
55587,435
55588,511
55589,628
55590,596
55591,689
55592,582
55593,653
55594,638
55595,697
55596,441
55597,487
55598,575
55599,677
55600,696
55601,679
55602,432
55603,427
55604,608
55605,489
55606,481
55607,647
55608,590
55609,677
55610,417
55611,612
55612,610
55613,401
55614,493
55615,694
55616,416
55617,638
55618,415
55619,554
55620,576
55621,530
55622,697
55623,462
55624,684
55625,529
55626,503
55627,669
55628,667
55629,679
55630,427
55631,616
55632,533
55633,685
55634,433
55635,610
55636,585
55637,580
55638,671
55639,584
55640,426
55641,511
55642,536
55643,425
55644,661
55645,534
55646,668
55647,576
55648,409
55649,698
55650,509
55651,511
55652,500
55653,673
55654,666
55655,665
55656,555
55657,612
55658,453
55659,552
55660,661
55661,688
55662,625
55663,495
55664,573
55665,604
55666,454
55667,634
55668,597
55669,625
55670,680
55671,504
55672,678
55673,577
55674,604
55675,619
55676,540
55677,544
55678,413
55679,557
55680,504
55681,629
55682,688
55683,519
55684,581
55685,584
55686,616
55687,430
55688,678
55689,624
55690,574
55691,576
55692,483
55693,455
55694,491
55695,407
55696,549
55697,461
55698,453
55699,562
55700,518
55701,507
55702,670
55703,513
55704,636
55705,660
55706,416
55707,491
55708,516
55709,618
55710,548
55711,450
55712,453
55713,538
55714,557
55715,636
55716,512
55717,691
55718,633
55719,519
55720,490
55721,609
55722,627
55723,497
55724,489
55725,677
55726,423
55727,474
55728,548
55729,563
55730,406
55731,452
55732,555
55733,679
55734,668
55735,494
55736,400
55737,514
55738,440
55739,586
55740,668
55741,426
55742,522
55743,439
55744,618
55745,653
55746,585
55747,475
55748,451
55749,604
55750,689
55751,566
55752,662
55753,661
55754,625
55755,400
55756,428
55757,491
55758,502
55759,522
55760,501
55761,612
55762,576
55763,444
55764,678
55765,687
55766,675
55767,465
55768,445
55769,429
55770,596
55771,662
55772,494
55773,442
55774,649
55775,435
55776,528
55777,406
55778,443
55779,460
55780,425
55781,520
55782,557
55783,656
55784,462
55785,670
55786,516
55787,675
55788,577
55789,516
55790,563
55791,642
55792,564
55793,573
55794,518
55795,636
55796,554
55797,546
55798,482
55799,671
55800,612
55801,624
55802,633
55803,561
55804,478
55805,578
55806,691
55807,526
55808,580
55809,489
55810,493
55811,488
55812,667
55813,648
55814,580
55815,460
55816,546
55817,518
55818,583
55819,664
55820,680
55821,453
55822,511
55823,574
55824,696
55825,578
55826,449
55827,516
55828,426
55829,590
55830,562
55831,405
55832,590
55833,417
55834,558
55835,543
55836,594
55837,629
55838,589
55839,579
55840,532
55841,607
55842,544
55843,558
55844,671
55845,420
55846,568
55847,694
55848,692
55849,687
55850,680
55851,463
55852,628
55853,501
55854,693
55855,646
55856,491
55857,535
55858,400
55859,690
55860,645
55861,639
55862,671
55863,541
55864,404
55865,676
55866,456
55867,538
55868,520
55869,576
55870,560
55871,551
55872,437
55873,449
55874,634
55875,488
55876,463
55877,608
55878,624
55879,566
55880,601
55881,541
55882,477
55883,409
55884,647
55885,443
55886,695
55887,508
55888,587
55889,469
55890,631
55891,430
55892,692
55893,585
55894,570
55895,508
55896,496
55897,437
55898,663
55899,689
55900,544
55901,416
55902,493
55903,452
55904,508
55905,456
55906,547
55907,460
55908,424
55909,477
55910,426
55911,498
55912,427
55913,533
55914,696
55915,622
55916,588
55917,660
55918,666
55919,634
55920,439
55921,513
55922,566
55923,509
55924,419
55925,629
55926,668
55927,475
55928,664
55929,515
55930,402
55931,410
55932,660
55933,551
55934,597
55935,481
55936,524
55937,629
55938,533
55939,485
55940,697
55941,442
55942,603
55943,680
55944,417
55945,590
55946,622
55947,656
55948,414
55949,581
55950,433
55951,579
55952,401
55953,550
55954,509
55955,505
55956,654
55957,413
55958,672
55959,543
55960,606
55961,506
55962,646
55963,622
55964,667
55965,624
55966,474
55967,442
55968,532
55969,682
55970,455
55971,607
55972,626
55973,503
55974,467
55975,649
55976,490
55977,670
55978,425
55979,606
55980,651
55981,409
55982,497
55983,501
55984,535
55985,620
55986,431
55987,676
55988,495
55989,667
55990,575
55991,502
55992,586
55993,436
55994,609
55995,654
55996,530
55997,497
55998,432
55999,435
56000,636
56001,402
56002,530
56003,619
56004,581
56005,427
56006,425
56007,556
56008,409
56009,508
56010,495
56011,545
56012,580
56013,609
56014,544
56015,448
56016,553
56017,660
56018,443
56019,635
56020,520
56021,647
56022,406
56023,419
56024,583
56025,599
56026,653
56027,644
56028,463
56029,698
56030,699
56031,552
56032,416
56033,438
56034,552
56035,694
56036,438
56037,586
56038,637
56039,671
56040,556
56041,630
56042,593
56043,649
56044,665
56045,401
56046,540
56047,581
56048,401
56049,569
56050,669
56051,448
56052,684
56053,678
56054,678
56055,671
56056,443
56057,459
56058,598
56059,508
56060,464
56061,572
56062,497
56063,528
56064,667
56065,486
56066,488
56067,628
56068,529
56069,531
56070,652
56071,509
56072,696
56073,693
56074,614
56075,603
56076,423
56077,492
56078,568
56079,427
56080,589
56081,665
56082,684
56083,462
56084,486
56085,406
56086,554
56087,419
56088,651
56089,449
56090,588
56091,466
56092,601
56093,498
56094,548
56095,559
56096,565
56097,427
56098,587
56099,597
56100,608
56101,665
56102,657
56103,656
56104,632
56105,603
56106,472
56107,412
56108,470
56109,400
56110,558
56111,615
56112,594
56113,403
56114,652
56115,683
56116,699
56117,429
56118,691
56119,505
56120,521
56121,595
56122,602
56123,659
56124,666
56125,640
56126,452
56127,523
56128,487
56129,643
56130,444
56131,463
56132,585
56133,412
56134,608
56135,451
56136,506
56137,408
56138,511
56139,519
56140,466
56141,481
56142,601
56143,584
56144,556
56145,515
56146,513
56147,532
56148,647
56149,510
56150,631
56151,458
56152,690
56153,660
56154,449
56155,670
56156,502
56157,551
56158,420
56159,657
56160,610
56161,481
56162,409
56163,564
56164,550
56165,572
56166,464
56167,649
56168,517
56169,533
56170,417
56171,654
56172,567
56173,416
56174,409
56175,629
56176,430
56177,614
56178,550
56179,444
56180,606
56181,538
56182,668
56183,613
56184,561
56185,602
56186,409
56187,475
56188,633
56189,632
56190,625
56191,616
56192,691
56193,403
56194,548
56195,588
56196,493
56197,437
56198,475
56199,694
56200,488
56201,674
56202,401
56203,549
56204,493
56205,499
56206,658
56207,678
56208,403
56209,477
56210,597
56211,564
56212,406
56213,400
56214,487
56215,579
56216,409
56217,533
56218,509
56219,524
56220,606
56221,539
56222,502
56223,510
56224,469
56225,509
56226,623
56227,623
56228,618
56229,638
56230,518
56231,613
56232,435
56233,678
56234,655
56235,554
56236,670
56237,441
56238,428
56239,582
56240,602
56241,448
56242,453
56243,621
56244,436
56245,604
56246,679
56247,454
56248,622
56249,507
56250,605
56251,571
56252,489
56253,405
56254,686
56255,570
56256,667
56257,592
56258,643
56259,579
56260,647
56261,469
56262,620
56263,429
56264,518
56265,604
56266,621
56267,525
56268,454
56269,438
56270,661
56271,583
56272,407
56273,415
56274,463
56275,652
56276,410
56277,487
56278,610
56279,403
56280,530
56281,670
56282,467
56283,408
56284,424
56285,464
56286,503
56287,465
56288,582
56289,572
56290,688
56291,421
56292,441
56293,603
56294,554
56295,410
56296,697
56297,477
56298,503
56299,677
56300,536
56301,606
56302,650
56303,624
56304,456
56305,686
56306,673
56307,567
56308,572
56309,497
56310,659
56311,572
56312,573
56313,611
56314,594
56315,664
56316,671
56317,536
56318,482
56319,443
56320,606
56321,516
56322,404
56323,620
56324,682
56325,513
56326,649
56327,489
56328,427
56329,431
56330,616
56331,470
56332,651
56333,429
56334,655
56335,558
56336,408
56337,555
56338,613
56339,553
56340,482
56341,500
56342,409
56343,679
56344,680
56345,579
56346,489
56347,528
56348,506
56349,679
56350,682
56351,506
56352,554
56353,631
56354,694
56355,483
56356,475
56357,660
56358,629
56359,671
56360,620
56361,580
56362,601
56363,684
56364,517
56365,516
56366,596
56367,593
56368,691
56369,503
56370,573
56371,502
56372,408
56373,563
56374,404
56375,488
56376,577
56377,683
56378,426
56379,574
56380,560
56381,514
56382,496
56383,565
56384,535
56385,563
56386,601
56387,568
56388,535
56389,557
56390,626
56391,671
56392,449
56393,401
56394,474
56395,646
56396,614
56397,629
56398,641
56399,587
56400,528
56401,496
56402,564
56403,576
56404,516
56405,609
56406,672
56407,450
56408,664
56409,463
56410,628
56411,697
56412,636
56413,624
56414,516
56415,649
56416,469
56417,434
56418,672
56419,443
56420,506
56421,628
56422,651
56423,443
56424,448
56425,459
56426,657
56427,464
56428,513
56429,658
56430,561
56431,563
56432,414
56433,436
56434,537
56435,664
56436,445
56437,505
56438,480
56439,673
56440,512
56441,607
56442,640
56443,488
56444,582
56445,671
56446,654
56447,644
56448,667
56449,498
56450,458
56451,472
56452,511
56453,564
56454,687
56455,610
56456,421
56457,482
56458,641
56459,411
56460,404
56461,681
56462,515
56463,419
56464,588
56465,535
56466,457
56467,572
56468,592
56469,404
56470,558
56471,678
56472,539
56473,403
56474,692
56475,474
56476,633
56477,503
56478,536
56479,681
56480,630
56481,682
56482,637
56483,634
56484,589
56485,577
56486,621
56487,613
56488,612
56489,492
56490,445
56491,654
56492,590
56493,544
56494,503
56495,463
56496,556
56497,527
56498,423
56499,524
56500,574
56501,500
56502,450
56503,657
56504,548
56505,567
56506,504
56507,468
56508,434
56509,562
56510,607
56511,552
56512,479
56513,430
56514,624
56515,654
56516,608
56517,579
56518,543
56519,629
56520,463
56521,439
56522,642
56523,644
56524,496
56525,544
56526,455
56527,429
56528,507
56529,613
56530,620
56531,503
56532,580
56533,526
56534,597
56535,432
56536,633
56537,435
56538,417
56539,631
56540,665
56541,694
56542,448
56543,457
56544,550
56545,534
56546,523
56547,582
56548,604
56549,546
56550,508
56551,549
56552,632
56553,666
56554,530
56555,546
56556,490
56557,618
56558,433
56559,410
56560,660
56561,470
56562,563
56563,660
56564,583
56565,532
56566,682
56567,633
56568,414
56569,504
56570,419
56571,647
56572,561
56573,526
56574,433
56575,514
56576,618
56577,641
56578,420
56579,624
56580,566
56581,695
56582,571
56583,563
56584,616
56585,598
56586,449
56587,693
56588,679
56589,458
56590,572
56591,553
56592,621
56593,618
56594,482
56595,666
56596,527
56597,585
56598,629
56599,671
56600,400
56601,696
56602,414
56603,479
56604,573
56605,431
56606,438
56607,592
56608,639
56609,472
56610,492
56611,488
56612,653
56613,633
56614,538
56615,597
56616,689
56617,571
56618,413
56619,552
56620,595
56621,577
56622,494
56623,636
56624,477
56625,643
56626,619
56627,619
56628,606
56629,583
56630,514
56631,523
56632,637
56633,507
56634,446
56635,597
56636,450
56637,593
56638,469
56639,486
56640,474
56641,592
56642,619
56643,677
56644,632
56645,627
56646,443
56647,696
56648,654
56649,649
56650,672
56651,572
56652,635
56653,445
56654,620
56655,542
56656,632
56657,665
56658,589
56659,582
56660,590
56661,538
56662,434
56663,531
56664,472
56665,562
56666,693
56667,622
56668,584
56669,494
56670,688
56671,571
56672,547
56673,578
56674,541
56675,690
56676,509
56677,560
56678,460
56679,471
56680,514
56681,605
56682,441
56683,419
56684,491
56685,467
56686,534
56687,465
56688,550
56689,435
56690,539
56691,622
56692,604
56693,694
56694,469
56695,558
56696,583
56697,417
56698,458
56699,623
56700,508
56701,530
56702,429
56703,591
56704,597
56705,641
56706,490
56707,401
56708,675
56709,496
56710,684
56711,664
56712,403
56713,637
56714,439
56715,681
56716,640
56717,502
56718,696
56719,697
56720,460
56721,461
56722,625
56723,654
56724,652
56725,676
56726,558
56727,638
56728,442
56729,551
56730,479
56731,536
56732,612
56733,564
56734,564
56735,596
56736,661
56737,447
56738,526
56739,535
56740,431
56741,500
56742,476
56743,594
56744,600
56745,467
56746,427
56747,456
56748,602
56749,454
56750,482
56751,505
56752,650
56753,532
56754,591
56755,431
56756,497
56757,667
56758,506
56759,465
56760,451
56761,598
56762,687
56763,631
56764,562
56765,640
56766,421
56767,616
56768,574
56769,678
56770,571
56771,408
56772,458
56773,516
56774,500
56775,644
56776,685
56777,699
56778,576
56779,415
56780,520
56781,613
56782,629
56783,483
56784,580
56785,632
56786,441
56787,472
56788,654
56789,587
56790,689
56791,639
56792,495
56793,475
56794,401
56795,577
56796,511
56797,603
56798,637
56799,425
56800,507
56801,564
56802,454
56803,673
56804,679
56805,429
56806,416
56807,697
56808,480
56809,426
56810,582
56811,403
56812,562
56813,471
56814,475
56815,639
56816,689
56817,691
56818,659
56819,410
56820,458
56821,658
56822,601
56823,667
56824,512
56825,472
56826,635
56827,405
56828,488
56829,513
56830,567
56831,451
56832,699
56833,461
56834,483
56835,635
56836,556
56837,546
56838,522
56839,686
56840,581
56841,498
56842,589
56843,650
56844,597
56845,646
56846,664
56847,456
56848,682
56849,457
56850,585
56851,679
56852,461
56853,480
56854,645
56855,648
56856,402
56857,635
56858,450
56859,504
56860,498
56861,479
56862,570
56863,554
56864,429
56865,498
56866,545
56867,634
56868,498
56869,589
56870,676
56871,656
56872,602
56873,424
56874,574
56875,600
56876,694
56877,682
56878,492
56879,449
56880,618
56881,555
56882,456
56883,630
56884,606
56885,671
56886,614
56887,583
56888,690
56889,466
56890,646
56891,415
56892,610
56893,473
56894,417
56895,421
56896,505
56897,518
56898,415
56899,583
56900,402
56901,522
56902,642
56903,690
56904,504
56905,502
56906,607
56907,548
56908,592
56909,621
56910,446
56911,566
56912,486
56913,625
56914,519
56915,647
56916,543
56917,632
56918,402
56919,636
56920,657
56921,425
56922,417
56923,695
56924,530
56925,416
56926,657
56927,469
56928,584
56929,448
56930,475
56931,676
56932,415
56933,405
56934,433
56935,458
56936,466
56937,654
56938,696
56939,556
56940,431
56941,409
56942,591
56943,618
56944,476
56945,419
56946,555
56947,426
56948,552
56949,684
56950,515
56951,649
56952,444
56953,685
56954,693
56955,687
56956,470
56957,562
56958,475
56959,404
56960,506
56961,518
56962,686
56963,496
56964,580
56965,400
56966,485
56967,464
56968,502
56969,423
56970,550
56971,652
56972,406
56973,403
56974,650
56975,581
56976,503
56977,451
56978,481
56979,447
56980,616
56981,581
56982,642
56983,619
56984,607
56985,526
56986,581
56987,695
56988,434
56989,679
56990,562
56991,602
56992,561
56993,629
56994,403
56995,477
56996,551
56997,515
56998,435
56999,690
57000,684
57001,435
57002,454
57003,448
57004,454
57005,659
57006,529
57007,487
57008,669
57009,525
57010,584
57011,429
57012,607
57013,407
57014,541
57015,611
57016,683
57017,531
57018,501
57019,682
57020,474
57021,499
57022,631
57023,690
57024,635
57025,668
57026,454
57027,653
57028,614
57029,698
57030,698
57031,695
57032,558
57033,658
57034,627
57035,544
57036,479
57037,438
57038,593
57039,596
57040,496
57041,645
57042,475
57043,652
57044,677
57045,407
57046,598
57047,651
57048,417
57049,641
57050,652
57051,403
57052,636
57053,578
57054,411
57055,692
57056,657
57057,658
57058,484
57059,694
57060,511
57061,605
57062,621
57063,417
57064,412
57065,669
57066,440
57067,439
57068,488
57069,500
57070,618
57071,614
57072,409
57073,616
57074,520
57075,562
57076,551
57077,483
57078,601
57079,449
57080,548
57081,619
57082,554
57083,496
57084,498
57085,585
57086,533
57087,546
57088,512
57089,416
57090,433
57091,461
57092,595
57093,486
57094,522
57095,653
57096,526
57097,561
57098,571
57099,651
57100,408
57101,650
57102,638
57103,434
57104,665
57105,503
57106,556
57107,573
57108,597
57109,610
57110,617
57111,600
57112,632
57113,515
57114,476
57115,617
57116,452
57117,483
57118,657
57119,531
57120,598
57121,674
57122,482
57123,648
57124,468
57125,541
57126,539
57127,673
57128,656
57129,403
57130,667
57131,489
57132,414
57133,535
57134,619
57135,685
57136,581
57137,526
57138,525
57139,594
57140,597
57141,617
57142,407
57143,630
57144,590
57145,492
57146,544
57147,415
57148,512
57149,595
57150,604
57151,467
57152,526
57153,559
57154,551
57155,683
57156,550
57157,462
57158,583
57159,612
57160,472
57161,683
57162,553
57163,587
57164,459
57165,655
57166,582
57167,424
57168,424
57169,437
57170,499
57171,546
57172,679
57173,454
57174,471
57175,642
57176,526
57177,653
57178,467
57179,552
57180,548
57181,625
57182,579
57183,402
57184,688
57185,600
57186,406
57187,554
57188,656
57189,567
57190,562
57191,694
57192,410
57193,530
57194,604
57195,491
57196,510
57197,689
57198,646
57199,460
57200,509
57201,631
57202,524
57203,602
57204,670
57205,659
57206,422
57207,599
57208,479
57209,671
57210,452
57211,665
57212,452
57213,671
57214,627
57215,579
57216,599
57217,591
57218,422
57219,439
57220,629
57221,417
57222,621
57223,563
57224,568
57225,400
57226,653
57227,598
57228,611
57229,569
57230,551
57231,464
57232,417
57233,489
57234,413
57235,418
57236,481
57237,648
57238,508
57239,406
57240,401
57241,662
57242,427
57243,685
57244,653
57245,484
57246,600
57247,691
57248,677
57249,477
57250,609
57251,525
57252,409
57253,639
57254,677
57255,569
57256,568
57257,656
57258,649
57259,583
57260,628
57261,602
57262,571
57263,480
57264,448
57265,614
57266,576
57267,494
57268,517
57269,497
57270,473
57271,436
57272,586
57273,665
57274,634
57275,470
57276,548
57277,661
57278,686
57279,539
57280,430
57281,664
57282,554
57283,515
57284,608
57285,514
57286,450
57287,471
57288,527
57289,648
57290,542
57291,566
57292,469
57293,407
57294,562
57295,462
57296,686
57297,633
57298,617
57299,652
57300,593
57301,696
57302,656
57303,641
57304,688
57305,507
57306,436
57307,410
57308,483
57309,617
57310,637
57311,446
57312,531
57313,610
57314,604
57315,482
57316,476
57317,539
57318,527
57319,465
57320,641
57321,550
57322,454
57323,546
57324,466
57325,550
57326,403
57327,417
57328,411
57329,655
57330,434
57331,442
57332,477
57333,451
57334,416
57335,610
57336,626
57337,432
57338,476
57339,467
57340,449
57341,557
57342,597
57343,657
57344,433
57345,611
57346,671
57347,463
57348,554
57349,668
57350,439
57351,559
57352,413
57353,519
57354,445
57355,509
57356,618
57357,520
57358,688
57359,445
57360,453
57361,453
57362,403
57363,639
57364,479
57365,600
57366,601
57367,655
57368,598
57369,472
57370,575
57371,618
57372,623
57373,682
57374,680
57375,492
57376,551
57377,479
57378,607
57379,491
57380,419
57381,452
57382,482
57383,473
57384,529
57385,658
57386,583
57387,465
57388,552
57389,595
57390,414
57391,609
57392,534
57393,481
57394,470
57395,696
57396,571
57397,522
57398,688
57399,609
57400,463
57401,462
57402,407
57403,644
57404,564
57405,492
57406,683
57407,598
57408,523
57409,454
57410,589
57411,542
57412,496
57413,596
57414,684
57415,480
57416,508
57417,682
57418,608
57419,514
57420,640
57421,678
57422,603
57423,600
57424,554
57425,664
57426,688
57427,469
57428,578
57429,567
57430,405
57431,531
57432,658
57433,540
57434,681
57435,689
57436,604
57437,580
57438,446
57439,535
57440,632
57441,601
57442,431
57443,676
57444,591
57445,490
57446,470
57447,697
57448,434
57449,619
57450,598
57451,505
57452,451
57453,416
57454,408
57455,579
57456,402
57457,677
57458,581
57459,691
57460,566
57461,650
57462,673
57463,480
57464,426
57465,517
57466,626
57467,594
57468,540
57469,672
57470,642
57471,416
57472,583
57473,447
57474,415
57475,592
57476,682
57477,413
57478,627
57479,515
57480,623
57481,428
57482,427
57483,445
57484,459
57485,547
57486,451
57487,549
57488,543
57489,548
57490,571
57491,548
57492,503
57493,538
57494,519
57495,436
57496,571
57497,523
57498,677
57499,611
57500,593
57501,420
57502,640
57503,544
57504,691
57505,541
57506,564
57507,533
57508,577
57509,484
57510,604
57511,437
57512,565
57513,423
57514,417
57515,559
57516,621
57517,501
57518,488
57519,557
57520,487
57521,532
57522,659
57523,578
57524,688
57525,514
57526,686
57527,482
57528,636
57529,638
57530,465
57531,547
57532,603
57533,513
57534,588
57535,691
57536,483
57537,675
57538,499
57539,673
57540,597
57541,433
57542,478
57543,530
57544,471
57545,642
57546,538
57547,573
57548,416
57549,446
57550,429
57551,439
57552,598
57553,555
57554,683
57555,458
57556,613
57557,662
57558,423
57559,696
57560,638
57561,453
57562,669
57563,571
57564,608
57565,444
57566,649
57567,406
57568,658
57569,487
57570,588
57571,429
57572,404
57573,599
57574,406
57575,566
57576,570
57577,427
57578,507
57579,546
57580,683
57581,498
57582,475
57583,491
57584,629
57585,597
57586,546
57587,463
57588,449
57589,409
57590,624
57591,481
57592,581
57593,409
57594,634
57595,632
57596,634
57597,433
57598,442
57599,532
57600,512
57601,453
57602,541
57603,448
57604,666
57605,558
57606,537
57607,420
57608,653
57609,622
57610,602
57611,506
57612,473
57613,419
57614,676
57615,456
57616,456
57617,468
57618,597
57619,551
57620,607
57621,587
57622,550
57623,446
57624,607
57625,642
57626,579
57627,540
57628,636
57629,407
57630,501
57631,559
57632,544
57633,404
57634,493
57635,616
57636,571
57637,537
57638,555
57639,660
57640,699
57641,558
57642,671
57643,522
57644,678
57645,420
57646,678
57647,607
57648,517
57649,522
57650,600
57651,490
57652,480
57653,615
57654,676
57655,400
57656,543
57657,649
57658,570
57659,533
57660,475
57661,511
57662,649
57663,666
57664,495
57665,640
57666,675
57667,676
57668,691
57669,437
57670,666
57671,673
57672,480
57673,497
57674,444
57675,553
57676,533
57677,442
57678,493
57679,579
57680,655
57681,641
57682,623
57683,416
57684,516
57685,445
57686,568
57687,540
57688,613
57689,624
57690,577
57691,447
57692,498
57693,682
57694,661
57695,457
57696,652
57697,590
57698,400
57699,634
57700,683
57701,684
57702,555
57703,490
57704,609
57705,629
57706,652
57707,642
57708,440
57709,522
57710,596
57711,549
57712,639
57713,677
57714,442
57715,433
57716,513
57717,401
57718,637
57719,646
57720,458
57721,435
57722,631
57723,407
57724,560
57725,688
57726,417
57727,463
57728,460
57729,482
57730,409
57731,505
57732,632
57733,621
57734,677
57735,438
57736,685
57737,532
57738,642
57739,681
57740,519
57741,462
57742,573
57743,430
57744,630
57745,568
57746,539
57747,672
57748,545
57749,593
57750,643
57751,694
57752,473
57753,535
57754,490
57755,425
57756,475
57757,434
57758,606
57759,676
57760,564
57761,523
57762,621
57763,672
57764,496
57765,481
57766,424
57767,460
57768,493
57769,692
57770,645
57771,540
57772,652
57773,695
57774,569
57775,637
57776,569
57777,698
57778,595
57779,555
57780,498
57781,696
57782,532
57783,538
57784,663
57785,548
57786,660
57787,433
57788,408
57789,693
57790,442
57791,495
57792,411
57793,539
57794,686
57795,666
57796,682
57797,420
57798,668
57799,649
57800,444
57801,574
57802,680
57803,476
57804,632
57805,597
57806,654
57807,555
57808,403
57809,483
57810,596
57811,613
57812,679
57813,544
57814,456
57815,553
57816,499
57817,599
57818,407
57819,409
57820,523
57821,669
57822,426
57823,404
57824,532
57825,539
57826,663
57827,626
57828,459
57829,479
57830,454
57831,493
57832,440
57833,409
57834,625
57835,515
57836,506
57837,406
57838,420
57839,651
57840,500
57841,614
57842,443
57843,622
57844,609
57845,613
57846,692
57847,638
57848,464
57849,653
57850,405
57851,693
57852,620
57853,602
57854,469
57855,464
57856,651
57857,582
57858,511
57859,651
57860,690
57861,679
57862,693
57863,402
57864,578
57865,588
57866,567
57867,453
57868,465
57869,514
57870,670
57871,613
57872,509
57873,582
57874,659
57875,423
57876,493
57877,655
57878,613
57879,439
57880,682
57881,436
57882,656
57883,603
57884,610
57885,522
57886,694
57887,685
57888,675
57889,643
57890,649
57891,542
57892,648
57893,466
57894,521
57895,634
57896,681
57897,619
57898,525
57899,661
57900,637
57901,431
57902,602
57903,672
57904,573
57905,637
57906,509
57907,470
57908,543
57909,605
57910,640
57911,490
57912,557
57913,606
57914,456
57915,455
57916,566
57917,526
57918,417
57919,474
57920,677
57921,658
57922,423
57923,466
57924,522
57925,686
57926,452
57927,520
57928,585
57929,686
57930,643
57931,475
57932,483
57933,691
57934,546
57935,404
57936,500
57937,499
57938,572
57939,507
57940,669
57941,427
57942,644
57943,664
57944,437
57945,492
57946,552
57947,447
57948,529
57949,405
57950,460
57951,657
57952,668
57953,644
57954,407
57955,664
57956,550
57957,599
57958,667
57959,616
57960,609
57961,570
57962,500
57963,459
57964,428
57965,552
57966,465
57967,638
57968,404
57969,523
57970,494
57971,404
57972,484
57973,639
57974,448
57975,425
57976,497
57977,669
57978,673
57979,635
57980,608
57981,424
57982,532
57983,580
57984,484
57985,645
57986,438
57987,650
57988,513
57989,666
57990,501
57991,626
57992,653
57993,626
57994,648
57995,680
57996,557
57997,401
57998,611
57999,435
58000,436
58001,657
58002,639
58003,490
58004,495
58005,586
58006,659
58007,618
58008,594
58009,445
58010,464
58011,626
58012,455
58013,603
58014,434
58015,518
58016,637
58017,500
58018,678
58019,624
58020,443
58021,400
58022,618
58023,615
58024,539
58025,675
58026,511
58027,642
58028,405
58029,676
58030,502
58031,469
58032,586
58033,557
58034,537
58035,656
58036,482
58037,473
58038,413
58039,530
58040,595
58041,567
58042,611
58043,606
58044,534
58045,507
58046,658
58047,518
58048,618
58049,564
58050,553
58051,424
58052,442
58053,514
58054,443
58055,611
58056,684
58057,637
58058,625
58059,617
58060,645
58061,536
58062,677
58063,469
58064,405
58065,554
58066,655
58067,521
58068,517
58069,608
58070,480
58071,506
58072,535
58073,413
58074,430
58075,578
58076,493
58077,481
58078,579
58079,648
58080,640
58081,564
58082,685
58083,429
58084,566
58085,682
58086,601
58087,493
58088,414
58089,699
58090,447
58091,550
58092,513
58093,413
58094,570
58095,460
58096,417
58097,629
58098,485
58099,600
58100,545
58101,456
58102,484
58103,670
58104,600
58105,505
58106,529
58107,413
58108,420
58109,444
58110,433
58111,470
58112,651
58113,630
58114,411
58115,522
58116,662
58117,468
58118,510
58119,645
58120,497
58121,680
58122,600
58123,561
58124,559
58125,539
58126,652
58127,565
58128,648
58129,665
58130,440
58131,454
58132,628
58133,623
58134,647
58135,598
58136,514
58137,652
58138,601
58139,442
58140,565
58141,554
58142,687
58143,514
58144,575
58145,681
58146,457
58147,581
58148,513
58149,573
58150,655
58151,489
58152,540
58153,405
58154,629
58155,618
58156,466
58157,551
58158,670
58159,625
58160,462
58161,420
58162,400
58163,654
58164,624
58165,525
58166,666
58167,601
58168,507
58169,487
58170,576
58171,528
58172,672
58173,538
58174,524
58175,409
58176,465
58177,687
58178,415
58179,650
58180,681
58181,630
58182,652
58183,499
58184,493
58185,404
58186,406
58187,464
58188,618
58189,667
58190,607
58191,575
58192,599
58193,680
58194,409
58195,653
58196,567
58197,688
58198,502
58199,415
58200,432
58201,434
58202,582
58203,501
58204,478
58205,416
58206,682
58207,420
58208,416
58209,475
58210,443
58211,427
58212,424
58213,600
58214,500
58215,678
58216,474
58217,464
58218,654
58219,671
58220,523
58221,449
58222,412
58223,645
58224,607
58225,434
58226,513
58227,431
58228,652
58229,647
58230,555
58231,517
58232,434
58233,617
58234,667
58235,580
58236,443
58237,573
58238,666
58239,597
58240,498
58241,609
58242,599
58243,546
58244,611
58245,431
58246,555
58247,475
58248,601
58249,626
58250,688
58251,541
58252,503
58253,614
58254,507
58255,697
58256,691
58257,424
58258,628
58259,514
58260,607
58261,589
58262,614
58263,408
58264,506
58265,626
58266,620
58267,605
58268,580
58269,528
58270,686
58271,572
58272,555
58273,501
58274,515
58275,567
58276,403
58277,597
58278,603
58279,461
58280,470
58281,491
58282,575
58283,584
58284,455
58285,466
58286,462
58287,440
58288,630
58289,550
58290,574
58291,625
58292,496
58293,627
58294,435
58295,413
58296,564
58297,580
58298,592
58299,598
58300,645
58301,413
58302,478
58303,400
58304,674
58305,534
58306,514
58307,463
58308,673
58309,595
58310,490
58311,671
58312,477
58313,636
58314,413
58315,569
58316,508
58317,442
58318,474
58319,640
58320,479
58321,571
58322,658
58323,513
58324,510
58325,401
58326,428
58327,671
58328,646
58329,620
58330,494
58331,633
58332,642
58333,423
58334,559
58335,581
58336,640
58337,583
58338,493
58339,607
58340,452
58341,493
58342,497
58343,517
58344,689
58345,460
58346,651
58347,647
58348,663
58349,453
58350,580
58351,547
58352,445
58353,517
58354,492
58355,430
58356,612
58357,553
58358,677
58359,503
58360,553
58361,672
58362,554
58363,455
58364,679
58365,424
58366,665
58367,691
58368,633
58369,609
58370,524
58371,572
58372,517
58373,482
58374,481
58375,422
58376,535
58377,488
58378,698
58379,610
58380,481
58381,495
58382,445
58383,670
58384,448
58385,548
58386,474
58387,620
58388,623
58389,405
58390,454
58391,414
58392,410
58393,566
58394,473
58395,564
58396,584
58397,487
58398,642
58399,464
58400,672
58401,590
58402,541
58403,437
58404,552
58405,436
58406,626
58407,651
58408,534
58409,410
58410,601
58411,637
58412,468
58413,569
58414,470
58415,670
58416,548
58417,481
58418,400
58419,409
58420,546
58421,697
58422,493
58423,696
58424,632
58425,547
58426,523
58427,667
58428,647
58429,497
58430,505
58431,565
58432,512
58433,457
58434,645
58435,666
58436,575
58437,695
58438,513
58439,493
58440,649
58441,467
58442,548
58443,404
58444,645
58445,563
58446,649
58447,534
58448,583
58449,686
58450,611
58451,424
58452,583
58453,616
58454,561
58455,571
58456,406
58457,502
58458,552
58459,637
58460,569
58461,693
58462,455
58463,491
58464,561
58465,556
58466,575
58467,471
58468,476
58469,445
58470,692
58471,646
58472,402
58473,623
58474,648
58475,614
58476,476
58477,630
58478,449
58479,548
58480,506
58481,585
58482,686
58483,406
58484,691
58485,679
58486,423
58487,612
58488,588
58489,476
58490,523
58491,683
58492,559
58493,623
58494,645
58495,477
58496,495
58497,444
58498,468
58499,498
58500,467
58501,477
58502,545
58503,474
58504,401
58505,556
58506,486
58507,649
58508,447
58509,653
58510,464
58511,441
58512,533
58513,480
58514,418
58515,579
58516,519
58517,418
58518,469
58519,588
58520,493
58521,549
58522,523
58523,532
58524,621
58525,466
58526,694
58527,630
58528,555
58529,549
58530,508
58531,502
58532,480
58533,505
58534,427
58535,649
58536,685
58537,407
58538,653
58539,440
58540,552
58541,458
58542,604
58543,689
58544,566
58545,613
58546,624
58547,693
58548,508
58549,643
58550,677
58551,590
58552,554
58553,420
58554,562
58555,649
58556,446
58557,449
58558,537
58559,510
58560,683
58561,631
58562,692
58563,568
58564,588
58565,450
58566,407
58567,628
58568,632
58569,418
58570,429
58571,541
58572,691
58573,515
58574,506
58575,433
58576,577
58577,431
58578,697
58579,560
58580,669
58581,513
58582,493
58583,430
58584,551
58585,642
58586,664
58587,423
58588,617
58589,464
58590,614
58591,499
58592,649
58593,675
58594,489
58595,650
58596,464
58597,635
58598,476
58599,457
58600,499
58601,699
58602,644
58603,451
58604,561
58605,590
58606,521
58607,667
58608,693
58609,645
58610,583
58611,567
58612,503
58613,488
58614,411
58615,488
58616,553
58617,435
58618,415
58619,605
58620,561
58621,599
58622,604
58623,556
58624,698
58625,418
58626,537
58627,455
58628,587
58629,442
58630,695
58631,689
58632,512
58633,528
58634,674
58635,656
58636,487
58637,615
58638,683
58639,506
58640,423
58641,631
58642,443
58643,477
58644,542
58645,614
58646,403
58647,611
58648,686
58649,598
58650,400
58651,413
58652,621
58653,678
58654,507
58655,517
58656,518
58657,637
58658,653
58659,444
58660,525
58661,534
58662,463
58663,657
58664,405
58665,416
58666,681
58667,440
58668,631
58669,489
58670,549
58671,471
58672,656
58673,444
58674,439
58675,591
58676,410
58677,534
58678,578
58679,620
58680,621
58681,438
58682,443
58683,696
58684,694
58685,547
58686,421
58687,556
58688,402
58689,600
58690,496
58691,508
58692,627
58693,641
58694,696
58695,428
58696,508
58697,410
58698,494
58699,531
58700,492
58701,453
58702,641
58703,594
58704,657
58705,467
58706,699
58707,589
58708,527
58709,418
58710,571
58711,461
58712,466
58713,610
58714,574
58715,406
58716,632
58717,598
58718,421
58719,628
58720,524
58721,472
58722,585
58723,682
58724,437
58725,647
58726,475
58727,540
58728,496
58729,542
58730,479
58731,655
58732,414
58733,695
58734,685
58735,422
58736,664
58737,559
58738,690
58739,495
58740,671
58741,687
58742,680
58743,692
58744,436
58745,562
58746,535
58747,640
58748,574
58749,691
58750,517
58751,656
58752,617
58753,602
58754,542
58755,654
58756,495
58757,606
58758,486
58759,530
58760,514
58761,687
58762,654
58763,547
58764,455
58765,498
58766,697
58767,459
58768,583
58769,574
58770,551
58771,696
58772,403
58773,475
58774,400
58775,669
58776,563
58777,697
58778,447
58779,417
58780,488
58781,555
58782,580
58783,408
58784,551
58785,547
58786,426
58787,500
58788,598
58789,482
58790,453
58791,481
58792,542
58793,652
58794,496
58795,439
58796,628
58797,596
58798,570
58799,401
58800,685
58801,451
58802,502
58803,432
58804,664
58805,410
58806,475
58807,453
58808,496
58809,547
58810,404
58811,679
58812,686
58813,505
58814,443
58815,605
58816,679
58817,517
58818,667
58819,577
58820,627
58821,680
58822,516
58823,541
58824,471
58825,428
58826,424
58827,486
58828,586
58829,499
58830,654
58831,577
58832,539
58833,481
58834,418
58835,654
58836,452
58837,434
58838,554
58839,466
58840,629
58841,450
58842,442
58843,434
58844,414
58845,543
58846,468
58847,598
58848,484
58849,568
58850,592
58851,429
58852,546
58853,487
58854,478
58855,626
58856,423
58857,576
58858,586
58859,669
58860,613
58861,694
58862,663
58863,575
58864,479
58865,637
58866,480
58867,596
58868,696
58869,690
58870,580
58871,453
58872,564
58873,417
58874,676
58875,655
58876,697
58877,535
58878,611
58879,640
58880,513
58881,596
58882,586
58883,665
58884,590
58885,662
58886,434
58887,441
58888,612
58889,487
58890,684
58891,554
58892,693
58893,657
58894,424
58895,593
58896,693
58897,458
58898,505
58899,406
58900,576
58901,595
58902,631
58903,696
58904,601
58905,619
58906,679
58907,691
58908,676
58909,682
58910,484
58911,618
58912,626
58913,689
58914,451
58915,541
58916,458
58917,456
58918,519
58919,436
58920,585
58921,687
58922,675
58923,525
58924,612
58925,588
58926,584
58927,508
58928,451
58929,500
58930,545
58931,604
58932,574
58933,630
58934,525
58935,667
58936,650
58937,511
58938,439
58939,617
58940,635
58941,591
58942,674
58943,486
58944,639
58945,554
58946,579
58947,479
58948,406
58949,650
58950,590
58951,476
58952,454
58953,603
58954,558
58955,538
58956,629
58957,466
58958,497
58959,513
58960,412
58961,546
58962,621
58963,420
58964,614
58965,543
58966,511
58967,477
58968,553
58969,485
58970,475
58971,430
58972,567
58973,682
58974,619
58975,671
58976,599
58977,512
58978,412
58979,459
58980,587
58981,687
58982,454
58983,642
58984,552
58985,568
58986,681
58987,508
58988,435
58989,611
58990,530
58991,458
58992,561
58993,661
58994,558
58995,626
58996,559
58997,697
58998,445
58999,522
59000,613
59001,557
59002,563
59003,681
59004,449
59005,529
59006,662
59007,554
59008,445
59009,647
59010,620
59011,612
59012,401
59013,605
59014,629
59015,591
59016,652
59017,488
59018,414
59019,564
59020,661
59021,444
59022,579
59023,505
59024,547
59025,589
59026,528
59027,604
59028,429
59029,409
59030,508
59031,549
59032,684
59033,538
59034,553
59035,546
59036,435
59037,583
59038,664
59039,534
59040,417
59041,536
59042,597
59043,444
59044,478
59045,486
59046,608
59047,623
59048,652
59049,559
59050,628
59051,594
59052,543
59053,529
59054,440
59055,578
59056,413
59057,631
59058,426
59059,409
59060,484
59061,401
59062,606
59063,488
59064,520
59065,429
59066,408
59067,528
59068,603
59069,537
59070,544
59071,573
59072,448
59073,642
59074,489
59075,499
59076,602
59077,607
59078,492
59079,636
59080,673
59081,666
59082,600
59083,649
59084,495
59085,625
59086,503
59087,543
59088,536
59089,467
59090,572
59091,401
59092,518
59093,519
59094,677
59095,548
59096,618
59097,582
59098,403
59099,457
59100,597
59101,425
59102,512
59103,596
59104,628
59105,497
59106,599
59107,420
59108,585
59109,574
59110,678
59111,607
59112,490
59113,662
59114,615
59115,652
59116,430
59117,524
59118,595
59119,690
59120,433
59121,630
59122,414
59123,569
59124,545
59125,605
59126,437
59127,428
59128,409
59129,672
59130,514
59131,483
59132,480
59133,470
59134,455
59135,699
59136,621
59137,503
59138,632
59139,577
59140,473
59141,687
59142,452
59143,656
59144,517
59145,617
59146,429
59147,664
59148,507
59149,688
59150,681
59151,697
59152,601
59153,697
59154,495
59155,438
59156,647
59157,639
59158,579
59159,560
59160,554
59161,556
59162,609
59163,510
59164,683
59165,665
59166,543
59167,499
59168,656
59169,517
59170,612
59171,531
59172,514
59173,690
59174,515
59175,456
59176,551
59177,675
59178,565
59179,551
59180,611
59181,679
59182,501
59183,652
59184,680
59185,480
59186,672
59187,457
59188,401
59189,408
59190,590
59191,522
59192,503
59193,482
59194,508
59195,519
59196,627
59197,666
59198,505
59199,616
59200,527
59201,685
59202,548
59203,550
59204,460
59205,557
59206,573
59207,673
59208,643
59209,572
59210,458
59211,509
59212,614
59213,464
59214,651
59215,697
59216,547
59217,627
59218,698
59219,607
59220,596
59221,642
59222,590
59223,570
59224,641
59225,657
59226,550
59227,699
59228,636
59229,552
59230,690
59231,464
59232,649
59233,589
59234,558
59235,431
59236,459
59237,578
59238,635
59239,586
59240,604
59241,514
59242,653
59243,467
59244,622
59245,571
59246,609
59247,526
59248,557
59249,487
59250,453
59251,447
59252,690
59253,425
59254,487
59255,506
59256,636
59257,603
59258,468
59259,479
59260,556
59261,525
59262,424
59263,426
59264,421
59265,627
59266,603
59267,664
59268,453
59269,498
59270,482
59271,619
59272,407
59273,511
59274,652
59275,623
59276,612
59277,537
59278,543
59279,410
59280,418
59281,451
59282,604
59283,542
59284,441
59285,495
59286,565
59287,485
59288,483
59289,598
59290,549
59291,449
59292,523
59293,418
59294,471
59295,545
59296,665
59297,449
59298,448
59299,498
59300,422
59301,475
59302,512
59303,682
59304,405
59305,679
59306,485
59307,469
59308,697
59309,575
59310,630
59311,486
59312,507
59313,606
59314,621
59315,624
59316,581
59317,546
59318,600
59319,470
59320,423
59321,537
59322,548
59323,463
59324,540
59325,641
59326,646
59327,470
59328,647
59329,504
59330,451
59331,657
59332,518
59333,403
59334,451
59335,406
59336,400
59337,585
59338,589
59339,513
59340,593
59341,454
59342,516
59343,668
59344,683
59345,669
59346,671
59347,497
59348,568
59349,556
59350,674
59351,547
59352,676
59353,547
59354,490
59355,443
59356,637
59357,513
59358,488
59359,401
59360,570
59361,487
59362,624
59363,546
59364,489
59365,568
59366,490
59367,413
59368,547
59369,690
59370,456
59371,401
59372,465
59373,486
59374,644
59375,636
59376,488
59377,451
59378,602
59379,608
59380,542
59381,514
59382,686
59383,461
59384,433
59385,691
59386,520
59387,503
59388,443
59389,590
59390,646
59391,417
59392,507
59393,425
59394,605
59395,495
59396,679
59397,622
59398,631
59399,599
59400,438
59401,599
59402,558
59403,566
59404,623
59405,676
59406,678
59407,453
59408,563
59409,542
59410,475
59411,629
59412,464
59413,629
59414,516
59415,639
59416,656
59417,420
59418,456
59419,546
59420,428
59421,617
59422,433
59423,453
59424,431
59425,429
59426,428
59427,670
59428,478
59429,634
59430,545
59431,565
59432,485
59433,565
59434,454
59435,652
59436,452
59437,541
59438,446
59439,494
59440,610
59441,539
59442,662
59443,541
59444,541
59445,578
59446,642
59447,541
59448,499
59449,507
59450,692
59451,595
59452,671
59453,642
59454,623
59455,511
59456,687
59457,557
59458,547
59459,585
59460,428
59461,634
59462,426
59463,650
59464,420
59465,491
59466,571
59467,513
59468,497
59469,654
59470,421
59471,441
59472,520
59473,610
59474,589
59475,535
59476,683
59477,452
59478,528
59479,478
59480,622
59481,608
59482,612
59483,423
59484,589
59485,583
59486,613
59487,492
59488,507
59489,603
59490,675
59491,433
59492,670
59493,644
59494,526
59495,659
59496,541
59497,592
59498,449
59499,638
59500,634
59501,449
59502,492
59503,647
59504,641
59505,496
59506,499
59507,626
59508,554
59509,429
59510,559
59511,610
59512,677
59513,612
59514,468
59515,548
59516,655
59517,455
59518,629
59519,558
59520,494
59521,638
59522,570
59523,615
59524,645
59525,545
59526,684
59527,523
59528,588
59529,667
59530,492
59531,588
59532,470
59533,543
59534,527
59535,411
59536,612
59537,459
59538,683
59539,494
59540,471
59541,509
59542,681
59543,511
59544,558
59545,610
59546,650
59547,512
59548,404
59549,540
59550,642
59551,518
59552,527
59553,483
59554,643
59555,512
59556,563
59557,514
59558,503
59559,579
59560,688
59561,631
59562,557
59563,495
59564,630
59565,677
59566,663
59567,436
59568,498
59569,628
59570,588
59571,485
59572,464
59573,502
59574,511
59575,467
59576,536
59577,535
59578,613
59579,640
59580,484
59581,447
59582,555
59583,500
59584,480
59585,527
59586,558
59587,636
59588,458
59589,636
59590,688
59591,494
59592,521
59593,520
59594,435
59595,612
59596,625
59597,689
59598,460
59599,587
59600,639
59601,402
59602,405
59603,659
59604,500
59605,565
59606,563
59607,689
59608,405
59609,426
59610,438
59611,674
59612,495
59613,561
59614,488
59615,646
59616,423
59617,552
59618,642
59619,597
59620,429
59621,606
59622,620
59623,453
59624,477
59625,519
59626,680
59627,636
59628,660
59629,401
59630,479
59631,590
59632,523
59633,581
59634,523
59635,416
59636,430
59637,533
59638,622
59639,469
59640,691
59641,492
59642,472
59643,537
59644,423
59645,567
59646,657
59647,675
59648,688
59649,413
59650,454
59651,692
59652,615
59653,483
59654,560
59655,627
59656,483
59657,597
59658,599
59659,578
59660,588
59661,555
59662,627
59663,571
59664,610
59665,456
59666,553
59667,424
59668,670
59669,601
59670,497
59671,476
59672,510
59673,522
59674,453
59675,605
59676,566
59677,675
59678,488
59679,410
59680,451
59681,612
59682,453
59683,646
59684,468
59685,406
59686,539
59687,623
59688,468
59689,603
59690,520
59691,691
59692,676
59693,653
59694,546
59695,402
59696,587
59697,499
59698,556
59699,601
59700,584
59701,439
59702,602
59703,546
59704,641
59705,578
59706,448
59707,579
59708,549
59709,638
59710,607
59711,608
59712,646
59713,406
59714,518
59715,430
59716,406
59717,634
59718,680
59719,688
59720,494
59721,437
59722,525
59723,659
59724,575
59725,500
59726,592
59727,480
59728,460
59729,528
59730,405
59731,420
59732,594
59733,427
59734,539
59735,634
59736,492
59737,536
59738,481
59739,652
59740,627
59741,634
59742,434
59743,526
59744,658
59745,527
59746,452
59747,499
59748,593
59749,639
59750,648
59751,692
59752,606
59753,500
59754,614
59755,699
59756,463
59757,638
59758,523
59759,405
59760,624
59761,548
59762,456
59763,555
59764,484
59765,423
59766,514
59767,491
59768,590
59769,421
59770,433
59771,648
59772,436
59773,696
59774,620
59775,625
59776,698
59777,677
59778,420
59779,451
59780,659
59781,607
59782,406
59783,568
59784,537
59785,589
59786,539
59787,555
59788,457
59789,583
59790,653
59791,545
59792,584
59793,577
59794,526
59795,444
59796,589
59797,592
59798,454
59799,693
59800,659
59801,414
59802,548
59803,548
59804,650
59805,653
59806,613
59807,507
59808,434
59809,659
59810,626
59811,619
59812,539
59813,453
59814,685
59815,664
59816,674
59817,509
59818,444
59819,678
59820,660
59821,611
59822,594
59823,518
59824,593
59825,442
59826,657
59827,575
59828,695
59829,498
59830,595
59831,516
59832,563
59833,695
59834,524
59835,688
59836,546
59837,570
59838,600
59839,460
59840,540
59841,569
59842,624
59843,633
59844,673
59845,620
59846,630
59847,512
59848,648
59849,447
59850,483
59851,563
59852,486
59853,572
59854,544
59855,649
59856,432
59857,547
59858,593
59859,525
59860,528
59861,562
59862,528
59863,570
59864,474
59865,655
59866,615
59867,630
59868,636
59869,495
59870,582
59871,520
59872,594
59873,649
59874,510
59875,471
59876,451
59877,554
59878,594
59879,425
59880,626
59881,608
59882,620
59883,685
59884,652
59885,501
59886,664
59887,575
59888,583
59889,592
59890,594
59891,420
59892,685
59893,456
59894,454
59895,401
59896,421
59897,540
59898,488
59899,698
59900,474
59901,473
59902,635
59903,564
59904,616
59905,690
59906,418
59907,683
59908,587
59909,537
59910,679
59911,601
59912,557
59913,632
59914,514
59915,624
59916,444
59917,616
59918,517
59919,680
59920,501
59921,531
59922,611
59923,601
59924,686
59925,546
59926,657
59927,659
59928,693
59929,432
59930,417
59931,559
59932,514
59933,607
59934,560
59935,689
59936,446
59937,451
59938,451
59939,570
59940,505
59941,497
59942,608
59943,530
59944,621
59945,622
59946,526
59947,525
59948,529
59949,595
59950,443
59951,693
59952,587
59953,643
59954,490
59955,414
59956,581
59957,461
59958,477
59959,673
59960,650
59961,470
59962,423
59963,693
59964,533
59965,645
59966,601
59967,421
59968,560
59969,614
59970,445
59971,504
59972,569
59973,484
59974,476
59975,441
59976,412
59977,690
59978,408
59979,412
59980,421
59981,439
59982,526
59983,568
59984,662
59985,621
59986,622
59987,520
59988,621
59989,478
59990,498
59991,634
59992,585
59993,678
59994,580
59995,692
59996,675
59997,635
59998,545
59999,467
